complaint_id,complaint_type,address,street_number_from,direction,street_name,street_type,inspector,complaint_date,complaint_detail,data_source,resolution,resolved_date,latitude,longitude,location,date,day_of_week,month,nearest_sensor,distance_to_sensor_m,neighborhood,neighborhood_secondary
601736618,Air Pollution Work Order,6010 S MOODY AVE,6010,S,MOODY,AVE,425726.0,2025-09-01,Sewer/rotten egg smell outside house&nbsp;,DEPT. OF PUBLIC HEALTH,Resolved,2025-09-04,41.78291558791231,-87.77549699873101,"{'type': 'Point', 'coordinates': [-87.775496998731, 41.782915587912]}",2025-09-01,Monday,9,Clearing 2,703.3,Clearing,MIDWAY AIRPORT
601736610,Air Pollution Work Order,6025 S MOZART ST,6025,S,MOZART,ST,425726.0,2025-09-02,,DEPT. OF PUBLIC HEALTH,Resolved,2025-09-02,41.7837970273526,-87.6945947585113,"{'type': 'Point', 'coordinates': [-87.694594758511, 41.783797027353]}",2025-09-02,Tuesday,9,Gage Park 3,945.4,Chicago Lawn,"MARQUETTE PARK,GAGE PARK"
601737560,Air Pollution Work Order,3538 W 59TH PL,3538,W,59TH,PL,425726.0,2025-09-02,There is a strong smell of sewage and feces in the air at night time. The smell is really strong. Maybe the sewage lines needcleaning,DEPT. OF PUBLIC HEALTH,Resolved,2025-09-04,41.78531173085415,-87.7121375202897,"{'type': 'Point', 'coordinates': [-87.71213752029, 41.785311730854]}",2025-09-02,Tuesday,9,West Elsdon 2,827.1,Chicago Lawn,"MARQUETTE PARK,GAGE PARK"
601736582,Air Pollution Work Order,8633 S HONORE ST,8633,S,HONORE,ST,84397.0,2025-09-02,,DEPT. OF PUBLIC HEALTH,Alleged violation not found,2025-09-02,41.7365369981449,-87.66901152314952,"{'type': 'Point', 'coordinates': [-87.66901152315, 41.736536998145]}",2025-09-02,Tuesday,9,Auburn Gresham 5,302.0,Auburn Gresham,AUBURN GRESHAM
601736641,Air Pollution Work Order,4805 S TRIPP AVE,4805,S,TRIPP,AVE,10937.0,2025-09-02,It's the water plant by Central Ave and Pershing. It smells really horrible today. I went out andwanted to vomit from the smell. Im still sick over it. The smell penetrantes your clothes. It'sextremely horrible. Fix the smell or give us notice before it starts,DEPT. OF PUBLIC HEALTH,Complaint Valid,2025-09-04,41.80576406805696,-87.72949899526884,"{'type': 'Point', 'coordinates': [-87.729498995269, 41.805764068057]}",2025-09-02,Tuesday,9,Archer Heights 4,730.8,Archer Heights,"ARCHER HEIGHTS,WEST ELSDON"
601737607,Air Pollution Work Order,2701 E 100TH ST,2701,E,100TH,ST,451826.0,2025-09-02,,DEPT. OF PUBLIC HEALTH,Alleged violation not found,2025-09-04,41.71324291275156,-87.55803846897774,"{'type': 'Point', 'coordinates': [-87.558038468978, 41.713242912752]}",2025-09-02,Tuesday,9,South Deering 2,442.3,South Deering,SOUTHEAST SIDE
601737409,Air Pollution Work Order,4300 W CULLERTON ST,4300,W,CULLERTON,ST,431068.0,2025-09-02,This company did landscaping on the corner and had piles of dirt they were blowing. They blew dust in the air on cars thephoto shows some activity but a video show more although I couldn’t upload it.,DEPT. OF PUBLIC HEALTH,Alleged violation unfounded,2025-09-04,41.85441733318475,-87.73227709550935,"{'type': 'Point', 'coordinates': [-87.732277095509, 41.854417333185]}",2025-09-02,Tuesday,9,North Lawndale 5,380.4,North Lawndale,NORTH LAWNDALE
601736605,Air Pollution Work Order,6102 S WHIPPLE ST,6102,S,WHIPPLE,ST,425726.0,2025-09-02,ENTIRE AREA SMELLS OF SEWAGE,DEPT. OF PUBLIC HEALTH,Resolved,2025-09-02,41.782512601888136,-87.69972668376049,"{'type': 'Point', 'coordinates': [-87.69972668376, 41.782512601888]}",2025-09-02,Tuesday,9,Chicago Lawn 1,654.9,Chicago Lawn,"MARQUETTE PARK,GAGE PARK"
601737113,Air Pollution Work Order,6406 S MOZART ST,6406,S,MOZART,ST,425726.0,2025-09-02,The Odor is so strong that it’s coming in the house : The smell is choking : I noticed it upon waking up at 6:45am .,DEPT. OF PUBLIC HEALTH,Resolved,2025-09-04,41.77701290809585,-87.69470481359726,"{'type': 'Point', 'coordinates': [-87.694704813597, 41.777012908096]}",2025-09-02,Tuesday,9,Chicago Lawn 2,656.2,Chicago Lawn,"MARQUETTE PARK,GAGE PARK"
601736634,Air Pollution Work Order,5408 S CALIFORNIA AVE,5408,S,CALIFORNIA,AVE,425726.0,2025-09-02,Woke up to the smell of sewage inside my house. Neighbors also had similar complaints in my neighborhood,DEPT. OF PUBLIC HEALTH,Resolved,2025-09-02,41.79519572178526,-87.693986432477,"{'type': 'Point', 'coordinates': [-87.693986432477, 41.795195721785]}",2025-09-02,Tuesday,9,Gage Park 3,849.8,Gage Park,"MARQUETTE PARK,GAGE PARK"
601736578,Air Pollution Work Order,9363 S LONGWOOD DR,9363,S,LONGWOOD,DR,249349.0,2025-09-02,Strong chemical odor pervasive in the neighborhood occurs randomly throughout the year. Different smell than the sewersmells that come up when no rain. Smells like industrial chemical burn off.,DEPT. OF PUBLIC HEALTH,Alleged violation not found,2025-09-02,41.72357833558875,-87.66811331147206,"{'type': 'Point', 'coordinates': [-87.668113311472, 41.723578335589]}",2025-09-02,Tuesday,9,Beverly 2,725.5,Beverly,BEVERLY
601736587,Air Pollution Work Order,7839 S HONORE ST,7839,S,HONORE,ST,84397.0,2025-09-02,Foul odor (smells like death)coming from Garage of 7843 S. Honore Street Chiago. IL 60620 and all down the alley,DEPT. OF PUBLIC HEALTH,Resolved,2025-09-02,41.75093616850917,-87.66936622114949,"{'type': 'Point', 'coordinates': [-87.669366221149, 41.750936168509]}",2025-09-02,Tuesday,9,Auburn Gresham 1,146.6,Auburn Gresham,AUBURN GRESHAM
601737835,Air Pollution Work Order,2615 W 35TH PL,2615,W,35TH,PL,249349.0,2025-09-03,Strong chemical smell in the air when I was walking my dog in the 2-block radius of 35th Pl &amp; Rockwell at approx.10:30pm on 9/3. Odor smelled like asphalt and rubber,DEPT. OF PUBLIC HEALTH,Alleged violation not found,2025-09-04,41.829152133343726,-87.69055385115577,"{'type': 'Point', 'coordinates': [-87.690553851156, 41.829152133344]}",2025-09-03,Wednesday,9,McKinley Park 1,416.4,Brighton Park,"BRIGHTON PARK,MCKINLEY PARK"
601737576,Air Pollution Work Order,2235 W POLK ST,2235,W,POLK,ST,3308.0,2025-09-03,,DEPT. OF PUBLIC HEALTH,Alleged violation not found,2025-09-03,41.871273653059816,-87.68255618902441,"{'type': 'Point', 'coordinates': [-87.682556189024, 41.87127365306]}",2025-09-03,Wednesday,9,Near West Side 7,647.9,"Little Italy, UIC","LITTLE ITALY, UIC"
601737572,Air Pollution Work Order,2016 N HOWE ST,2016,N,HOWE,ST,379542.0,2025-09-03,,DEPT. OF PUBLIC HEALTH,Resolved,2025-09-05,41.91876566940577,-87.64505488740535,"{'type': 'Point', 'coordinates': [-87.645054887405, 41.918765669406]}",2025-09-03,Wednesday,9,Lincoln Park 2,737.1,Lincoln Park,LINCOLN PARK
601737806,Air Pollution Work Order,3424 E 106TH ST,3424,E,106TH,ST,13776.0,2025-09-03,,DEPT. OF PUBLIC HEALTH,Resolved,2025-09-04,41.702863949351226,-87.54024591132439,"{'type': 'Point', 'coordinates': [-87.540245911324, 41.702863949351]}",2025-09-03,Wednesday,9,East Side 3,413.9,East Side,SOUTHEAST SIDE
601737780,Air Pollution Work Order,6338 W WARWICK AVE,6338,W,WARWICK,AVE,437489.0,2025-09-03,&nbsp;Construction down the street and now callers home smells like sewer,DEPT. OF PUBLIC HEALTH,Alleged violation not found,2025-09-05,41.94850928269677,-87.78548585280767,"{'type': 'Point', 'coordinates': [-87.785485852808, 41.948509282697]}",2025-09-03,Wednesday,9,Dunning 4,390.2,Dunning,DUNNING
601737603,Air Pollution Work Order,2700 S PULASKI RD,2700,S,PULASKI,RD,437489.0,2025-09-03,Awful smell coming from outdoors. The fire department confirmed that there are nofires nearby. Toxic air quality.&nbsp;,DEPT. OF PUBLIC HEALTH,Alleged violation not found,2025-09-03,41.842316658230445,-87.72464503837854,"{'type': 'Point', 'coordinates': [-87.724645038379, 41.84231665823]}",2025-09-03,Wednesday,9,South Lawndale 3,453.9,Little Village,LITTLE VILLAGE
601737756,Air Pollution Work Order,201 S WABASH AVE,201,S,WABASH,AVE,379542.0,2025-09-03,person with jackhammer is causing a lot of dust in the air at this location&nbsp;,DEPT. OF PUBLIC HEALTH,Resolved,2025-09-05,41.87946152160405,-87.6259768547428,"{'type': 'Point', 'coordinates': [-87.625976854743, 41.879461521604]}",2025-09-03,Wednesday,9,Loop 2,620.5,Loop,LOOP
601737800,Air Pollution Work Order,3816 S HONORE ST,3816,S,HONORE,ST,417337.0,2025-09-03,Smell started around 7:30 and it’s getting worse. Now it’s about 11am,DEPT. OF PUBLIC HEALTH,Alleged violation unfounded,2025-09-05,41.82442535171217,-87.67159437948601,"{'type': 'Point', 'coordinates': [-87.671594379486, 41.824425351712]}",2025-09-03,Wednesday,9,McKinley Park 2,396.2,Mckinley Park,"BRIGHTON PARK,MCKINLEY PARK"
601737815,Air Pollution Work Order,2701 E 100TH ST,2701,E,100TH,ST,451826.0,2025-09-03,&nbsp;smells like something dead,DEPT. OF PUBLIC HEALTH,Resolved,2025-09-04,41.71324291275156,-87.55803846897774,"{'type': 'Point', 'coordinates': [-87.558038468978, 41.713242912752]}",2025-09-03,Wednesday,9,South Deering 2,442.3,South Deering,SOUTHEAST SIDE
601737108,Air Pollution Work Order,9939 S ESCANABA AVE,9939,S,ESCANABA,AVE,451826.0,2025-09-03,,DEPT. OF PUBLIC HEALTH,Alleged violation not found,2025-09-04,41.71427100566041,-87.55356612992409,"{'type': 'Point', 'coordinates': [-87.553566129924, 41.71427100566]}",2025-09-03,Wednesday,9,South Deering 2,114.3,South Deering,SOUTHEAST SIDE
601737812,Air Pollution Work Order,3306 N OSCEOLA AVE,3306,N,OSCEOLA,AVE,379542.0,2025-09-03,CALLER STATES THERE WERE CHEMICALS IN THE HOME THAT WERE MAKING HER NOT FEEL WELL,DEPT. OF PUBLIC HEALTH,Refer to Building Dept,2025-09-04,41.93993654631573,-87.81307187488291,"{'type': 'Point', 'coordinates': [-87.813071874883, 41.939936546316]}",2025-09-03,Wednesday,9,Dunning 2,1109.8,Dunning,DUNNING
601738434,Air Pollution Work Order,4628 S FRANCISCO AVE,4628,S,FRANCISCO,AVE,431068.0,2025-09-04,caller says there is a gas smell in the area,DEPT. OF PUBLIC HEALTH,Referred to another agency,2025-09-05,41.80917333571053,-87.69682724307023,"{'type': 'Point', 'coordinates': [-87.69682724307, 41.809173335711]}",2025-09-04,Thursday,9,Brighton Park 3,840.6,Brighton Park,"BRIGHTON PARK,MCKINLEY PARK"
601738429,Air Pollution Work Order,10002 S TORRENCE AVE,10002,S,TORRENCE,AVE,451826.0,2025-09-04,,DEPT. OF PUBLIC HEALTH,Refer to StreetsSanitation,2025-09-05,41.71332321880152,-87.5598940526423,"{'type': 'Point', 'coordinates': [-87.559894052642, 41.713323218802]}",2025-09-04,Thursday,9,South Deering 2,595.8,South Deering,SOUTHEAST SIDE
601737764,Air Pollution Work Order,1668 W OGDEN AVE,1668,W,OGDEN,AVE,425726.0,2025-09-04,,DEPT. OF PUBLIC HEALTH,Resolved,2025-09-09,41.87937144103597,-87.66878715166439,"{'type': 'Point', 'coordinates': [-87.668787151664, 41.879371441036]}",2025-09-04,Thursday,9,Near West Side 2,162.6,United Center,UNITED CENTER
601737948,Air Pollution Work Order,1923 N CLEVELAND AVE,1923,N,CLEVELAND,AVE,417337.0,2025-09-04,,DEPT. OF PUBLIC HEALTH,Complaint Valid,2025-09-04,41.91718586202985,-87.64106559825893,"{'type': 'Point', 'coordinates': [-87.641065598259, 41.91718586203]}",2025-09-04,Thursday,9,Lincoln Park 2,585.8,Old Town,OLD TOWN
601739264,Air Pollution Work Order,1438 W HOLLYWOOD AVE,1438,W,HOLLYWOOD,AVE,3308.0,2025-09-05,,DEPT. OF PUBLIC HEALTH,Alleged violation not found,2025-09-08,41.98558505089998,-87.66652378198376,"{'type': 'Point', 'coordinates': [-87.666523781984, 41.9855850509]}",2025-09-05,Friday,9,Edgewater 1,631.1,Edgewater,EDGEWATER
601738848,Air Pollution Work Order,2936 W 47TH ST,2936,W,47TH,ST,470070.0,2025-09-05,"Residents report an indescribable odor, similar to gas smell. Odor is all over the air near Acero School.",DEPT. OF PUBLIC HEALTH,Resolved,2025-09-08,41.80832698306038,-87.69809058393811,"{'type': 'Point', 'coordinates': [-87.698090583938, 41.80832698306]}",2025-09-05,Friday,9,Gage Park 1,737.1,Brighton Park,"BRIGHTON PARK,MCKINLEY PARK"
601739241,Air Pollution Work Order,23 W CHICAGO AVE,23,W,CHICAGO,AVE,431068.0,2025-09-05,,DEPT. OF PUBLIC HEALTH,Refer to Building Dept,2025-09-08,41.89655372407749,-87.62919269256527,"{'type': 'Point', 'coordinates': [-87.629192692565, 41.896553724077]}",2025-09-05,Friday,9,Near North Side 4,656.5,Rush & Division,RUSH & DIVISION
601738452,Air Pollution Work Order,2050 W CUYLER AVE,2050,W,CUYLER,AVE,443615.0,2025-09-05,,DEPT. OF PUBLIC HEALTH,Alleged violation founded,2025-09-05,41.95517819210151,-87.6809003586698,"{'type': 'Point', 'coordinates': [-87.68090035867, 41.955178192102]}",2025-09-05,Friday,9,Lake View 1,1020.6,North Center,NORTH CENTER
601738945,Air Pollution Work Order,2451 S MILLARD AVE,2451,S,MILLARD,AVE,431068.0,2025-09-05,"caller says owner is demolishing building without permits, dust everywhere",DEPT. OF PUBLIC HEALTH,Alleged violation not found,2025-09-08,41.84652229230161,-87.71592341561447,"{'type': 'Point', 'coordinates': [-87.715923415614, 41.846522292302]}",2025-09-05,Friday,9,South Lawndale 3,754.9,Little Village,LITTLE VILLAGE
601738837,Air Pollution Work Order,6001 S MICHIGAN AVE,6001,S,MICHIGAN,AVE,84397.0,2025-09-06,,DEPT. OF PUBLIC HEALTH,Alleged violation not found,2025-09-08,41.7854937625779,-87.62208183093337,"{'type': 'Point', 'coordinates': [-87.622081830933, 41.785493762578]}",2025-09-06,Saturday,9,Washington Park 1,572.5,Washington Park,WASHINGTON PARK
601739256,Air Pollution Work Order,2401 S LOOMIS ST,2401,S,LOOMIS,ST,470070.0,2025-09-06,"Strong smell, maybe garbage? Smelled just before driving over the bridge, by 2500 block of south Loomis. Terrible strong smell.",DEPT. OF PUBLIC HEALTH,Resolved,2025-09-08,41.84859455665802,-87.66091307275823,"{'type': 'Point', 'coordinates': [-87.660913072758, 41.848594556658]}",2025-09-06,Saturday,9,Lower West Side 2,832.1,Lower West Side,LOWER WEST SIDE
601738842,Air Pollution Work Order,4923 S KOLIN AVE,4923,S,KOLIN,AVE,470070.0,2025-09-06,Real strong sewer smell in the evenings,DEPT. OF PUBLIC HEALTH,Resolved,2025-09-08,41.80339477662296,-87.73187990132618,"{'type': 'Point', 'coordinates': [-87.731879901326, 41.803394776623]}",2025-09-06,Saturday,9,Archer Heights 4,456.2,Archer Heights,"ARCHER HEIGHTS,WEST ELSDON"
601738845,Air Pollution Work Order,4825 S KEELER AVE,4825,S,KEELER,AVE,470070.0,2025-09-06,ARCHER HEIGHTS AREA SMELLS LIKE SEWAGE PER CALLER,DEPT. OF PUBLIC HEALTH,Resolved,2025-09-08,41.80521026422345,-87.72825961437489,"{'type': 'Point', 'coordinates': [-87.728259614375, 41.805210264223]}",2025-09-06,Saturday,9,Archer Heights 3,689.2,Archer Heights,"ARCHER HEIGHTS,WEST ELSDON"
601738839,Air Pollution Work Order,5811 S MARYLAND AVE,5811,S,MARYLAND,AVE,249349.0,2025-09-06,Riverbank,DEPT. OF PUBLIC HEALTH,Alleged violation not found,2025-09-08,41.78915502230113,-87.60481538174268,"{'type': 'Point', 'coordinates': [-87.604815381743, 41.789155022301]}",2025-09-06,Saturday,9,Hyde Park 4,393.8,Hyde Park,HYDE PARK
601739004,Air Pollution Work Order,1923 N CLEVELAND AVE,1923,N,CLEVELAND,AVE,437489.0,2025-09-07,,DEPT. OF PUBLIC HEALTH,Alleged violation founded,2025-09-08,41.91718586202985,-87.64106559825893,"{'type': 'Point', 'coordinates': [-87.641065598259, 41.91718586203]}",2025-09-07,Sunday,9,Lincoln Park 2,585.8,Old Town,OLD TOWN
601740105,Air Pollution Work Order,4455 N KILBOURN AVE,4455,N,KILBOURN,AVE,417337.0,2025-09-08,,DEPT. OF PUBLIC HEALTH,Alleged violation unfounded,2025-09-08,41.96245273202327,-87.74112385308403,"{'type': 'Point', 'coordinates': [-87.741123853084, 41.962452732023]}",2025-09-08,Monday,9,Irving Park 1,281.2,Irving Park,"IRVING PARK,AVONDALE"
601739260,Air Pollution Work Order,2055 W PERSHING RD,2055,W,PERSHING,RD,417337.0,2025-09-08,It has smelled like petrochemicals for over 1 hour. I noticed at 6:30 am on 9/8/25. The fumes cause irritation to Nose.,DEPT. OF PUBLIC HEALTH,Alleged violation unfounded,2025-09-08,41.822972765727336,-87.67702220737627,"{'type': 'Point', 'coordinates': [-87.677022207376, 41.822972765727]}",2025-09-08,Monday,9,McKinley Park 2,815.1,New City,BACK OF THE YARDS
601740107,Air Pollution Work Order,10212 S HOXIE AVE,10212,S,HOXIE,AVE,13776.0,2025-09-08,"The air quality is poor in this area, coming from an industrial plant located on 2701 E. 100th Street. The smell of chemical burning or smell of chemicals coming from the plant is horrible. In this area, residents can't open the windows due to the smell.",DEPT. OF PUBLIC HEALTH,Resolved,2025-09-09,41.70951931761528,-87.5610546209997,"{'type': 'Point', 'coordinates': [-87.561054621, 41.709519317615]}",2025-09-08,Monday,9,South Deering 2,819.1,South Deering,SOUTHEAST SIDE
601739915,Air Pollution Work Order,1923 N CLEVELAND AVE,1923,N,CLEVELAND,AVE,437489.0,2025-09-08,,DEPT. OF PUBLIC HEALTH,Complaint Valid,2025-09-08,41.91718586202985,-87.64106559825893,"{'type': 'Point', 'coordinates': [-87.641065598259, 41.91718586203]}",2025-09-08,Monday,9,Lincoln Park 2,585.8,Old Town,OLD TOWN
601738952,Air Pollution Work Order,2055 W PERSHING RD,2055,W,PERSHING,RD,417337.0,2025-09-08,,DEPT. OF PUBLIC HEALTH,Alleged violation unfounded,2025-09-08,41.822972765727336,-87.67702220737627,"{'type': 'Point', 'coordinates': [-87.677022207376, 41.822972765727]}",2025-09-08,Monday,9,McKinley Park 2,815.1,New City,BACK OF THE YARDS
601738854,Air Pollution Work Order,2701 E 100TH ST,2701,E,100TH,ST,13776.0,2025-09-08,,DEPT. OF PUBLIC HEALTH,Resolved,2025-09-08,41.71324291275156,-87.55803846897774,"{'type': 'Point', 'coordinates': [-87.558038468978, 41.713242912752]}",2025-09-08,Monday,9,South Deering 2,442.3,South Deering,SOUTHEAST SIDE
601739557,Air Pollution Work Order,2000 E 122ND ST,2000,E,122ND,ST,10937.0,2025-09-08,The smell of burning wood is coming from Whole Earth compost and foul odors as well. Smoke visible from road as well,DEPT. OF PUBLIC HEALTH,Resolved,2025-09-09,41.67378835745285,-87.57352974030779,"{'type': 'Point', 'coordinates': [-87.573529740308, 41.673788357453]}",2025-09-08,Monday,9,South Deering 6,799.5,South Deering,SOUTHEAST SIDE
601740665,Air Pollution Work Order,9363 S LONGWOOD DR,9363,S,LONGWOOD,DR,13776.0,2025-09-09,,DEPT. OF PUBLIC HEALTH,Resolved,2025-09-10,41.72357833558875,-87.66811331147206,"{'type': 'Point', 'coordinates': [-87.668113311472, 41.723578335589]}",2025-09-09,Tuesday,9,Beverly 2,725.5,Beverly,BEVERLY
601740660,Air Pollution Work Order,5636 S WINCHESTER AVE,5636,S,WINCHESTER,AVE,451826.0,2025-09-09,per resident her neighbor at 5636 S Winchester is frequently burning wood. late at night,DEPT. OF PUBLIC HEALTH,Alleged violation not found,2025-09-12,41.79095417027987,-87.67314806846926,"{'type': 'Point', 'coordinates': [-87.673148068469, 41.79095417028]}",2025-09-09,Tuesday,9,West Englewood 1,321.7,Englewood,ENGLEWOOD
601739935,Air Pollution Work Order,2055 W PERSHING RD,2055,W,PERSHING,RD,417337.0,2025-09-09,,DEPT. OF PUBLIC HEALTH,Alleged violation unfounded,2025-09-10,41.822972765727336,-87.67702220737627,"{'type': 'Point', 'coordinates': [-87.677022207376, 41.822972765727]}",2025-09-09,Tuesday,9,McKinley Park 2,815.1,New City,BACK OF THE YARDS
601740662,Air Pollution Work Order,5742 S ARCHER AVE,5742,S,ARCHER,AVE,443615.0,2025-09-09,This had to have started at 1:30 pm and seems to have died down or stopped 3pm. For a long while it was literally a plume of white smoke. Bad enough to the point where you can see it going above the garage in the picture. Some blonde lady burning stuff.,DEPT. OF PUBLIC HEALTH,Resolved,2025-09-11,41.796810444304754,-87.75602137474215,"{'type': 'Point', 'coordinates': [-87.756021374742, 41.796810444305]}",2025-09-09,Tuesday,9,Garfield Ridge 1,400.2,Garfield Ridge,MIDWAY AIRPORT
601740067,Air Pollution Work Order,12123 S STONY ISLAND AVE,12123,S,STONY ISLAND,AVE,10937.0,2025-09-09,Either the fertilizer company or liquid environmental solutions,DEPT. OF PUBLIC HEALTH,Resolved,2025-09-09,41.67476321784588,-87.57523381974174,"{'type': 'Point', 'coordinates': [-87.575233819742, 41.674763217846]}",2025-09-09,Tuesday,9,South Deering 6,961.7,South Deering,SOUTHEAST SIDE
601740627,Air Pollution Work Order,2701 E 100TH ST,2701,E,100TH,ST,13776.0,2025-09-09,"Pullman Innovations (industrial plant) - located on 2701 E. 100th Street. The air quality is poor in this area. The smell of chemical burning or the smell of chemicals coming from the plant is horrible. In this area, residents can't open the windows due to the smell. Hazard of toxic, flammable gases and or fumes.",DEPT. OF PUBLIC HEALTH,Resolved,2025-09-10,41.71324291275156,-87.55803846897774,"{'type': 'Point', 'coordinates': [-87.558038468978, 41.713242912752]}",2025-09-09,Tuesday,9,South Deering 2,442.3,South Deering,SOUTHEAST SIDE
601739936,Air Pollution Work Order,2055 W PERSHING RD,2055,W,PERSHING,RD,417337.0,2025-09-09,,DEPT. OF PUBLIC HEALTH,Alleged violation unfounded,2025-09-10,41.822972765727336,-87.67702220737627,"{'type': 'Point', 'coordinates': [-87.677022207376, 41.822972765727]}",2025-09-09,Tuesday,9,McKinley Park 2,815.1,New City,BACK OF THE YARDS
601739939,Air Pollution Work Order,2055 W PERSHING RD,2055,W,PERSHING,RD,417337.0,2025-09-09,,DEPT. OF PUBLIC HEALTH,Alleged violation unfounded,2025-09-10,41.822972765727336,-87.67702220737627,"{'type': 'Point', 'coordinates': [-87.677022207376, 41.822972765727]}",2025-09-09,Tuesday,9,McKinley Park 2,815.1,New City,BACK OF THE YARDS
601739931,Air Pollution Work Order,2020 N HALSTED ST,2020,N,HALSTED,ST,437489.0,2025-09-09,Burning rubber / chemical smell every morning around 6:30 - 7:00 AM. Possibly coming from construction site.,DEPT. OF PUBLIC HEALTH,Complaint Valid,2025-09-10,41.91883058862089,-87.64868108652085,"{'type': 'Point', 'coordinates': [-87.648681086521, 41.918830588621]}",2025-09-09,Tuesday,9,Lincoln Park 1,567.7,Lincoln Park,LINCOLN PARK
601741382,Air Pollution Work Order,2055 W PERSHING RD,2055,W,PERSHING,RD,417337.0,2025-09-10,,DEPT. OF PUBLIC HEALTH,Alleged violation not found,2025-09-10,41.822972765727336,-87.67702220737627,"{'type': 'Point', 'coordinates': [-87.677022207376, 41.822972765727]}",2025-09-10,Wednesday,9,McKinley Park 2,815.1,New City,BACK OF THE YARDS
601741452,Air Pollution Work Order,2300 S OAKLEY AVE,2300,S,OAKLEY,AVE,425726.0,2025-09-10,Smells like something dead from 2300 S Oakley to Cermak road,DEPT. OF PUBLIC HEALTH,Resolved,2025-09-12,41.85020467548736,-87.68328760385276,"{'type': 'Point', 'coordinates': [-87.683287603853, 41.850204675487]}",2025-09-10,Wednesday,9,Lower West Side 1,375.5,Lower West Side,LOWER WEST SIDE
601740647,Air Pollution Work Order,2701 E 100TH ST,2701,E,100TH,ST,13776.0,2025-09-10,,DEPT. OF PUBLIC HEALTH,Resolved,2025-09-10,41.71324291275156,-87.55803846897774,"{'type': 'Point', 'coordinates': [-87.558038468978, 41.713242912752]}",2025-09-10,Wednesday,9,South Deering 2,442.3,South Deering,SOUTHEAST SIDE
601741384,Air Pollution Work Order,2055 W PERSHING RD,2055,W,PERSHING,RD,417337.0,2025-09-10,,DEPT. OF PUBLIC HEALTH,Alleged violation not found,2025-09-10,41.822972765727336,-87.67702220737627,"{'type': 'Point', 'coordinates': [-87.677022207376, 41.822972765727]}",2025-09-10,Wednesday,9,McKinley Park 2,815.1,New City,BACK OF THE YARDS
601741463,Air Pollution Work Order,2234 N WASHTENAW AVE,2234,N,WASHTENAW,AVE,3308.0,2025-09-10,,DEPT. OF PUBLIC HEALTH,Alleged violation not found,2025-09-11,41.92273356158211,-87.69570189405849,"{'type': 'Point', 'coordinates': [-87.695701894058, 41.922733561582]}",2025-09-10,Wednesday,9,Logan Square 3,431.4,Logan Square,LOGAN SQUARE
601741403,Air Pollution Work Order,9363 S LONGWOOD DR,9363,S,LONGWOOD,DR,249349.0,2025-09-10,,DEPT. OF PUBLIC HEALTH,Alleged violation not found,2025-09-12,41.72357833558875,-87.66811331147206,"{'type': 'Point', 'coordinates': [-87.668113311472, 41.723578335589]}",2025-09-10,Wednesday,9,Beverly 2,725.5,Beverly,BEVERLY
601741404,Air Pollution Work Order,5663 N CLARK ST,5663,N,CLARK,ST,470070.0,2025-09-10,,DEPT. OF PUBLIC HEALTH,Resolved,2025-09-11,41.98511286358866,-87.66895925792126,"{'type': 'Point', 'coordinates': [-87.668959257921, 41.985112863589]}",2025-09-10,Wednesday,9,Edgewater 1,541.3,Edgewater,EDGEWATER
601741448,Air Pollution Work Order,3203 S HAMILTON AVE,3203,S,HAMILTON,AVE,417337.0,2025-09-10,"The entire McKinley Park neighborhood smelled like asphalt this morning at 8:04 am. I live many blocks away (33rd and Hamilton) from the Mat Asphalt plant, located on Pershing and Damen. As soon as I walked outside with my toddler, there was a strong odor",DEPT. OF PUBLIC HEALTH,Alleged violation not found,2025-09-12,41.83565810852463,-87.67895693111338,"{'type': 'Point', 'coordinates': [-87.678956931113, 41.835658108525]}",2025-09-10,Wednesday,9,Lower West Side 5,833.7,Mckinley Park,"BRIGHTON PARK,MCKINLEY PARK"
601741897,Air Pollution Work Order,1140 W WASHINGTON BLVD,1140,W,WASHINGTON,BLVD,417337.0,2025-09-11,BURNING BLACK TAR CAUSING A TERRIBLE SMELL IN THE NEIGHBORHOOD AND MAKING NEIGHBORS SICK,DEPT. OF PUBLIC HEALTH,Resolved,2025-09-12,41.88310440494673,-87.65596761147738,"{'type': 'Point', 'coordinates': [-87.655967611477, 41.883104404947]}",2025-09-11,Thursday,9,Near West Side 3,238.5,West Loop,WEST LOOP
601741879,Air Pollution Work Order,2756 W PRATT BLVD,2756,W,PRATT,BLVD,470070.0,2025-09-11,,DEPT. OF PUBLIC HEALTH,Resolved,2025-09-12,42.004964074402615,-87.69968672806272,"{'type': 'Point', 'coordinates': [-87.699686728063, 42.004964074403]}",2025-09-11,Thursday,9,West Ridge 6,720.0,West Ridge,WEST RIDGE
601741891,Air Pollution Work Order,2156 N KOSTNER AVE,2156,N,KOSTNER,AVE,443615.0,2025-09-11,"Stella Central FoodPlease visit the intersection at West Palmer &amp; North Kostner, as residents are reporting a sewer/gas like smell coming from the street. Please contact them for additional context or information. Thank you.",DEPT. OF PUBLIC HEALTH,Refer to other Depts,2025-09-12,41.92059826257159,-87.73657827532323,"{'type': 'Point', 'coordinates': [-87.736578275323, 41.920598262572]}",2025-09-11,Thursday,9,Hermosa 2,484.3,Hermosa,"BELMONT CRAIGIN,HERMOSA"
601743229,Air Pollution Work Order,2905 W LOGAN BLVD,2905,W,LOGAN,BLVD,425726.0,2025-09-12,It’s a smell on Logan that has been here for 5 days and hasn’t goneaway,DEPT. OF PUBLIC HEALTH,Resolved,2025-09-15,41.92833244231125,-87.70019529746658,"{'type': 'Point', 'coordinates': [-87.700195297467, 41.928332442311]}",2025-09-12,Friday,9,Logan Square 3,1072.9,Logan Square,LOGAN SQUARE
601743285,Air Pollution Work Order,1313 N RITCHIE CT,1313,N,RITCHIE,CT,470070.0,2025-09-12,COPPER DUST IN UNIT BBA CDEMO COMPLA AIR ODOR LAND TENT,DEPT. OF PUBLIC HEALTH,Resolved,2025-09-15,41.90629354865983,-87.62645967895207,"{'type': 'Point', 'coordinates': [-87.626459678952, 41.90629354866]}",2025-09-12,Friday,9,Near North Side 2,878.5,Gold Coast,GOLD COAST
601743259,Air Pollution Work Order,817 N LAMON AVE,817,N,LAMON,AVE,84397.0,2025-09-12,The people who I am reporting burn garbage everyday,DEPT. OF PUBLIC HEALTH,Resolved,2025-09-17,41.89545982298747,-87.74812317060504,"{'type': 'Point', 'coordinates': [-87.748123170605, 41.895459822987]}",2025-09-12,Friday,9,Austin 3,613.6,Austin,AUSTIN
601743311,Air Pollution Work Order,2150 S CANALPORT AVE,2150,S,CANALPORT,AVE,379542.0,2025-09-12,,DEPT. OF PUBLIC HEALTH,Resolved,2025-09-15,41.8533014640748,-87.649929695282,"{'type': 'Point', 'coordinates': [-87.649929695282, 41.853301464075]}",2025-09-12,Friday,9,Lower West Side 3,198.2,Lower West Side,LOWER WEST SIDE
601741874,Air Pollution Work Order,747 S DEARBORN ST,747,S,DEARBORN,ST,431068.0,2025-09-12,"No business - general, STRONG smell of natural gas on the parkway",DEPT. OF PUBLIC HEALTH,Alleged violation not found,2025-09-12,41.87241879164981,-87.6289875334666,"{'type': 'Point', 'coordinates': [-87.628987533467, 41.87241879165]}",2025-09-12,Friday,9,Near West Side 4,951.0,Printers Row,PRINTERS ROW
601742994,Air Pollution Work Order,7332 S CHAMPLAIN AVE,7332,S,CHAMPLAIN,AVE,13776.0,2025-09-13,,DEPT. OF PUBLIC HEALTH,Alleged violation unfounded,2025-09-15,41.76116902627418,-87.60926116112584,"{'type': 'Point', 'coordinates': [-87.609261161126, 41.761169026274]}",2025-09-13,Saturday,9,Greater Grand Crossing 3,650.2,Grand Crossing,"SOUTH SHORE, GRAND CROSSING"
601742988,Air Pollution Work Order,7431 S CLYDE AVE,7431,S,CLYDE,AVE,13776.0,2025-09-13,THIS SMELL IS COMING FROM INSIDE OF CALLER'S HOME AND IS CAUSING A HEADACHE,DEPT. OF PUBLIC HEALTH,Alleged violation unfounded,2025-09-15,41.75978863990287,-87.5735268896148,"{'type': 'Point', 'coordinates': [-87.573526889615, 41.759788639903]}",2025-09-13,Saturday,9,South Shore 2,586.5,South Shore,"SOUTH SHORE, GRAND CROSSING"
601742961,Air Pollution Work Order,7431 S CLYDE AVE,7431,S,CLYDE,AVE,13776.0,2025-09-14,,DEPT. OF PUBLIC HEALTH,Alleged violation unfounded,2025-09-15,41.75978863990287,-87.5735268896148,"{'type': 'Point', 'coordinates': [-87.573526889615, 41.759788639903]}",2025-09-14,Sunday,9,South Shore 2,586.5,South Shore,"SOUTH SHORE, GRAND CROSSING"
601743270,Air Pollution Work Order,1107 W LAWRENCE AVE,1107,W,LAWRENCE,AVE,3308.0,2025-09-14,Diesel truck illegally idling more than 3 minutes. License plate: 516-4916. Time observed: 2:51 pm,DEPT. OF PUBLIC HEALTH,Alleged violation not found,2025-09-15,41.96893838886728,-87.65793164805889,"{'type': 'Point', 'coordinates': [-87.657931648059, 41.968938388867]}",2025-09-14,Sunday,9,Uptown 2,813.1,Uptown,UPTOWN
601743004,Air Pollution Work Order,4651 N SPAULDING AVE,4651,N,SPAULDING,AVE,425726.0,2025-09-14,There has been a truck blocking the alley for the last 24 hours just north of Kedzie’s Spaulding entrance. The company isthrowing debris off the roof and it’s making the air dusty,DEPT. OF PUBLIC HEALTH,Resolved,2025-09-15,41.96614069380079,-87.7107018032402,"{'type': 'Point', 'coordinates': [-87.71070180324, 41.966140693801]}",2025-09-14,Sunday,9,Albany Park 2,454.0,Albany Park,"NORTH PARK,ALBANY PARK"
601743759,Air Pollution Work Order,4700 W WASHINGTON BLVD,4700,W,WASHINGTON,BLVD,431068.0,2025-09-15,: Caller stated a loud oil smell is in the neighborhood and needed someone to come out and do a check because manyresidents is complaining,DEPT. OF PUBLIC HEALTH,Resolved,2025-09-26,41.88195488707128,-87.74299758359875,"{'type': 'Point', 'coordinates': [-87.742997583599, 41.881954887071]}",2025-09-15,Monday,9,West Garfield Park 1,684.4,Austin,AUSTIN
601776042,Air Pollution Work Order,758 N LARRABEE ST,758,N,LARRABEE,ST,470070.0,2025-09-15,,DEPT. OF PUBLIC HEALTH,Complaint Valid,2025-09-15,41.89647107263033,-87.64308929080951,"{'type': 'Point', 'coordinates': [-87.64308929081, 41.89647107263]}",2025-09-15,Monday,9,Near North Side 4,573.9,River North,RIVER NORTH
601743258,Air Pollution Work Order,443 E 34TH ST,443,E,34TH,ST,379542.0,2025-09-15,,DEPT. OF PUBLIC HEALTH,Resolved,2025-09-15,41.83304473817896,-87.61461136443168,"{'type': 'Point', 'coordinates': [-87.614611364432, 41.833044738179]}",2025-09-15,Monday,9,Douglas 2,735.9,Douglas,BRONZEVILLE
601743683,Air Pollution Work Order,1700 W ALBION AVE,1700,W,ALBION,AVE,425726.0,2025-09-15,Possible Asbestos?,DEPT. OF PUBLIC HEALTH,Resolved,2025-09-17,42.00180083513654,-87.6726064222479,"{'type': 'Point', 'coordinates': [-87.672606422248, 42.001800835137]}",2025-09-15,Monday,9,Rogers Park 2,123.2,Rogers Park,ROGERS PARK
601743006,Air Pollution Work Order,3450 W LE MOYNE ST,3450,W,LE MOYNE,ST,417337.0,2025-09-15,4am chemical smell like pesticides - can't even step outside now really,DEPT. OF PUBLIC HEALTH,Resolved,2025-09-15,41.90831422342183,-87.71387514545478,"{'type': 'Point', 'coordinates': [-87.713875145455, 41.908314223422]}",2025-09-15,Monday,9,Humboldt Park 2,691.4,Humboldt Park,HUMBOLDT PARK
601742839,Air Pollution Work Order,1405 W WILSON AVE,1405,W,WILSON,AVE,443615.0,2025-09-15,,DEPT. OF PUBLIC HEALTH,Alleged violation founded,2025-09-15,41.96517424944084,-87.66565817069272,"{'type': 'Point', 'coordinates': [-87.665658170693, 41.965174249441]}",2025-09-15,Monday,9,Uptown 4,620.6,Uptown,UPTOWN
601742844,Air Pollution Work Order,9856 S MUSKEGON AVE,9856,S,MUSKEGON,AVE,417337.0,2025-09-15,,DEPT. OF PUBLIC HEALTH,Alleged violation unfounded,2025-09-15,41.71564437954683,-87.55526372432554,"{'type': 'Point', 'coordinates': [-87.555263724326, 41.715644379547]}",2025-09-15,Monday,9,South Deering 2,321.8,South Deering,SOUTHEAST SIDE
601743756,Air Pollution Work Order,2545 W WINONA ST,2545,W,WINONA,ST,417325.0,2025-09-15,"We noticed our neighbor doing work in their back yard on an apparent drain. It has smelled for at least the past 24 hoursand is a disturbance. We observed the neighbor hosing things into the common alley as well.&nbsp;A sewer smell is coming from the back of this address, and it appears there is a storm drainthat has been opened by the resident. The smell is pretty potent",DEPT. OF PUBLIC HEALTH,Alleged violation not found,2025-09-16,41.974718553507856,-87.69394725863785,"{'type': 'Point', 'coordinates': [-87.693947258638, 41.974718553508]}",2025-09-15,Monday,9,Lincoln Square 1,336.0,Lincoln Square,LINCOLN SQUARE
601743678,Air Pollution Work Order,952 W CARMEN AVE,952,W,CARMEN,AVE,417337.0,2025-09-15,They are doing something with Tar on the mid roof and on Carmen and the smell and air quality within a few blocks isintolerable. No efforts to contain runoff.&nbsp;,DEPT. OF PUBLIC HEALTH,Resolved,2025-09-16,41.97441177837146,-87.65461834601996,"{'type': 'Point', 'coordinates': [-87.65461834602, 41.974411778371]}",2025-09-15,Monday,9,Uptown 2,145.7,Uptown,UPTOWN
601743747,Air Pollution Work Order,1758 N CENTRAL PARK AVE,1758,N,CENTRAL PARK,AVE,10937.0,2025-09-16,Frequent chemical smell noticed from 606 trail,DEPT. OF PUBLIC HEALTH,Resolved,2025-09-16,41.9134602139526,-87.71680045212254,"{'type': 'Point', 'coordinates': [-87.716800452123, 41.913460213953]}",2025-09-16,Tuesday,9,Logan Square 4,342.1,Humboldt Park,HUMBOLDT PARK
601743673,Air Pollution Work Order,700 W ERIE ST,700,W,ERIE,ST,470070.0,2025-09-16,"This is where the casino construction is happening. Lots of dust around street,sidewalks, etc. today is very bad.",DEPT. OF PUBLIC HEALTH,Resolved,2025-09-16,41.89350393286792,-87.6460517913432,"{'type': 'Point', 'coordinates': [-87.646051791343, 41.893503932868]}",2025-09-16,Tuesday,9,West Town 3,719.5,West Town,"WICKER PARK,WEST TOWN"
601743675,Air Pollution Work Order,705 W CHICAGO AVE,705,W,CHICAGO,AVE,470070.0,2025-09-16,Halsted St leading out of the construction site up to Grand Ave is covered in dust. All of the trucks from the constructionsite kick the dust up into the air throughout the day,DEPT. OF PUBLIC HEALTH,Resolved,2025-09-16,41.896312865494686,-87.64630101582785,"{'type': 'Point', 'coordinates': [-87.646301015828, 41.896312865495]}",2025-09-16,Tuesday,9,West Town 3,712.7,West Town,"WICKER PARK,WEST TOWN"
601744151,Air Pollution Work Order,12123 S STONY ISLAND AVE,12123,S,STONY ISLAND,AVE,10937.0,2025-09-16,LANDFILL/DUMP,DEPT. OF PUBLIC HEALTH,Resolved,2025-09-17,41.67476321784588,-87.57523381974174,"{'type': 'Point', 'coordinates': [-87.575233819742, 41.674763217846]}",2025-09-16,Tuesday,9,South Deering 6,961.7,South Deering,SOUTHEAST SIDE
601744152,Air Pollution Work Order,8010 S VINCENNES AVE,8010,S,VINCENNES,AVE,13776.0,2025-09-17,,DEPT. OF PUBLIC HEALTH,Resolved,2025-09-17,41.74860680385809,-87.6349320426809,"{'type': 'Point', 'coordinates': [-87.634932042681, 41.748606803858]}",2025-09-17,Wednesday,9,Greater Grand Crossing 6,337.3,Chatham,"CHATHAM,BURNSIDE"
601744678,Air Pollution Work Order,5059 W WINONA ST,5059,W,WINONA,ST,3308.0,2025-09-17,Awful smell that comes from this backyard. We can’t even be in our backyard because of smell. Rats running around.,DEPT. OF PUBLIC HEALTH,Complaint Valid,2025-09-18,41.97422353978023,-87.75517739833799,"{'type': 'Point', 'coordinates': [-87.755177398338, 41.97422353978]}",2025-09-17,Wednesday,9,Jefferson Park 2,652.7,"Sauganash,Forest Glen","SAUGANASH,FOREST GLEN"
601744651,Air Pollution Work Order,6858 S KILDARE AVE,6858,S,KILDARE,AVE,129151.0,2025-09-17,There has been a very bad smell in the air for two days now.,DEPT. OF PUBLIC HEALTH,Alleged violation not found,2025-09-19,41.76774562289323,-87.72994615433436,"{'type': 'Point', 'coordinates': [-87.729946154334, 41.767745622893]}",2025-09-17,Wednesday,9,West Lawn 3,856.0,West Lawn,WEST LAWN
601744670,Air Pollution Work Order,6133 N RAVENSWOOD AVE,6133,N,RAVENSWOOD,AVE,,2025-09-17,"Burning in fire pit is creating excessive smoke that has entered home and caused breathing discomfort and smoke in home.We have to close all windows when he burns his fire.&nbsp;Cameron Bundy is resident who is burning wood (branches, treelimbs)",DEPT. OF PUBLIC HEALTH,Resolved,2026-02-10,41.993034247416574,-87.67471345177314,"{'type': 'Point', 'coordinates': [-87.674713451773, 41.993034247417]}",2025-09-17,Wednesday,9,Edgewater 1,460.6,Edgewater,EDGEWATER
601744664,Air Pollution Work Order,6133 N RAVENSWOOD AVE,6133,N,RAVENSWOOD,AVE,431068.0,2025-09-17,Burning in fire pit is creating excessive smoke that has entered home and caused breathing discomfort and smoke in home.We have to close all windows when he burns his fire.,DEPT. OF PUBLIC HEALTH,Resolved,2025-09-18,41.993034247416574,-87.67471345177314,"{'type': 'Point', 'coordinates': [-87.674713451773, 41.993034247417]}",2025-09-17,Wednesday,9,Edgewater 1,460.6,Edgewater,EDGEWATER
601744161,Air Pollution Work Order,4836 S LECLAIRE AVE,4836,S,LECLAIRE,AVE,470070.0,2025-09-17,The smell has been unbearable! The night before it was so bad it starts at about 3:00 in the morning. The smell sipped in toour home that had all the windows closed and it smell so bad it woke us from our sleep.&nbsp;,DEPT. OF PUBLIC HEALTH,Referred to another agency,2025-09-17,41.80458934113381,-87.75055685201701,"{'type': 'Point', 'coordinates': [-87.750556852017, 41.804589341134]}",2025-09-17,Wednesday,9,Garfield Ridge 1,583.8,Garfield Ridge,MIDWAY AIRPORT
601744154,Air Pollution Work Order,6116 S KARLOV AVE,6116,S,KARLOV,AVE,84397.0,2025-09-17,,DEPT. OF PUBLIC HEALTH,Alleged violation not found,2025-09-17,41.78172195811051,-87.72543480054257,"{'type': 'Point', 'coordinates': [-87.725434800543, 41.781721958111]}",2025-09-17,Wednesday,9,West Lawn 2,631.2,West Lawn,WEST LAWN
601744712,Air Pollution Work Order,3020 W BELDEN AVE,3020,W,BELDEN,AVE,431068.0,2025-09-17,Industrial Air Conditioning units in back yard leaking freon into the atmosphere,DEPT. OF PUBLIC HEALTH,Resolved,2025-09-16,41.92336890636296,-87.70310059533568,"{'type': 'Point', 'coordinates': [-87.703100595336, 41.923368906363]}",2025-09-17,Wednesday,9,Logan Square 3,1045.6,Logan Square,LOGAN SQUARE
601744159,Air Pollution Work Order,5037 S LAVERGNE AVE,5037,S,LAVERGNE,AVE,470070.0,2025-09-17,The air smelled like sewer in the pre-dawn hours and then it shifted towards a fuel smell. It was so bad that it filled up myhouse with the odor and I had to close my windows because I was because it was so noxious,DEPT. OF PUBLIC HEALTH,Referred to another agency,2025-09-17,41.80097339861248,-87.74772188193873,"{'type': 'Point', 'coordinates': [-87.747721881939, 41.800973398612]}",2025-09-17,Wednesday,9,Garfield Ridge 1,472.6,Garfield Ridge,MIDWAY AIRPORT
601744715,Air Pollution Work Order,2939 E 95TH ST,2939,E,95TH,ST,84397.0,2025-09-17,,DEPT. OF PUBLIC HEALTH,Resolved,2025-09-19,41.72264174184647,-87.55229726872687,"{'type': 'Point', 'coordinates': [-87.552297268727, 41.722641741846]}",2025-09-17,Wednesday,9,Calumet Heights 3,376.6,South Deering,SOUTHEAST SIDE
601744716,Air Pollution Work Order,2701 E 100TH ST,2701,E,100TH,ST,417337.0,2025-09-18,,DEPT. OF PUBLIC HEALTH,Complaint Valid,2025-09-19,41.71324291275156,-87.55803846897774,"{'type': 'Point', 'coordinates': [-87.558038468978, 41.713242912752]}",2025-09-18,Thursday,9,South Deering 2,442.3,South Deering,SOUTHEAST SIDE
601746365,Air Pollution Work Order,2900 S DAMEN AVE,2900,S,DAMEN,AVE,443615.0,2025-09-18,,DEPT. OF PUBLIC HEALTH,Resolved,2025-09-18,41.83940221662287,-87.67555714196773,"{'type': 'Point', 'coordinates': [-87.675557141968, 41.839402216623]}",2025-09-18,Thursday,9,Lower West Side 4,574.8,Lower West Side,LOWER WEST SIDE
601746481,Air Pollution Work Order,3443 N MILWAUKEE AVE,3443,N,MILWAUKEE,AVE,443615.0,2025-09-18,,DEPT. OF PUBLIC HEALTH,Complaint Valid,2025-09-19,41.94393670241,-87.73155723006575,"{'type': 'Point', 'coordinates': [-87.731557230066, 41.94393670241]}",2025-09-18,Thursday,9,Irving Park 4,429.1,Irving Park,"IRVING PARK,AVONDALE"
601746397,Air Pollution Work Order,4914 N WESTERN AVE,4914,N,WESTERN,AVE,249349.0,2025-09-18,"&nbsp;BACP REFERRAL FROM ORIGINAL ALDERMAN'S COMPLAINT: a car related business, causing fumes, etc.Activity is seen during business hours on Mon-Fri",DEPT. OF PUBLIC HEALTH,Complaint Valid,2025-09-22,41.970863279757474,-87.68912737049412,"{'type': 'Point', 'coordinates': [-87.689127370494, 41.970863279757]}",2025-09-18,Thursday,9,Lincoln Square 1,540.8,Lincoln Square,LINCOLN SQUARE
601744739,Air Pollution Work Order,2055 W PERSHING RD,2055,W,PERSHING,RD,451826.0,2025-09-18,,DEPT. OF PUBLIC HEALTH,Alleged violation founded,2025-09-18,41.822972765727336,-87.67702220737627,"{'type': 'Point', 'coordinates': [-87.677022207376, 41.822972765727]}",2025-09-18,Thursday,9,McKinley Park 2,815.1,New City,BACK OF THE YARDS
601744774,Air Pollution Work Order,201 E ILLINOIS ST,201,E,ILLINOIS,ST,379542.0,2025-09-18,,DEPT. OF PUBLIC HEALTH,Resolved,2025-09-18,41.8908503970041,-87.62261192172984,"{'type': 'Point', 'coordinates': [-87.62261192173, 41.890850397004]}",2025-09-18,Thursday,9,Near North Side 3,625.5,Streeterville,STREETERVILLE
601744772,Air Pollution Work Order,232 E 87TH ST,232,E,87TH,ST,249349.0,2025-09-18,per caller- there is a chemical smell that she has been noticing in the morning. There is a factory by the name of Finkl Steelnear 93rd and Kenwood. There are two other factories in the area as well.,DEPT. OF PUBLIC HEALTH,Alleged violation not found,2025-09-18,41.73656206065855,-87.61792826601295,"{'type': 'Point', 'coordinates': [-87.617928266013, 41.736562060659]}",2025-09-18,Thursday,9,Chatham 1,348.2,Chatham,"CHATHAM,BURNSIDE"
601746395,Air Pollution Work Order,6107 S RHODES AVE,6107,S,RHODES,AVE,129151.0,2025-09-18,DUST IS FLYING EVERYWHERE . THROUGHOUT THE NEIGHBORHOOD,DEPT. OF PUBLIC HEALTH,Resolved,2025-09-19,41.78369397857337,-87.61195731944802,"{'type': 'Point', 'coordinates': [-87.611957319448, 41.783693978573]}",2025-09-18,Thursday,9,Hyde Park 4,900.5,Woodlawn,WOODLAWN
601744770,Air Pollution Work Order,2055 W PERSHING RD,2055,W,PERSHING,RD,451826.0,2025-09-18,,DEPT. OF PUBLIC HEALTH,Alleged violation founded,2025-09-18,41.822972765727336,-87.67702220737627,"{'type': 'Point', 'coordinates': [-87.677022207376, 41.822972765727]}",2025-09-18,Thursday,9,McKinley Park 2,815.1,New City,BACK OF THE YARDS
601746484,Air Pollution Work Order,2033 W PERSHING RD,2033,W,PERSHING,RD,451826.0,2025-09-18,chemical asphalt smell coming from this business,DEPT. OF PUBLIC HEALTH,Refer to Dept of Health,2025-09-18,41.82298056906498,-87.6763435190792,"{'type': 'Point', 'coordinates': [-87.676343519079, 41.822980569065]}",2025-09-18,Thursday,9,McKinley Park 2,771.6,New City,BACK OF THE YARDS
601746030,Air Pollution Work Order,1839 N DAYTON ST,1839,N,DAYTON,ST,3308.0,2025-09-19,,DEPT. OF PUBLIC HEALTH,Alleged violation founded,2025-09-22,41.914914119731726,-87.64946811507181,"{'type': 'Point', 'coordinates': [-87.649468115072, 41.914914119732]}",2025-09-19,Friday,9,Lincoln Park 1,846.7,Lincoln Park,LINCOLN PARK
601746026,Air Pollution Work Order,1901 W 29TH ST,1901,W,29TH,ST,443615.0,2025-09-19,,DEPT. OF PUBLIC HEALTH,Resolved,2025-09-23,41.83997095394311,-87.6725916633182,"{'type': 'Point', 'coordinates': [-87.672591663318, 41.839970953943]}",2025-09-19,Friday,9,Lower West Side 4,325.0,Lower West Side,LOWER WEST SIDE
601746044,Air Pollution Work Order,150 E 124TH PL,150,E,124TH,PL,13776.0,2025-09-19,,DEPT. OF PUBLIC HEALTH,Alleged violation not found,2025-09-22,41.66782596356972,-87.61819233504784,"{'type': 'Point', 'coordinates': [-87.618192335048, 41.66782596357]}",2025-09-19,Friday,9,West Pullman 4,503.8,West Pullman,WEST PULLMAN
601746006,Air Pollution Work Order,2800 S DAMEN AVE,2800,S,DAMEN,AVE,84397.0,2025-09-19,damen silos,DEPT. OF PUBLIC HEALTH,Alleged violation unfounded,2025-09-22,41.84148141665416,-87.67562059339554,"{'type': 'Point', 'coordinates': [-87.675620593396, 41.841481416654]}",2025-09-19,Friday,9,Lower West Side 4,598.4,Lower West Side,LOWER WEST SIDE
601746008,Air Pollution Work Order,2701 E 100TH ST,2701,E,100TH,ST,249349.0,2025-09-19,The air stinks really bad today 9/19/25 &amp; last night 9/18,DEPT. OF PUBLIC HEALTH,Alleged violation not found,2025-09-23,41.71324291275156,-87.55803846897774,"{'type': 'Point', 'coordinates': [-87.558038468978, 41.713242912752]}",2025-09-19,Friday,9,South Deering 2,442.3,South Deering,SOUTHEAST SIDE
601746014,Air Pollution Work Order,2245 S SPRINGFIELD AVE,2245,S,SPRINGFIELD,AVE,451826.0,2025-09-19,CTA railyard,DEPT. OF PUBLIC HEALTH,Resolved,2025-09-26,41.850270881805045,-87.72209463608877,"{'type': 'Point', 'coordinates': [-87.722094636089, 41.850270881805]}",2025-09-19,Friday,9,North Lawndale 4,425.9,Little Village,LITTLE VILLAGE
601746037,Air Pollution Work Order,1819 N HUMBOLDT BLVD,1819,N,HUMBOLDT,BLVD,3308.0,2025-09-19,BUSINESS IS NEXT TO 1819 N HUMBOLDT BLVD,DEPT. OF PUBLIC HEALTH,Complaint Valid,2025-09-22,41.91442917079184,-87.7018504020714,"{'type': 'Point', 'coordinates': [-87.701850402071, 41.914429170792]}",2025-09-19,Friday,9,West Town 1,1153.9,Logan Square,LOGAN SQUARE
601746023,Air Pollution Work Order,2055 W PERSHING RD,2055,W,PERSHING,RD,417337.0,2025-09-19,,DEPT. OF PUBLIC HEALTH,Alleged violation unfounded,2025-09-23,41.822972765727336,-87.67702220737627,"{'type': 'Point', 'coordinates': [-87.677022207376, 41.822972765727]}",2025-09-19,Friday,9,McKinley Park 2,815.1,New City,BACK OF THE YARDS
601746043,Air Pollution Work Order,1107 W LAWRENCE AVE,1107,W,LAWRENCE,AVE,431068.0,2025-09-19,Semi truck idling diesel engine for at least 30+ minutes while parked on public roadway.,DEPT. OF PUBLIC HEALTH,Resolved,2025-09-22,41.96893838886728,-87.65793164805889,"{'type': 'Point', 'coordinates': [-87.657931648059, 41.968938388867]}",2025-09-19,Friday,9,Uptown 2,813.1,Uptown,UPTOWN
601746004,Air Pollution Work Order,2900 S DAMEN AVE,2900,S,DAMEN,AVE,443615.0,2025-09-19,Damen SilosThe dust from the demolition is not being controlled and leaking into the nearby river and air!,DEPT. OF PUBLIC HEALTH,Resolved,2025-09-23,41.83940221662287,-87.67555714196773,"{'type': 'Point', 'coordinates': [-87.675557141968, 41.839402216623]}",2025-09-19,Friday,9,Lower West Side 4,574.8,Lower West Side,LOWER WEST SIDE
601745924,Air Pollution Work Order,11929 S STONY ISLAND AVE,11929,S,STONY ISLAND,AVE,13776.0,2025-09-19,"It is easier to see the flames from Torrence Avenue, closer to 122nd st. You can see and smell the smoke from Stony Island, no flames.",DEPT. OF PUBLIC HEALTH,Alleged violation not found,2025-09-22,41.67827866575333,-87.57527977586575,"{'type': 'Point', 'coordinates': [-87.575279775866, 41.678278665753]}",2025-09-19,Friday,9,South Deering 6,1315.4,South Deering,SOUTHEAST SIDE
601745937,Air Pollution Work Order,8728 S PRAIRIE AVE,8728,S,PRAIRIE,AVE,249349.0,2025-09-19,Chemical causes eyes to burn and headaches.,DEPT. OF PUBLIC HEALTH,Alleged violation not found,2025-09-22,41.73565986116137,-87.61788161296529,"{'type': 'Point', 'coordinates': [-87.617881612965, 41.735659861161]}",2025-09-19,Friday,9,Chatham 1,436.8,Chatham,"CHATHAM,BURNSIDE"
601746009,Air Pollution Work Order,2429 N LONG AVE,2429,N,LONG,AVE,431068.0,2025-09-19,Homeowner demolished the garage was taken down. No owner is burning the wood from the garage all day and exposing fumes to the adjacent homes. Most are elderly residents are experiencing raspatory issues.,DEPT. OF PUBLIC HEALTH,Alleged violation not found,2025-09-22,41.92493437508652,-87.76095162797546,"{'type': 'Point', 'coordinates': [-87.760951627975, 41.924934375087]}",2025-09-19,Friday,9,Belmont Cragin 3,822.9,Belmont Cragin,"BELMONT CRAGIN,HERMOSA"
601746038,Air Pollution Work Order,1301 W WASHINGTON BLVD,1301,W,WASHINGTON,BLVD,443615.0,2025-09-19,,DEPT. OF PUBLIC HEALTH,Alleged violation not found,2025-09-23,41.882826425556296,-87.65973831670905,"{'type': 'Point', 'coordinates': [-87.659738316709, 41.882826425556]}",2025-09-19,Friday,9,Near West Side 3,447.8,West Loop,WEST LOOP
601745971,Air Pollution Work Order,6029 N LINCOLN AVE,6029,N,LINCOLN,AVE,379542.0,2025-09-19,,DEPT. OF PUBLIC HEALTH,Resolved,2025-09-22,41.99098481078728,-87.70812233179733,"{'type': 'Point', 'coordinates': [-87.708122331797, 41.990984810787]}",2025-09-19,Friday,9,West Ridge 5,209.2,West Ridge,WEST RIDGE
601746020,Air Pollution Work Order,2055 W PERSHING RD,2055,W,PERSHING,RD,417337.0,2025-09-20,The smell of asphalt is thick in our neighborhood and I can smell it from inside my home. There is an Chicago Park District event for children at McKinley Park today that has brought kids from all over the city. They shouldn't be breathing asphalt fumes.,DEPT. OF PUBLIC HEALTH,Alleged violation unfounded,2025-09-23,41.822972765727336,-87.67702220737627,"{'type': 'Point', 'coordinates': [-87.677022207376, 41.822972765727]}",2025-09-20,Saturday,9,McKinley Park 2,815.1,New City,BACK OF THE YARDS
601745978,Air Pollution Work Order,4551 W MADISON ST,4551,W,MADISON,ST,417337.0,2025-09-20,"Curious if this business is licensed and zoned as a junkyard where autos are dismantled and gas, oil, antifreeze and other contaminants are released i to the soil. Dust from vehicle crushing and dismantling is airborne.",DEPT. OF PUBLIC HEALTH,Referred to another agency,2025-11-23,41.88045046660041,-87.73983303356934,"{'type': 'Point', 'coordinates': [-87.739833033569, 41.8804504666]}",2025-09-20,Saturday,9,West Garfield Park 1,374.5,Garfield Park,GARFIELD PARK
601746011,Air Pollution Work Order,2344 W SHAKESPEARE AVE,2344,W,SHAKESPEARE,AVE,443615.0,2025-09-20,It has been smelling strange outside in the bucktown area for two to three days know. Unclear what type of smell it is but almost smells like a burning chemical smell. I have noticed this before intermittently,DEPT. OF PUBLIC HEALTH,Alleged violation not found,2025-09-23,41.92072847870007,-87.6868641440087,"{'type': 'Point', 'coordinates': [-87.686864144009, 41.9207284787]}",2025-09-20,Saturday,9,Logan Square 3,334.5,Bucktown,BUCKTOWN
601745942,Air Pollution Work Order,7639 N EASTLAKE TER,7639,N,EASTLAKE,TER,431068.0,2025-09-21,,DEPT. OF PUBLIC HEALTH,Referred to another agency,2025-09-22,42.020437090105446,-87.66476054746472,"{'type': 'Point', 'coordinates': [-87.664760547465, 42.020437090105]}",2025-09-21,Sunday,9,Rogers Park 1,730.8,Rogers Park,ROGERS PARK
601745991,Air Pollution Work Order,4200 W WRIGHTWOOD AVE,4200,W,WRIGHTWOOD,AVE,417337.0,2025-09-21,,DEPT. OF PUBLIC HEALTH,Resolved,2025-09-22,41.92816137906652,-87.73184174592433,"{'type': 'Point', 'coordinates': [-87.731841745924, 41.928161379067]}",2025-09-21,Sunday,9,Hermosa 1,324.3,Hermosa,"BELMONT CRAIGIN,HERMOSA"
601746469,Air Pollution Work Order,10044 S TORRENCE AVE,10044,S,TORRENCE,AVE,417337.0,2025-09-22,,DEPT. OF PUBLIC HEALTH,Alleged violation not found,2025-09-23,41.71225966575291,-87.55987902113756,"{'type': 'Point', 'coordinates': [-87.559879021138, 41.712259665753]}",2025-09-22,Monday,9,South Deering 2,609.2,South Deering,SOUTHEAST SIDE
601746477,Air Pollution Work Order,3200 E 100TH ST,3200,E,100TH,ST,417337.0,2025-09-22,,DEPT. OF PUBLIC HEALTH,Alleged violation unfounded,2025-09-23,41.71364472368312,-87.54559067481452,"{'type': 'Point', 'coordinates': [-87.545590674815, 41.713644723683]}",2025-09-22,Monday,9,South Deering 2,592.0,South Deering,SOUTHEAST SIDE
601746522,Air Pollution Work Order,1632 N NORDICA AVE,1632,N,NORDICA,AVE,437489.0,2025-09-22,Sulfur smell,DEPT. OF PUBLIC HEALTH,Alleged violation not found,2025-09-23,41.90992468934139,-87.80229286578188,"{'type': 'Point', 'coordinates': [-87.802292865782, 41.909924689341]}",2025-09-22,Monday,9,Montclare 2,1395.8,Galewood,"MONTCLARE, GALEWOOD"
601746519,Air Pollution Work Order,1458 W MONROE ST,1458,W,MONROE,ST,431068.0,2025-09-22,,DEPT. OF PUBLIC HEALTH,Referred to another agency,2025-09-23,41.880323998859936,-87.66427041251264,"{'type': 'Point', 'coordinates': [-87.664270412513, 41.88032399886]}",2025-09-22,Monday,9,Near West Side 2,445.7,West Loop,WEST LOOP
601745994,Air Pollution Work Order,3805 S HONORE ST,3805,S,HONORE,ST,417337.0,2025-09-22,Asphalt smell on the street and inside,DEPT. OF PUBLIC HEALTH,Alleged violation unfounded,2025-09-23,41.82476424651462,-87.67130960860739,"{'type': 'Point', 'coordinates': [-87.671309608607, 41.824764246515]}",2025-09-22,Monday,9,McKinley Park 2,351.9,Mckinley Park,"BRIGHTON PARK,MCKINLEY PARK"
601746475,Air Pollution Work Order,3821 S HONORE ST,3821,S,HONORE,ST,417337.0,2025-09-22,,DEPT. OF PUBLIC HEALTH,Alleged violation unfounded,2025-09-23,41.82431800162947,-87.6712981150694,"{'type': 'Point', 'coordinates': [-87.671298115069, 41.824318001629]}",2025-09-22,Monday,9,McKinley Park 2,396.3,Mckinley Park,"BRIGHTON PARK,MCKINLEY PARK"
601746016,Air Pollution Work Order,2055 W PERSHING RD,2055,W,PERSHING,RD,417337.0,2025-09-22,I woke up at 5am to the smell of burning asphalt in my bedroom. My windows are closed and the smell is still filling my whole house. The wind is blowing from the South and there is visibile smoke from MAT Asphalt's stacks. Please send an inspector ASAP.,DEPT. OF PUBLIC HEALTH,Alleged violation unfounded,2025-09-23,41.822972765727336,-87.67702220737627,"{'type': 'Point', 'coordinates': [-87.677022207376, 41.822972765727]}",2025-09-22,Monday,9,McKinley Park 2,815.1,New City,BACK OF THE YARDS
601746447,Air Pollution Work Order,10002 S EXCHANGE AVE,10002,S,EXCHANGE,AVE,417337.0,2025-09-22,,DEPT. OF PUBLIC HEALTH,Alleged violation not found,2025-09-23,41.71324306746197,-87.5524723191629,"{'type': 'Point', 'coordinates': [-87.552472319163, 41.713243067462]}",2025-09-22,Monday,9,South Deering 2,31.7,South Deering,SOUTHEAST SIDE
601746466,Air Pollution Work Order,5200 W CONGRESS PKWY,5200,W,CONGRESS,PKWY,249349.0,2025-09-22,Foul odor,DEPT. OF PUBLIC HEALTH,Alleged violation not found,2025-09-23,41.87405323003304,-87.75496155233866,"{'type': 'Point', 'coordinates': [-87.754961552339, 41.874053230033]}",2025-09-22,Monday,9,Austin 4,538.2,Austin,AUSTIN
601746449,Air Pollution Work Order,8007 S VINCENNES AVE,8007,S,VINCENNES,AVE,13776.0,2025-09-23,,DEPT. OF PUBLIC HEALTH,Alleged violation not found,2025-09-23,41.74867449548255,-87.63461576423036,"{'type': 'Point', 'coordinates': [-87.63461576423, 41.748674495483]}",2025-09-23,Tuesday,9,Greater Grand Crossing 6,340.1,Chatham,"CHATHAM,BURNSIDE"
601746479,Air Pollution Work Order,2701 E 100TH ST,2701,E,100TH,ST,417337.0,2025-09-23,,DEPT. OF PUBLIC HEALTH,Alleged violation not found,2025-09-23,41.71324291275156,-87.55803846897774,"{'type': 'Point', 'coordinates': [-87.558038468978, 41.713242912752]}",2025-09-23,Tuesday,9,South Deering 2,442.3,South Deering,SOUTHEAST SIDE
601746482,Air Pollution Work Order,2629 N MANGO AVE,2629,N,MANGO,AVE,425726.0,2025-09-23,STRONG SMELL OF SULFUR IS IN THE AIR OUTSIDE OF HOME. CALLER SUSPECTS THAT IT COULD BR COMIONG FROM A FACTORY FROM FAR AWAY.,DEPT. OF PUBLIC HEALTH,Resolved,2025-09-29,41.928463197748265,-87.76964921708907,"{'type': 'Point', 'coordinates': [-87.769649217089, 41.928463197748]}",2025-09-23,Tuesday,9,Belmont Cragin 2,971.9,Belmont Cragin,"BELMONT CRAGIN,HERMOSA"
601746533,Air Pollution Work Order,1722 W HARRISON ST,1722,W,HARRISON,ST,10937.0,2025-09-23,Nasty smell like sewage whe coming out of the hospital.,DEPT. OF PUBLIC HEALTH,Refer to StreetsSanitation,2025-09-23,41.874247249097,-87.67008895497695,"{'type': 'Point', 'coordinates': [-87.670088954977, 41.874247249097]}",2025-09-23,Tuesday,9,Near West Side 2,426.9,"Little Italy, UIC","LITTLE ITALY, UIC"
601746471,Air Pollution Work Order,3845 S DAMEN AVE,3845,S,DAMEN,AVE,417337.0,2025-09-23,,DEPT. OF PUBLIC HEALTH,Alleged violation unfounded,2025-09-23,41.82360885050362,-87.6749530409919,"{'type': 'Point', 'coordinates': [-87.674953040992, 41.823608850504]}",2025-09-23,Tuesday,9,McKinley Park 2,639.5,Mckinley Park,"BRIGHTON PARK,MCKINLEY PARK"
601747215,Air Pollution Work Order,3103 S BENSON ST,3103,S,BENSON,ST,417325.0,2025-09-23,"There is a garbage dump directly in front of my house. It’s disgusting and loud, strangers dump trash in front of my house at all hours, there are more rats. It needs to be moved to a location that is not a disturbance.",DEPT. OF PUBLIC HEALTH,Refer to StreetsSanitation,2025-09-24,41.83774118949616,-87.66070066649614,"{'type': 'Point', 'coordinates': [-87.660700666496, 41.837741189496]}",2025-09-23,Tuesday,9,Lower West Side 4,707.1,Bridgeport,BRIDGEPORT
601746442,Air Pollution Work Order,5421 S CENTRAL AVE,5421,S,CENTRAL,AVE,10937.0,2025-09-23,"An intense smell of sulfur has noticable in the last few weeks. The smell tends to become noticable between 5pm and 3 am in the area. The household has made several remarks, bearing witness. While a sulfur odor is occasional and expected in the midway airport area, recently times have shown a persistent and strongwr odor.Persistent though out the month of August and September.",DEPT. OF PUBLIC HEALTH,Alleged violation not found,2025-09-25,41.79389317074919,-87.76219240400073,"{'type': 'Point', 'coordinates': [-87.762192404001, 41.793893170749]}",2025-09-23,Tuesday,9,Garfield Ridge 2,790.4,Garfield Ridge,MIDWAY AIRPORT
601747771,Air Pollution Work Order,1313 N RITCHIE CT,1313,N,RITCHIE,CT,470070.0,2025-09-24,"HALLWAYS OF BUILDINGS. CALLER STATES THE HALLWAYS ARE COVERED IN DUST, AND THERE IS NOT CLEANING OR PROTECTING OF THE UNITS TAKING PLACE.",DEPT. OF PUBLIC HEALTH,Resolved,2025-09-25,41.90629354865983,-87.62645967895207,"{'type': 'Point', 'coordinates': [-87.626459678952, 41.90629354866]}",2025-09-24,Wednesday,9,Near North Side 2,878.5,Gold Coast,GOLD COAST
601747207,Air Pollution Work Order,4501 W CORTLAND ST,4501,W,CORTLAND,ST,417337.0,2025-09-24,Open burning observed from my vantage on Metra train.SB Speciality Metals I believe.,DEPT. OF PUBLIC HEALTH,Alleged violation not found,2025-09-24,41.915097847357984,-87.73877553837181,"{'type': 'Point', 'coordinates': [-87.738775538372, 41.915097847358]}",2025-09-24,Wednesday,9,Hermosa 2,260.4,Hermosa,"BELMONT CRAIGIN,HERMOSA"
601747761,Air Pollution Work Order,2701 E 100TH ST,2701,E,100TH,ST,417337.0,2025-09-24,,DEPT. OF PUBLIC HEALTH,Complaint Valid,2025-09-25,41.71324291275156,-87.55803846897774,"{'type': 'Point', 'coordinates': [-87.558038468978, 41.713242912752]}",2025-09-24,Wednesday,9,South Deering 2,442.3,South Deering,SOUTHEAST SIDE
601747774,Air Pollution Work Order,4734 W MONTANA ST,4734,W,MONTANA,ST,3308.0,2025-09-24,THEY ARE DOING TUCK POINTING AT THIS ADDRESS AND BUSTED OUT THE WINDOW ON THE RIGHT-HAND SIDE. DUST IS ALL OVER THE NEIGHBOR'S YARD,DEPT. OF PUBLIC HEALTH,Resolved,2025-09-24,41.92536303836791,-87.74530883267099,"{'type': 'Point', 'coordinates': [-87.745308832671, 41.925363038368]}",2025-09-24,Wednesday,9,Belmont Cragin 3,720.4,Belmont Cragin,"BELMONT CRAGIN,HERMOSA"
601748320,Air Pollution Work Order,3005 W FRANKLIN BLVD,3005,W,FRANKLIN,BLVD,10937.0,2025-09-25,S AND D FINISHING CO,DEPT. OF PUBLIC HEALTH,Resolved,2025-09-26,41.89001883539864,-87.7018905231205,"{'type': 'Point', 'coordinates': [-87.70189052312, 41.890018835399]}",2025-09-25,Thursday,9,Humboldt Park 3,139.5,Humboldt Park,HUMBOLDT PARK
601748340,Air Pollution Work Order,2909 N LINCOLN AVE,2909,N,LINCOLN,AVE,437489.0,2025-09-25,Car Care Specialists,DEPT. OF PUBLIC HEALTH,Alleged violation not found,2025-09-26,41.93467398703158,-87.66145603822933,"{'type': 'Point', 'coordinates': [-87.661456038229, 41.934673987032]}",2025-09-25,Thursday,9,Lake View 4,596.0,Lake View,LAKE VIEW
601748309,Air Pollution Work Order,9363 S LONGWOOD DR,9363,S,LONGWOOD,DR,10937.0,2025-09-25,,DEPT. OF PUBLIC HEALTH,Alleged violation not found,2025-09-29,41.72357833558875,-87.66811331147206,"{'type': 'Point', 'coordinates': [-87.668113311472, 41.723578335589]}",2025-09-25,Thursday,9,Beverly 2,725.5,Beverly,BEVERLY
601748307,Air Pollution Work Order,8147 S VINCENNES AVE,8147,S,VINCENNES,AVE,13776.0,2025-09-25,Caller states the outside of the school has a smell for the last two weeks. Caller states it smells like something is dead on the entire block,DEPT. OF PUBLIC HEALTH,Alleged violation unfounded,2025-09-26,41.74579216999111,-87.63536999701962,"{'type': 'Point', 'coordinates': [-87.63536999702, 41.745792169991]}",2025-09-25,Thursday,9,Greater Grand Crossing 6,635.4,Chatham,"CHATHAM,BURNSIDE"
601748327,Air Pollution Work Order,2905 N MOODY AVE,2905,N,MOODY,AVE,84397.0,2025-09-25,,DEPT. OF PUBLIC HEALTH,Alleged violation not found,2025-09-26,41.93312281010879,-87.77953228134709,"{'type': 'Point', 'coordinates': [-87.779532281347, 41.933122810109]}",2025-09-25,Thursday,9,Belmont Cragin 1,319.2,Belmont Cragin,"BELMONT CRAGIN,HERMOSA"
601748352,Air Pollution Work Order,47 E ELM ST,47,E,ELM,ST,379542.0,2025-09-25,,DEPT. OF PUBLIC HEALTH,Resolved,2025-09-26,41.90310369861281,-87.62679817511798,"{'type': 'Point', 'coordinates': [-87.626798175118, 41.903103698613]}",2025-09-25,Thursday,9,Near North Side 2,990.1,Gold Coast,GOLD COAST
601749585,Air Pollution Work Order,3800 S HONORE ST,3800,S,HONORE,ST,417337.0,2025-09-26,"On the street at marked location and in our house this morning, starting around 7:30-8 am",DEPT. OF PUBLIC HEALTH,Resolved,2025-09-30,41.82487140645448,-87.67160603959982,"{'type': 'Point', 'coordinates': [-87.6716060396, 41.824871406454]}",2025-09-26,Friday,9,McKinley Park 2,353.6,Mckinley Park,"BRIGHTON PARK,MCKINLEY PARK"
601749481,Air Pollution Work Order,2701 E 100TH ST,2701,E,100TH,ST,10937.0,2025-09-26,,DEPT. OF PUBLIC HEALTH,Complaint Valid,2025-09-29,41.71324291275156,-87.55803846897774,"{'type': 'Point', 'coordinates': [-87.558038468978, 41.713242912752]}",2025-09-26,Friday,9,South Deering 2,442.3,South Deering,SOUTHEAST SIDE
601749660,Air Pollution Work Order,10428 S FOREST AVE,10428,S,FOREST,AVE,13776.0,2025-09-26,The entire block and adjacent blocks how foul smell coming from sewers outside and the smell is coming inside our homesas well.,DEPT. OF PUBLIC HEALTH,Resolved,2025-09-29,41.70456671883343,-87.61627806108125,"{'type': 'Point', 'coordinates': [-87.616278061081, 41.704566718833]}",2025-09-26,Friday,9,Roseland 3,469.3,Roseland,"WASHINGTON HEIGHTS,ROSELAND"
601748448,Air Pollution Work Order,325 N WELLS ST,325,N,WELLS,ST,451826.0,2025-09-26,,DEPT. OF PUBLIC HEALTH,Resolved,2025-09-26,41.8882577007258,-87.63383815048309,"{'type': 'Point', 'coordinates': [-87.633838150483, 41.888257700726]}",2025-09-26,Friday,9,Near North Side 4,737.4,River North,RIVER NORTH
601748344,Air Pollution Work Order,2235 W POLK ST,2235,W,POLK,ST,470070.0,2025-09-26,,DEPT. OF PUBLIC HEALTH,Resolved,2025-09-26,41.871273653059816,-87.68255618902441,"{'type': 'Point', 'coordinates': [-87.682556189024, 41.87127365306]}",2025-09-26,Friday,9,Near West Side 7,647.9,"Little Italy, UIC","LITTLE ITALY, UIC"
601749611,Air Pollution Work Order,3839 S DAMEN AVE,3839,S,DAMEN,AVE,417337.0,2025-09-26,,DEPT. OF PUBLIC HEALTH,Resolved,2025-09-30,41.82377601427503,-87.67495767459522,"{'type': 'Point', 'coordinates': [-87.674957674595, 41.823776014275]}",2025-09-26,Friday,9,McKinley Park 2,627.1,Mckinley Park,"BRIGHTON PARK,MCKINLEY PARK"
601749586,Air Pollution Work Order,3835 S DAMEN AVE,3835,S,DAMEN,AVE,417337.0,2025-09-26,,DEPT. OF PUBLIC HEALTH,Resolved,2025-09-30,41.8238875243176,-87.67496079658251,"{'type': 'Point', 'coordinates': [-87.674960796583, 41.823887524318]}",2025-09-26,Friday,9,McKinley Park 2,619.0,Mckinley Park,"BRIGHTON PARK,MCKINLEY PARK"
601749670,Air Pollution Work Order,11300 S LANGLEY AVE,11300,S,LANGLEY,AVE,13776.0,2025-09-26,"&nbsp;Caller says every night, only at night for the last 3-4 months the outside smells like rotten egg and sewer",DEPT. OF PUBLIC HEALTH,Resolved,2025-09-29,41.689105712151225,-87.60606911587504,"{'type': 'Point', 'coordinates': [-87.606069115875, 41.689105712151]}",2025-09-26,Friday,9,Pullman 4,301.0,Pullman,PULLMAN
601749055,Air Pollution Work Order,5248 S MILLARD AVE,5248,S,MILLARD,AVE,8386.0,2025-09-26,Sewer has a really bad odor that is coming into the house. During the night the smell intensifies and windows need to beclosed,DEPT. OF PUBLIC HEALTH,Alleged violation not found,2025-09-30,41.79735716280108,-87.71484367959225,"{'type': 'Point', 'coordinates': [-87.714843679592, 41.797357162801]}",2025-09-26,Friday,9,Archer Heights 3,760.0,West Elsdon,"ARCHER HEIGHTS,WEST ELSDON"
601748323,Air Pollution Work Order,2908 W ROOSEVELT RD,2908,W,ROOSEVELT,RD,84397.0,2025-09-26,,DEPT. OF PUBLIC HEALTH,Resolved,2025-09-26,41.86658729538476,-87.69877877487649,"{'type': 'Point', 'coordinates': [-87.698778774876, 41.866587295385]}",2025-09-26,Friday,9,North Lawndale 3,401.8,North Lawndale,NORTH LAWNDALE
601749305,Air Pollution Work Order,1956 W ERIE ST,1956,W,ERIE,ST,431068.0,2025-09-26,Caller states she smells sewer gas from sewer in middle of street,DEPT. OF PUBLIC HEALTH,Alleged violation not found,2025-09-29,41.89328619264707,-87.67677954576676,"{'type': 'Point', 'coordinates': [-87.676779545767, 41.893286192647]}",2025-09-26,Friday,9,West Town 4,374.2,West Town,"WICKER PARK,WEST TOWN"
601749617,Air Pollution Work Order,4427 N MONITOR AVE,4427,N,MONITOR,AVE,3308.0,2025-09-26,Caller states outside of his has been smelling like sewer gas for over two weeks,DEPT. OF PUBLIC HEALTH,Complaint Valid,2025-09-29,41.96125236673868,-87.77323356060032,"{'type': 'Point', 'coordinates': [-87.7732335606, 41.961252366739]}",2025-09-26,Friday,9,Portage Park 1,624.4,Portage Park,PORTAGE PARK
601749627,Air Pollution Work Order,5758 W BELMONT AVE,5758,W,BELMONT,AVE,3308.0,2025-09-27,: Caller says the area outside of his home smells like sewage,DEPT. OF PUBLIC HEALTH,Complaint Valid,2025-09-29,41.9386214258597,-87.77129878085134,"{'type': 'Point', 'coordinates': [-87.771298780851, 41.93862142586]}",2025-09-27,Saturday,9,Belmont Cragin 2,760.8,Portage Park,PORTAGE PARK
601749615,Air Pollution Work Order,4235 W 25TH ST,4235,W,25TH,ST,379542.0,2025-09-27,: Started smelling after 9 pm on 9-27-25,DEPT. OF PUBLIC HEALTH,Resolved,2025-11-30,41.84588007834562,-87.73101053934846,"{'type': 'Point', 'coordinates': [-87.731010539348, 41.845880078346]}",2025-09-27,Saturday,9,South Lawndale 6,826.9,Little Village,LITTLE VILLAGE
601749267,Air Pollution Work Order,1631 S ST LOUIS AVE,1631,S,ST LOUIS,AVE,443615.0,2025-09-27,CALLER STATES THAT THERE IS A BURNING SMELL NEAR OR AROUND HER BLOCK EVERY NITE DOESNOT KNOW EXACTLY WHERE ALSO CONNECTED OVER TO THE FIRE DEPT,DEPT. OF PUBLIC HEALTH,Alleged violation not found,2025-09-29,41.85806046994492,-87.71259714891997,"{'type': 'Point', 'coordinates': [-87.71259714892, 41.858060469945]}",2025-09-27,Saturday,9,North Lawndale 4,749.3,North Lawndale,NORTH LAWNDALE
601749085,Air Pollution Work Order,812 S BELL AVE,812,S,BELL,AVE,470070.0,2025-09-27,&nbsp;Caller states the outside smells like sewer for the last two days. Caller states the smell is getting inside her home,DEPT. OF PUBLIC HEALTH,Resolved,2025-10-01,41.87100203782681,-87.68263372797061,"{'type': 'Point', 'coordinates': [-87.682633727971, 41.871002037827]}",2025-09-27,Saturday,9,Near West Side 7,617.5,"Little Italy, UIC","LITTLE ITALY, UIC"
601749633,Air Pollution Work Order,6321 W FITCH AVE,6321,W,FITCH,AVE,3308.0,2025-09-27,per caller- they are out as early as 8:00 am to 6:00 pm. This is an urgent matter because her husband can not go out into theyard because of all the dust and it is getting into their air conditioning system,DEPT. OF PUBLIC HEALTH,Alleged violation not found,2025-09-29,42.01094477589084,-87.78521198590394,"{'type': 'Point', 'coordinates': [-87.785211985904, 42.010944775891]}",2025-09-27,Saturday,9,Forest Glen 1,891.7,"Sauganash,Forest Glen","SAUGANASH,FOREST GLEN"
601749472,Air Pollution Work Order,2235 W POLK ST,2235,W,POLK,ST,470070.0,2025-09-27,,DEPT. OF PUBLIC HEALTH,Resolved,2025-10-01,41.871273653059816,-87.68255618902441,"{'type': 'Point', 'coordinates': [-87.682556189024, 41.87127365306]}",2025-09-27,Saturday,9,Near West Side 7,647.9,"Little Italy, UIC","LITTLE ITALY, UIC"
601749562,Air Pollution Work Order,2822 S RIDGEWAY AVE,2822,S,RIDGEWAY,AVE,425726.0,2025-09-27,,DEPT. OF PUBLIC HEALTH,Resolved,2025-10-01,41.839942838978445,-87.7184809919359,"{'type': 'Point', 'coordinates': [-87.718480991936, 41.839942838978]}",2025-09-27,Saturday,9,South Lawndale 3,121.2,Little Village,LITTLE VILLAGE
601749614,Air Pollution Work Order,4008 W 31ST ST,4008,W,31ST,ST,379542.0,2025-09-27,The smell is coming from the outside area and is seeping into our house. It’s been like this since I purchased the house in2019.&nbsp;,DEPT. OF PUBLIC HEALTH,Resolved,2025-09-30,41.836987106912176,-87.72470647860652,"{'type': 'Point', 'coordinates': [-87.724706478607, 41.836987106912]}",2025-09-27,Saturday,9,South Lawndale 3,553.8,Little Village,LITTLE VILLAGE
601749082,Air Pollution Work Order,300 N CANAL ST,300,N,CANAL,ST,437489.0,2025-09-27,&nbsp;OUTSIDE COMING INTO THE BUILDING LOUD SMELL,DEPT. OF PUBLIC HEALTH,Alleged violation not found,2025-09-29,41.88684101471661,-87.64004347734124,"{'type': 'Point', 'coordinates': [-87.640043477341, 41.886841014717]}",2025-09-27,Saturday,9,Loop 1,703.4,West Loop,WEST LOOP
601749077,Air Pollution Work Order,68 E WACKER PL,68,E,WACKER,PL,437489.0,2025-09-27,Large amounts of smoke pouring pouring out of Langham building just above river waterline.,DEPT. OF PUBLIC HEALTH,Alleged violation founded,2025-10-10,41.88692306764254,-87.62527793861675,"{'type': 'Point', 'coordinates': [-87.625277938617, 41.886923067643]}",2025-09-27,Saturday,9,Loop 2,861.2,Loop,LOOP
601749077,Air Pollution Work Order,68 E WACKER PL,68,E,WACKER,PL,437489.0,2025-09-27,Large amounts of smoke pouring pouring out of Langham building just above river waterline.,DEPT. OF PUBLIC HEALTH,Alleged violation founded,2025-10-10,41.88692306764254,-87.62527793861675,"{'type': 'Point', 'coordinates': [-87.625277938617, 41.886923067643]}",2025-09-27,Saturday,9,Loop 2,861.2,Loop,LOOP
601749114,Air Pollution Work Order,1214 S FEDERAL ST,1214,S,FEDERAL,ST,451826.0,2025-09-28,THE SMELL IS IN THE AIR OUTSIDE FROM ROOSEVELT TO CLARK TO ASHLAND&nbsp;,DEPT. OF PUBLIC HEALTH,Alleged violation not found,2025-09-29,41.86673993578543,-87.62960305219573,"{'type': 'Point', 'coordinates': [-87.629603052196, 41.866739935785]}",2025-09-28,Sunday,9,Near West Side 4,494.7,Near South Side,NEAR SOUTH SIDE
601749344,Air Pollution Work Order,2035 N NAGLE AVE,2035,N,NAGLE,AVE,3308.0,2025-09-28,Neighbor has repeatedly been burning garbage in her backyard despite our best efforts of asking themto stop. We have forwarded them the ordinance stating this is illegal and in one instance had to call thefire departme&nbsp;,DEPT. OF PUBLIC HEALTH,Complaint Valid,2025-09-29,41.91741704384785,-87.78633270477091,"{'type': 'Point', 'coordinates': [-87.786332704771, 41.917417043848]}",2025-09-28,Sunday,9,Montclare 2,1148.0,Belmont Cragin,"BELMONT CRAGIN,HERMOSA"
601749668,Air Pollution Work Order,10430 S GREEN BAY AVE,10430,S,GREEN BAY,AVE,13776.0,2025-09-28,,DEPT. OF PUBLIC HEALTH,Alleged violation not found,2025-09-29,41.70546319456051,-87.5414854528099,"{'type': 'Point', 'coordinates': [-87.54148545281, 41.705463194561]}",2025-09-28,Sunday,9,East Side 3,689.1,East Side,SOUTHEAST SIDE
601749632,Air Pollution Work Order,6116 S KARLOV AVE,6116,S,KARLOV,AVE,84397.0,2025-09-28,,DEPT. OF PUBLIC HEALTH,Alleged violation unfounded,2025-10-03,41.78172195811051,-87.72543480054257,"{'type': 'Point', 'coordinates': [-87.725434800543, 41.781721958111]}",2025-09-28,Sunday,9,West Lawn 2,631.2,West Lawn,WEST LAWN
601749508,Air Pollution Work Order,2740 S TRUMBULL AVE,2740,S,TRUMBULL,AVE,425726.0,2025-09-28,,DEPT. OF PUBLIC HEALTH,Resolved,2025-10-01,41.84137792121985,-87.711195195639,"{'type': 'Point', 'coordinates': [-87.711195195639, 41.84137792122]}",2025-09-28,Sunday,9,South Lawndale 2,654.9,Little Village,LITTLE VILLAGE
601749653,Air Pollution Work Order,10002 S TORRENCE AVE,10002,S,TORRENCE,AVE,10937.0,2025-09-28,My family deals with constant headaches and nausea. We moved here in May and have been dealing with these issuessince then. I’m considering to sell my home before we find out in 20 years that we all have cancer or dead.&nbsp;The smells are toxic hydrogen sulfide and dangerous to the community. the company is releasingthese chemicals at night. I’ve been woken up from the smells with constant headaches and nausea,DEPT. OF PUBLIC HEALTH,Complaint Valid,2025-09-29,41.71332321880152,-87.5598940526423,"{'type': 'Point', 'coordinates': [-87.559894052642, 41.713323218802]}",2025-09-28,Sunday,9,South Deering 2,595.8,South Deering,SOUTHEAST SIDE
601749624,Air Pollution Work Order,4533 S KEDVALE AVE,4533,S,KEDVALE,AVE,425726.0,2025-09-28,"usually happen at late night or early morning, around 1-3 am or 5-6 am. Sometime strongly human waste or sewer smell.They have a hens at the backyard, not sure if because of that but those smell are too bad that can't even sleep with windows open",DEPT. OF PUBLIC HEALTH,Resolved,2025-09-30,41.81048851892273,-87.72720604194397,"{'type': 'Point', 'coordinates': [-87.727206041944, 41.810488518923]}",2025-09-28,Sunday,9,Archer Heights 2,805.5,Archer Heights,"ARCHER HEIGHTS,WEST ELSDON"
601749570,Air Pollution Work Order,3100 S LAWNDALE AVE,3100,S,LAWNDALE,AVE,425726.0,2025-09-28,"Very strong smell of sulfur and dynamite the outside and inside homeWhere did you observe the dust? (Select all that apply):: OtherIf other please describe?:All the surrounding street near 31st and Lawndale with loud continuoussounds od explosions&nbsp;How would you describe the dust? (e.g., color, thickness,odor, etc.): Light browns / yellow&nbsp;What were the wind conditions?: Calm&nbsp;What direction was the wind blowing?: S&nbsp;From where was the dust blowing? (Please includeapproximate address.): From 31st and LawndaleSpecify the date the dust was observed.: 2025-09-27&nbsp;Specify the time the dust was observed.: 23:00:00:000",DEPT. OF PUBLIC HEALTH,Resolved,2025-09-30,41.83691778809398,-87.71717477757286,"{'type': 'Point', 'coordinates': [-87.717174777573, 41.836917788094]}",2025-09-28,Sunday,9,South Lawndale 3,443.3,Little Village,LITTLE VILLAGE
601749291,Air Pollution Work Order,1802 W 17TH ST,1802,W,17TH,ST,443615.0,2025-09-28,,DEPT. OF PUBLIC HEALTH,Refer to other Depts,2025-09-29,41.858746303043375,-87.6713230336131,"{'type': 'Point', 'coordinates': [-87.671323033613, 41.858746303043]}",2025-09-28,Sunday,9,Lower West Side 2,668.1,Lower West Side,LOWER WEST SIDE
601749295,Air Pollution Work Order,1802 W 17TH ST,1802,W,17TH,ST,443615.0,2025-09-28,,DEPT. OF PUBLIC HEALTH,Refer to other Depts,2025-09-29,41.858746303043375,-87.6713230336131,"{'type': 'Point', 'coordinates': [-87.671323033613, 41.858746303043]}",2025-09-28,Sunday,9,Lower West Side 2,668.1,Lower West Side,LOWER WEST SIDE
601749261,Air Pollution Work Order,1255 S STATE ST,1255,S,STATE,ST,451826.0,2025-09-28,"We are near orange, green red line &amp; jewel osco",DEPT. OF PUBLIC HEALTH,Alleged violation not found,2025-09-29,41.86593147276504,-87.62724010325859,"{'type': 'Point', 'coordinates': [-87.627240103259, 41.865931472765]}",2025-09-28,Sunday,9,Near West Side 4,665.9,Near South Side,NEAR SOUTH SIDE
601749114,Air Pollution Work Order,1214 S FEDERAL ST,1214,S,FEDERAL,ST,451826.0,2025-09-28,THE SMELL IS IN THE AIR OUTSIDE FROM ROOSEVELT TO CLARK TO ASHLAND&nbsp;,DEPT. OF PUBLIC HEALTH,Alleged violation not found,2025-09-29,41.86673993578543,-87.62960305219573,"{'type': 'Point', 'coordinates': [-87.629603052196, 41.866739935785]}",2025-09-28,Sunday,9,Near West Side 4,494.7,Near South Side,NEAR SOUTH SIDE
601749261,Air Pollution Work Order,1255 S STATE ST,1255,S,STATE,ST,451826.0,2025-09-28,"We are near orange, green red line &amp; jewel osco",DEPT. OF PUBLIC HEALTH,Alleged violation not found,2025-09-29,41.86593147276504,-87.62724010325859,"{'type': 'Point', 'coordinates': [-87.627240103259, 41.865931472765]}",2025-09-28,Sunday,9,Near West Side 4,665.9,Near South Side,NEAR SOUTH SIDE
601749630,Air Pollution Work Order,5848 S NORDICA AVE,5848,S,NORDICA,AVE,129151.0,2025-09-28,,DEPT. OF PUBLIC HEALTH,Resolved,2025-09-30,41.785132012113294,-87.79760349090233,"{'type': 'Point', 'coordinates': [-87.797603490902, 41.785132012113]}",2025-09-28,Sunday,9,Garfield Ridge 4,335.4,Garfield Ridge,MIDWAY AIRPORT
601750078,Air Pollution Work Order,8728 S PRAIRIE AVE,8728,S,PRAIRIE,AVE,13776.0,2025-09-29,,DEPT. OF PUBLIC HEALTH,Resolved,2025-09-30,41.73565986116137,-87.61788161296529,"{'type': 'Point', 'coordinates': [-87.617881612965, 41.735659861161]}",2025-09-29,Monday,9,Chatham 1,436.8,Chatham,"CHATHAM,BURNSIDE"
601749031,Air Pollution Work Order,9363 S LONGWOOD DR,9363,S,LONGWOOD,DR,8386.0,2025-09-29,I am unsure the source of the odor. It is present intermittently and has been ongoing for several months.,DEPT. OF PUBLIC HEALTH,Alleged violation not found,2025-09-29,41.72357833558875,-87.66811331147206,"{'type': 'Point', 'coordinates': [-87.668113311472, 41.723578335589]}",2025-09-29,Monday,9,Beverly 2,725.5,Beverly,BEVERLY
601750175,Air Pollution Work Order,1400 S JEAN BAPTISTE POINTE DUSABLE LAKE SHORE DR,1400,S,JEAN BAPTISTE POINTE DUSABLE LAKE SHORE,DR,437489.0,2025-09-29,Digital reality generators are on and can smell high level of diesel in the neighborhood…. Worried about my health,DEPT. OF PUBLIC HEALTH,Alleged violation not found,2025-09-30,41.86403563981369,-87.61929706919213,"{'type': 'Point', 'coordinates': [-87.619297069192, 41.864035639814]}",2025-09-29,Monday,9,Near South Side 1,370.5,Museum Campus,MUSEUM CAMPUS
601749681,Air Pollution Work Order,7201 S CICERO AVE,7201,S,CICERO,AVE,8386.0,2025-09-29,Per caller says the dust/fumes/emissions from the trucks leaving in and out of the industrial site,DEPT. OF PUBLIC HEALTH,Complaint Valid,2025-09-30,41.76184806355745,-87.74167064734948,"{'type': 'Point', 'coordinates': [-87.741670647349, 41.761848063557]}",2025-09-29,Monday,9,West Lawn 4,326.2,West Lawn,WEST LAWN
601749681,Air Pollution Work Order,7201 S CICERO AVE,7201,S,CICERO,AVE,8386.0,2025-09-29,Per caller says the dust/fumes/emissions from the trucks leaving in and out of the industrial site,DEPT. OF PUBLIC HEALTH,Complaint Valid,2025-09-30,41.76184806355745,-87.74167064734948,"{'type': 'Point', 'coordinates': [-87.741670647349, 41.761848063557]}",2025-09-29,Monday,9,West Lawn 4,326.2,West Lawn,WEST LAWN
601750164,Air Pollution Work Order,1400 S JEAN BAPTISTE POINTE DUSABLE LAKE SHORE DR,1400,S,JEAN BAPTISTE POINTE DUSABLE LAKE SHORE,DR,437489.0,2025-09-29,I have to close my windows everyday when they run the generators. It is also very loud,DEPT. OF PUBLIC HEALTH,Alleged violation not found,2025-09-30,41.86403563981369,-87.61929706919213,"{'type': 'Point', 'coordinates': [-87.619297069192, 41.864035639814]}",2025-09-29,Monday,9,Near South Side 1,370.5,Museum Campus,MUSEUM CAMPUS
601750597,Air Pollution Work Order,4720 W PENSACOLA AVE,4720,W,PENSACOLA,AVE,431068.0,2025-09-30,"Not sure where the smell is coming from but it is very strong and comes and goes.. it can be smelled outside near the alley, down the street and some days can make it into the building",DEPT. OF PUBLIC HEALTH,Complaint Valid,2025-10-01,41.95992914037557,-87.74671934657887,"{'type': 'Point', 'coordinates': [-87.746719346579, 41.959929140376]}",2025-09-30,Tuesday,9,Irving Park 1,346.3,Portage Park,PORTAGE PARK
601750113,Air Pollution Work Order,2701 E 100TH ST,2701,E,100TH,ST,10937.0,2025-09-30,per the caller the area smells of rotting meat,DEPT. OF PUBLIC HEALTH,Complaint Valid,2025-09-30,41.71324291275156,-87.55803846897774,"{'type': 'Point', 'coordinates': [-87.558038468978, 41.713242912752]}",2025-09-30,Tuesday,9,South Deering 2,442.3,South Deering,SOUTHEAST SIDE
601750596,Air Pollution Work Order,5709 N VIRGINIA AVE,5709,N,VIRGINIA,AVE,451826.0,2025-09-30,Sewer odor in neighborhood,DEPT. OF PUBLIC HEALTH,Alleged violation not found,2025-10-02,41.98515513601653,-87.70553817877052,"{'type': 'Point', 'coordinates': [-87.705538178771, 41.985155136017]}",2025-09-30,Tuesday,9,West Ridge 5,482.6,West Ridge,WEST RIDGE
601750582,Air Pollution Work Order,6331 S KOLIN AVE,6331,S,KOLIN,AVE,8386.0,2025-09-30,,DEPT. OF PUBLIC HEALTH,Alleged violation not found,2025-10-01,41.777555135860986,-87.73113100528838,"{'type': 'Point', 'coordinates': [-87.731131005288, 41.777555135861]}",2025-09-30,Tuesday,9,West Lawn 1,455.2,West Lawn,WEST LAWN
601750596,Air Pollution Work Order,5709 N VIRGINIA AVE,5709,N,VIRGINIA,AVE,451826.0,2025-09-30,Sewer odor in neighborhood,DEPT. OF PUBLIC HEALTH,Alleged violation not found,2025-10-02,41.98515513601653,-87.70553817877052,"{'type': 'Point', 'coordinates': [-87.705538178771, 41.985155136017]}",2025-09-30,Tuesday,9,West Ridge 5,482.6,West Ridge,WEST RIDGE
601750660,Air Pollution Work Order,209 W JACKSON BLVD,209,W,JACKSON,BLVD,249349.0,2025-09-30,,DEPT. OF PUBLIC HEALTH,Alleged violation not found,2025-09-30,41.87800606262711,-87.63402203216754,"{'type': 'Point', 'coordinates': [-87.634022032168, 41.878006062627]}",2025-09-30,Tuesday,9,Loop 1,404.2,Loop,LOOP
601751834,Air Pollution Work Order,1527 N CLAREMONT AVE,1527,N,CLAREMONT,AVE,417325.0,2025-10-01,,DEPT. OF PUBLIC HEALTH,Complaint Valid,2025-10-02,41.9093398264572,-87.6858281774116,"{'type': 'Point', 'coordinates': [-87.685828177412, 41.909339826457]}",2025-10-01,Wednesday,10,West Town 1,408.1,Wicker Park,"WICKER PARK,WEST TOWN"
601751837,Air Pollution Work Order,1056 W GLENLAKE AVE,1056,W,GLENLAKE,AVE,3308.0,2025-10-01,CALLER STATES AT CORNER OF WINTHROP AND WEST GLEN LAKE THERE IS AN GAS ODOR SMELL INTHE AIR/NOW COMING INTO THE CALLERS WINDOWS CALLER ALSO STATES THIS HAPPENS EVERYNITE NOW,DEPT. OF PUBLIC HEALTH,Complaint Valid,2025-10-02,41.99243483926736,-87.65771181665191,"{'type': 'Point', 'coordinates': [-87.657711816652, 41.992434839267]}",2025-10-01,Wednesday,10,Edgewater 2,738.6,Edgewater,EDGEWATER
601751810,Air Pollution Work Order,3440 N KNOX AVE,3440,N,KNOX,AVE,10937.0,2025-10-01,"BURNING METAL SMELL COMING FROM THE REAR OF THE FACTORY, SAYS THE ISSUE WAS RELIEVEDOVER A YEAR AGO, BUT NOW THE PROBLEM IS BACK. CALLER WONDERS IF THEY INSTALLED FILTERS AND NOWTHEY NEED TO BE CHANGED.&nbsp;",DEPT. OF PUBLIC HEALTH,Resolved,2025-10-02,41.94373256812686,-87.74290449679378,"{'type': 'Point', 'coordinates': [-87.742904496794, 41.943732568127]}",2025-10-01,Wednesday,10,Portage Park 3,618.3,Portage Park,PORTAGE PARK
601751558,Air Pollution Work Order,4416 W DEMING PL,4416,W,DEMING,PL,431068.0,2025-10-01,,DEPT. OF PUBLIC HEALTH,Alleged violation not found,2025-10-02,41.92744546401838,-87.7374130380758,"{'type': 'Point', 'coordinates': [-87.737413038076, 41.927445464018]}",2025-10-01,Wednesday,10,Hermosa 1,198.9,Hermosa,"BELMONT CRAIGIN,HERMOSA"
601750850,Air Pollution Work Order,2455 S DAMEN AVE,2455,S,DAMEN,AVE,443615.0,2025-10-01,,DEPT. OF PUBLIC HEALTH,Resolved,2025-10-01,41.84699099769368,-87.67555861123635,"{'type': 'Point', 'coordinates': [-87.675558611236, 41.846990997694]}",2025-10-01,Wednesday,10,Lower West Side 2,856.8,Lower West Side,LOWER WEST SIDE
601751564,Air Pollution Work Order,3663 S MARSHFIELD AVE,3663,S,MARSHFIELD,AVE,417337.0,2025-10-01,,DEPT. OF PUBLIC HEALTH,Alleged violation not found,2025-10-02,41.82693065487932,-87.66649668217552,"{'type': 'Point', 'coordinates': [-87.666496682176, 41.826930654879]}",2025-10-01,Wednesday,10,McKinley Park 2,248.9,Mckinley Park,"BRIGHTON PARK,MCKINLEY PARK"
601751817,Air Pollution Work Order,2252 W 79TH ST,2252,W,79TH,ST,249349.0,2025-10-01,"ONce again, they are moving dirt with no dust controls. Dust is blanketing our property and going into the neighborhood.THe city had previously fined them for this dust issue.",DEPT. OF PUBLIC HEALTH,Alleged violation founded,2025-10-02,41.75024195219711,-87.68005387812475,"{'type': 'Point', 'coordinates': [-87.680053878125, 41.750241952197]}",2025-10-01,Wednesday,10,Ashburn 4,504.1,Ashburn,ASHBURN
601752109,Air Pollution Work Order,2055 W PERSHING RD,2055,W,PERSHING,RD,417337.0,2025-10-02,STRONG SMELL EMITTING THROUGH THE AREA,DEPT. OF PUBLIC HEALTH,Alleged violation unfounded,2025-10-03,41.822972765727336,-87.67702220737627,"{'type': 'Point', 'coordinates': [-87.677022207376, 41.822972765727]}",2025-10-02,Thursday,10,McKinley Park 2,815.1,New City,BACK OF THE YARDS
601752110,Air Pollution Work Order,1301 E 99TH ST,1301,E,99TH,ST,249349.0,2025-10-02,"&nbsp;Smells awful, can’t breathe.&nbsp;",DEPT. OF PUBLIC HEALTH,Alleged violation founded,2025-10-03,41.714765016825176,-87.59210706237661,"{'type': 'Point', 'coordinates': [-87.592107062377, 41.714765016825]}",2025-10-02,Thursday,10,Pullman 2,675.4,Pullman,PULLMAN
601752110,Air Pollution Work Order,1301 E 99TH ST,1301,E,99TH,ST,249349.0,2025-10-02,"&nbsp;Smells awful, can’t breathe.&nbsp;",DEPT. OF PUBLIC HEALTH,Alleged violation founded,2025-10-03,41.714765016825176,-87.59210706237661,"{'type': 'Point', 'coordinates': [-87.592107062377, 41.714765016825]}",2025-10-02,Thursday,10,Pullman 2,675.4,Pullman,PULLMAN
601751850,Air Pollution Work Order,3639 W 62ND PL,3639,W,62ND,PL,8386.0,2025-10-02,Theres an unbearable rotten smell that comes from the house next door. The smell is really strong that one can’t sit outside,DEPT. OF PUBLIC HEALTH,Alleged violation not found,2025-10-03,41.7795889844244,-87.71462107837047,"{'type': 'Point', 'coordinates': [-87.71462107837, 41.779588984424]}",2025-10-02,Thursday,10,West Lawn 2,532.6,West Lawn,WEST LAWN
601752103,Air Pollution Work Order,3663 S MARSHFIELD AVE,3663,S,MARSHFIELD,AVE,417337.0,2025-10-02,: Smelled very strong last night. Was gone this morning and back again this evening with a strong foul odor,DEPT. OF PUBLIC HEALTH,Alleged violation not found,2025-10-03,41.82693065487932,-87.66649668217552,"{'type': 'Point', 'coordinates': [-87.666496682176, 41.826930654879]}",2025-10-02,Thursday,10,McKinley Park 2,248.9,Mckinley Park,"BRIGHTON PARK,MCKINLEY PARK"
601752100,Air Pollution Work Order,3803 S WOLCOTT AVE,3803,S,WOLCOTT,AVE,417337.0,2025-10-03,&nbsp;Smells from Honore west to park&nbsp;,DEPT. OF PUBLIC HEALTH,Alleged violation unfounded,2025-10-03,41.82480772652981,-87.67254487080712,"{'type': 'Point', 'coordinates': [-87.672544870807, 41.82480772653]}",2025-10-03,Friday,10,McKinley Park 2,405.2,Mckinley Park,"BRIGHTON PARK,MCKINLEY PARK"
601752098,Air Pollution Work Order,4136 N KEDZIE AVE,4136,N,KEDZIE,AVE,3308.0,2025-10-03,,DEPT. OF PUBLIC HEALTH,Resolved,2025-10-03,41.95686997627615,-87.70825405022677,"{'type': 'Point', 'coordinates': [-87.708254050227, 41.956869976276]}",2025-10-03,Friday,10,Albany Park 2,613.0,Irving Park,"IRVING PARK,AVONDALE"
601752674,Air Pollution Work Order,2724 N LEHMANN CT,2724,N,LEHMANN,CT,379542.0,2025-10-03,,DEPT. OF PUBLIC HEALTH,Resolved,2025-10-07,41.93210642833007,-87.64369623572675,"{'type': 'Point', 'coordinates': [-87.643696235727, 41.93210642833]}",2025-10-03,Friday,10,Lake View 3,678.9,Lincoln Park,LINCOLN PARK
601752097,Air Pollution Work Order,12100 S STONY ISLAND AVE,12100,S,STONY ISLAND,AVE,10937.0,2025-10-03,,DEPT. OF PUBLIC HEALTH,Resolved,2025-10-06,41.67538462666333,-87.57553071866162,"{'type': 'Point', 'coordinates': [-87.575530718662, 41.675384626663]}",2025-10-03,Friday,10,South Deering 6,1033.9,South Deering,SOUTHEAST SIDE
601752654,Air Pollution Work Order,2055 W PERSHING RD,2055,W,PERSHING,RD,417337.0,2025-10-03,The smell of asphalt has been incredibly strong on and off all day (starting in the morning). I can smell it in my house and on the streets as of 4pm today.,DEPT. OF PUBLIC HEALTH,Alleged violation not found,2025-10-06,41.822972765727336,-87.67702220737627,"{'type': 'Point', 'coordinates': [-87.677022207376, 41.822972765727]}",2025-10-03,Friday,10,McKinley Park 2,815.1,New City,BACK OF THE YARDS
601752574,Air Pollution Work Order,8708 S PRAIRIE AVE,8708,S,PRAIRIE,AVE,13776.0,2025-10-03,,DEPT. OF PUBLIC HEALTH,Alleged violation unfounded,2025-10-06,41.73617154132096,-87.6178973666775,"{'type': 'Point', 'coordinates': [-87.617897366677, 41.736171541321]}",2025-10-03,Friday,10,Chatham 1,386.3,Chatham,"CHATHAM,BURNSIDE"
601752624,Air Pollution Work Order,3924 W DIVERSEY AVE,3924,W,DIVERSEY,AVE,3308.0,2025-10-03,"When parking on N Harding on the side of the building, it has occurred twice that my car was covered in oil probably due to frying exhaust from the restaurant. It is so bad I have to get a car wash",DEPT. OF PUBLIC HEALTH,Resolved,2025-10-06,41.93191768434188,-87.725544754742,"{'type': 'Point', 'coordinates': [-87.725544754742, 41.931917684342]}",2025-10-03,Friday,10,Logan Square 1,602.8,Avondale,"IRVING PARK,AVONDALE"
601752632,Air Pollution Work Order,744 W GORDON TER,744,W,GORDON,TER,3308.0,2025-10-03,Sewer gas coming out of the sewer. It's affecting the entire neighborhood,DEPT. OF PUBLIC HEALTH,Alleged violation not found,2025-10-06,41.95796528551364,-87.64915911227052,"{'type': 'Point', 'coordinates': [-87.649159112271, 41.957965285514]}",2025-10-03,Friday,10,Uptown 3,618.0,Uptown,UPTOWN
601752107,Air Pollution Work Order,2055 W PERSHING RD,2055,W,PERSHING,RD,417337.0,2025-10-03,"&nbsp;Strong asphalt odors as soon as I step outside this morning at 7:45am. This is over 1500 ft from the asphalt plant, and theyare creating a nuisance odor. This is a violation of their permit-please send enforcement today",DEPT. OF PUBLIC HEALTH,Alleged violation not found,2025-10-03,41.822972765727336,-87.67702220737627,"{'type': 'Point', 'coordinates': [-87.677022207376, 41.822972765727]}",2025-10-03,Friday,10,McKinley Park 2,815.1,New City,BACK OF THE YARDS
601752642,Air Pollution Work Order,2452 S SPAULDING AVE,2452,S,SPAULDING,AVE,437489.0,2025-10-03,OUTSIDE LOUD SEWER SMELL IN THE AIR EVERYNITE NOW AROUND THIS TIME PER THE CALLER,DEPT. OF PUBLIC HEALTH,Alleged violation not found,2025-10-06,41.84655209333763,-87.70768389869978,"{'type': 'Point', 'coordinates': [-87.7076838987, 41.846552093338]}",2025-10-03,Friday,10,South Lawndale 2,783.8,Little Village,LITTLE VILLAGE
601752581,Air Pollution Work Order,7900 S MICHIGAN AVE,7900,S,MICHIGAN,AVE,8386.0,2025-10-03,Chemical smell in area,DEPT. OF PUBLIC HEALTH,Alleged violation not found,2025-10-07,41.75091396559496,-87.62152996329469,"{'type': 'Point', 'coordinates': [-87.621529963295, 41.750913965595]}",2025-10-03,Friday,10,Greater Grand Crossing 5,195.3,Chatham,"CHATHAM,BURNSIDE"
601752635,Air Pollution Work Order,727 W MADISON ST,727,W,MADISON,ST,470070.0,2025-10-04,,DEPT. OF PUBLIC HEALTH,Resolved,2025-10-06,41.88167803043607,-87.64672118702373,"{'type': 'Point', 'coordinates': [-87.646721187024, 41.881678030436]}",2025-10-04,Saturday,10,Near West Side 3,674.1,Greektown,GREEKTOWN
601752629,Air Pollution Work Order,10314 S EBERHART AVE,10314,S,EBERHART,AVE,84397.0,2025-10-04,It seems there is release of obnoxious content in the air in the rosemoor area. Please find out who is poisoning us. I would like know how can stop this,DEPT. OF PUBLIC HEALTH,Alleged violation not found,2025-10-07,41.7068610979995,-87.61146240699263,"{'type': 'Point', 'coordinates': [-87.611462406993, 41.706861098]}",2025-10-04,Saturday,10,Pullman 3,908.7,Roseland,"WASHINGTON HEIGHTS,ROSELAND"
601753100,Air Pollution Work Order,9819 S MUSKEGON AVE,9819,S,MUSKEGON,AVE,84397.0,2025-10-06,,DEPT. OF PUBLIC HEALTH,Alleged violation unfounded,2025-10-07,41.71668320412582,-87.55498830394086,"{'type': 'Point', 'coordinates': [-87.554988303941, 41.716683204126]}",2025-10-06,Monday,10,South Deering 2,404.8,South Deering,SOUTHEAST SIDE
601752644,Air Pollution Work Order,2055 W PERSHING RD,2055,W,PERSHING,RD,417337.0,2025-10-06,I once again woke up to the strong smell of asphalt fumes in my entire home. I have the common accompanying headache and scratchy throat that I often feel upon waking up in an apartment that smells this strongly from asphalt fumes.,DEPT. OF PUBLIC HEALTH,Alleged violation not found,2025-10-06,41.822972765727336,-87.67702220737627,"{'type': 'Point', 'coordinates': [-87.677022207376, 41.822972765727]}",2025-10-06,Monday,10,McKinley Park 2,815.1,New City,BACK OF THE YARDS
601752641,Air Pollution Work Order,2701 E 100TH ST,2701,E,100TH,ST,84397.0,2025-10-06,,DEPT. OF PUBLIC HEALTH,Alleged violation not found,2025-10-07,41.71324291275156,-87.55803846897774,"{'type': 'Point', 'coordinates': [-87.558038468978, 41.713242912752]}",2025-10-06,Monday,10,South Deering 2,442.3,South Deering,SOUTHEAST SIDE
601753097,Air Pollution Work Order,3801 S HONORE ST,3801,S,HONORE,ST,437489.0,2025-10-06,"Smell in the house and down the street. Started around 8AM and continues strong all day, from Honore to the park",DEPT. OF PUBLIC HEALTH,Alleged violation not found,2025-10-07,41.82487574264394,-87.67131259092224,"{'type': 'Point', 'coordinates': [-87.671312590922, 41.824875742644]}",2025-10-06,Monday,10,McKinley Park 2,341.1,Mckinley Park,"BRIGHTON PARK,MCKINLEY PARK"
601753818,Air Pollution Work Order,10426 S TORRENCE AVE,10426,S,TORRENCE,AVE,84397.0,2025-10-07,,DEPT. OF PUBLIC HEALTH,Alleged violation not found,2025-10-08,41.705574705706006,-87.5597872471096,"{'type': 'Point', 'coordinates': [-87.55978724711, 41.705574705706]}",2025-10-07,Tuesday,10,South Deering 3,654.7,South Deering,SOUTHEAST SIDE
601753810,Air Pollution Work Order,3005 W FRANKLIN BLVD,3005,W,FRANKLIN,BLVD,443615.0,2025-10-07,S AND B POWER CODING,DEPT. OF PUBLIC HEALTH,Complaint Valid,2025-10-08,41.89001883539864,-87.7018905231205,"{'type': 'Point', 'coordinates': [-87.70189052312, 41.890018835399]}",2025-10-07,Tuesday,10,Humboldt Park 3,139.5,Humboldt Park,HUMBOLDT PARK
601753815,Air Pollution Work Order,1400 N MONITOR AVE,1400,N,MONITOR,AVE,451826.0,2025-10-07,,DEPT. OF PUBLIC HEALTH,Alleged violation not found,2025-10-08,41.90576166555161,-87.77199490452783,"{'type': 'Point', 'coordinates': [-87.771994904528, 41.905761665552]}",2025-10-07,Tuesday,10,Austin 9,297.4,Austin,AUSTIN
601753806,Air Pollution Work Order,3020 N ODELL AVE,3020,N,ODELL,AVE,431068.0,2025-10-07,Daily this neighbor keeps burning material in the fire pit. It smells like plastic/chemicals/treated wood. We have issue breathing.,DEPT. OF PUBLIC HEALTH,Resolved,2025-10-08,41.93509677057408,-87.81045599540433,"{'type': 'Point', 'coordinates': [-87.810455995404, 41.935096770574]}",2025-10-07,Tuesday,10,Montclare 1,948.6,Dunning,DUNNING
601753799,Air Pollution Work Order,111 E MONROE DR,111,E,MONROE,DR,437489.0,2025-10-07,Sewer smell is strong after rain,DEPT. OF PUBLIC HEALTH,Referred to another agency,2025-10-08,41.88072322278051,-87.62392297214889,"{'type': 'Point', 'coordinates': [-87.623922972149, 41.880723222781]}",2025-10-07,Tuesday,10,Loop 2,429.9,Grant Park,GRANT PARK
601753800,Air Pollution Work Order,10359 S TORRENCE AVE,10359,S,TORRENCE,AVE,84397.0,2025-10-07,,DEPT. OF PUBLIC HEALTH,Alleged violation unfounded,2025-10-08,41.70648742697794,-87.55949850858342,"{'type': 'Point', 'coordinates': [-87.559498508583, 41.706487426978]}",2025-10-07,Tuesday,10,South Deering 3,689.3,South Deering,SOUTHEAST SIDE
601754734,Air Pollution Work Order,2458 W MOFFAT ST,2458,W,MOFFAT,ST,451826.0,2025-10-08,CAT URINE AND BURNT RUBBER SMELL,DEPT. OF PUBLIC HEALTH,Alleged violation unfounded,2025-10-09,41.91494584241689,-87.68966296727474,"{'type': 'Point', 'coordinates': [-87.689662967275, 41.914945842417]}",2025-10-08,Wednesday,10,West Town 1,739.6,Logan Square,LOGAN SQUARE
601753786,Air Pollution Work Order,500 S DEARBORN ST,500,S,DEARBORN,ST,379542.0,2025-10-08,caller says there is a gas smell in the area,DEPT. OF PUBLIC HEALTH,Resolved,2025-10-08,41.87556910960446,-87.62938322586831,"{'type': 'Point', 'coordinates': [-87.629383225868, 41.875569109604]}",2025-10-08,Wednesday,10,Loop 1,861.0,Loop,LOOP
601755144,Air Pollution Work Order,3343 N ODELL AVE,3343,N,ODELL,AVE,443615.0,2025-10-09,CALLER SAYS THERE IS A BURNING PLASTIC SMELL ALL AROUND THIS NEIGHBORHOOD,DEPT. OF PUBLIC HEALTH,Alleged violation not found,2025-10-10,41.94095952843089,-87.81033385529794,"{'type': 'Point', 'coordinates': [-87.810333855298, 41.940959528431]}",2025-10-09,Thursday,10,Montclare 1,1094.5,Dunning,DUNNING
601756759,Air Pollution Work Order,10815 S MACKINAW AVE,10815,S,MACKINAW,AVE,249349.0,2025-10-09,CALLER IS REPORTING A STRONG CHEMICAL ODOR IN THE AIR FROM AN&nbsp; UNKNOWN SOURCE. CALLER STATES THIS OCCURS OFTEN BUT WAS VERY STRONG&nbsp; TONIGHT,DEPT. OF PUBLIC HEALTH,Alleged violation not found,2025-10-14,41.69865398119701,-87.54241455963665,"{'type': 'Point', 'coordinates': [-87.542414559637, 41.698653981197]}",2025-10-09,Thursday,10,East Side 3,562.3,East Side,SOUTHEAST SIDE
601754741,Air Pollution Work Order,2055 W PERSHING RD,2055,W,PERSHING,RD,3308.0,2025-10-09,,DEPT. OF PUBLIC HEALTH,Alleged violation not found,2025-10-09,41.822972765727336,-87.67702220737627,"{'type': 'Point', 'coordinates': [-87.677022207376, 41.822972765727]}",2025-10-09,Thursday,10,McKinley Park 2,815.1,New City,BACK OF THE YARDS
601755143,Air Pollution Work Order,6647 N OTTAWA AVE,6647,N,OTTAWA,AVE,437489.0,2025-10-09,Dust and odors coming from garage.&nbsp;Wood dust from sawing and odors coming from unlicensed businessoperating in garage.,DEPT. OF PUBLIC HEALTH,Resolved,2025-10-10,42.00162239530944,-87.82017898395449,"{'type': 'Point', 'coordinates': [-87.820178983954, 42.001622395309]}",2025-10-09,Thursday,10,Edison Park 2,353.5,Edison Park,EDISON PARK
601755141,Air Pollution Work Order,13100 S AVENUE O,13100,S,AVENUE O,,84397.0,2025-10-09,"&nbsp;very heavy odor, burning your eyes and nose",DEPT. OF PUBLIC HEALTH,Alleged violation unfounded,2025-10-10,41.65721629274453,-87.54003040079537,"{'type': 'Point', 'coordinates': [-87.540030400795, 41.657216292745]}",2025-10-09,Thursday,10,Hegewisch 2,816.2,Hegewisch,SOUTHEAST SIDE
601756334,Air Pollution Work Order,2055 W PERSHING RD,2055,W,PERSHING,RD,417337.0,2025-10-10,The smell of asphalt has permeated my entire apartment since the early morning hours. It is only getting strongerthroughout the day and has been occurring all week. Please send an inspector to experience how far the smells from this facility travel.,DEPT. OF PUBLIC HEALTH,Alleged violation unfounded,2025-10-15,41.822972765727336,-87.67702220737627,"{'type': 'Point', 'coordinates': [-87.677022207376, 41.822972765727]}",2025-10-10,Friday,10,McKinley Park 2,815.1,New City,BACK OF THE YARDS
601756344,Air Pollution Work Order,1734 W 35TH ST,1734,W,35TH,ST,417337.0,2025-10-10,Smells all down 35th and south to Pershing,DEPT. OF PUBLIC HEALTH,Alleged violation not found,2025-10-15,41.830566782812056,-87.66932536376123,"{'type': 'Point', 'coordinates': [-87.669325363761, 41.830566782812]}",2025-10-10,Friday,10,McKinley Park 2,332.1,Mckinley Park,"BRIGHTON PARK,MCKINLEY PARK"
601756238,Air Pollution Work Order,7955 S WOODLAWN AVE,7955,S,WOODLAWN,AVE,13776.0,2025-10-10,,DEPT. OF PUBLIC HEALTH,Alleged violation unfounded,2025-10-14,41.74971847914243,-87.59530280121848,"{'type': 'Point', 'coordinates': [-87.595302801218, 41.749718479142]}",2025-10-10,Friday,10,Greater Grand Crossing 4,678.8,Avalon Park,"AVALON PARK,CALUMET HEIGHTS"
601755149,Air Pollution Work Order,1501 W WARREN BLVD,1501,W,WARREN,BLVD,451826.0,2025-10-10,Buffalo dump truck was polluting the air with the exhaust smoke/fumes I have a video as well but was unable to upload it.I’m happy to email it,DEPT. OF PUBLIC HEALTH,Resolved,2025-10-10,41.88226914040446,-87.66519381891177,"{'type': 'Point', 'coordinates': [-87.665193818912, 41.882269140404]}",2025-10-10,Friday,10,Near West Side 2,559.0,West Loop,WEST LOOP
601755145,Air Pollution Work Order,2141 W PERSHING RD,2141,W,PERSHING,RD,417337.0,2025-10-10,": On sidewalk, on the park side, along Pershing, I smell a strong smell from the asphalt factory. It is 6:00am on Oct 10. I seeemissions coming from the factory",DEPT. OF PUBLIC HEALTH,Alleged violation not found,2025-10-10,41.82295454378228,-87.67864968979961,"{'type': 'Point', 'coordinates': [-87.6786496898, 41.822954543782]}",2025-10-10,Friday,10,McKinley Park 1,801.0,New City,BACK OF THE YARDS
601755142,Air Pollution Work Order,12100 S STONY ISLAND AVE,12100,S,STONY ISLAND,AVE,84397.0,2025-10-10,,DEPT. OF PUBLIC HEALTH,Alleged violation unfounded,2025-10-10,41.67538462666333,-87.57553071866162,"{'type': 'Point', 'coordinates': [-87.575530718662, 41.675384626663]}",2025-10-10,Friday,10,South Deering 6,1033.9,South Deering,SOUTHEAST SIDE
601756277,Air Pollution Work Order,5225 N GLENWOOD AVE,5225,N,GLENWOOD,AVE,431068.0,2025-10-12,,DEPT. OF PUBLIC HEALTH,Alleged violation not found,2025-10-14,41.97700051805021,-87.66462725908339,"{'type': 'Point', 'coordinates': [-87.664627259083, 41.97700051805]}",2025-10-12,Sunday,10,Uptown 1,614.0,Andersonville,ANDERSONVILLE
601756349,Air Pollution Work Order,744 W GORDON TER,744,W,GORDON,TER,3308.0,2025-10-12,STRONG POTENT SMELL FROM SEWER.&nbsp;,DEPT. OF PUBLIC HEALTH,Alleged violation not found,2026-10-15,41.95796528551364,-87.64915911227052,"{'type': 'Point', 'coordinates': [-87.649159112271, 41.957965285514]}",2025-10-12,Sunday,10,Uptown 3,618.0,Uptown,UPTOWN
601756283,Air Pollution Work Order,5201 W IRVING PARK RD,5201,W,IRVING PARK,RD,431068.0,2025-10-12,,DEPT. OF PUBLIC HEALTH,Alleged violation not found,2025-10-14,41.95318684964313,-87.75726573467603,"{'type': 'Point', 'coordinates': [-87.757265734676, 41.953186849643]}",2025-10-12,Sunday,10,Portage Park 5,651.0,Portage Park,PORTAGE PARK
601756274,Air Pollution Work Order,5243 W BERENICE AVE,5243,W,BERENICE,AVE,431068.0,2025-10-12,Strange chemical smell in the neighborhood this morning. Can’t figure out where it’s coming from,DEPT. OF PUBLIC HEALTH,Alleged violation not found,2025-10-14,41.950430500873054,-87.7587901596773,"{'type': 'Point', 'coordinates': [-87.758790159677, 41.950430500873]}",2025-10-12,Sunday,10,Portage Park 5,366.0,Portage Park,PORTAGE PARK
601756306,Air Pollution Work Order,5047 N SHERIDAN RD,5047,N,SHERIDAN,RD,470070.0,2025-10-12,STRONG SEWAGE SMELL IN THE NEIGHBORHOOD,DEPT. OF PUBLIC HEALTH,Resolved,2025-10-14,41.974727551692375,-87.65481937662905,"{'type': 'Point', 'coordinates': [-87.654819376629, 41.974727551692]}",2025-10-12,Sunday,10,Uptown 2,124.7,Uptown,UPTOWN
601756321,Air Pollution Work Order,3658 S HOYNE AVE,3658,S,HOYNE,AVE,417337.0,2025-10-13,,DEPT. OF PUBLIC HEALTH,Alleged violation not found,2025-10-15,41.82680433536435,-87.67777105462926,"{'type': 'Point', 'coordinates': [-87.677771054629, 41.826804335364]}",2025-10-13,Monday,10,McKinley Park 1,682.6,Mckinley Park,"BRIGHTON PARK,MCKINLEY PARK"
601756328,Air Pollution Work Order,3100 W 39TH PL,3100,W,39TH,PL,249349.0,2025-10-13,,DEPT. OF PUBLIC HEALTH,Alleged violation not found,2025-10-14,41.821843535458896,-87.70216401104193,"{'type': 'Point', 'coordinates': [-87.702164011042, 41.821843535459]}",2025-10-13,Monday,10,Brighton Park 1,669.5,Brighton Park,"BRIGHTON PARK,MCKINLEY PARK"
601756214,Air Pollution Work Order,8108 S INGLESIDE AVE,8108,S,INGLESIDE,AVE,13776.0,2025-10-13,,DEPT. OF PUBLIC HEALTH,Alleged violation unfounded,2025-10-14,41.74734587828795,-87.601581947117,"{'type': 'Point', 'coordinates': [-87.601581947117, 41.747345878288]}",2025-10-13,Monday,10,Greater Grand Crossing 4,501.7,Chatham,"CHATHAM,BURNSIDE"
601756341,Air Pollution Work Order,1954 W IRVING PARK RD,1954,W,IRVING PARK,RD,417337.0,2025-10-13,,DEPT. OF PUBLIC HEALTH,Alleged violation not found,2025-10-14,41.95427019387145,-87.67848499779967,"{'type': 'Point', 'coordinates': [-87.6784849978, 41.954270193871]}",2025-10-13,Monday,10,Lake View 1,811.7,North Center,NORTH CENTER
601756348,Air Pollution Work Order,1445 W 37TH ST,1445,W,37TH,ST,10937.0,2025-10-13,"&nbsp;Burning electrical smell is all over the neighborhood, as far east/south as Honore and Pershing. It’s really strong- peoplewere initially looking for an electrical fire. This happens 1-2x/yr when Innova cleans stacks.",DEPT. OF PUBLIC HEALTH,Resolved,2025-10-14,41.82678722146961,-87.66237726720416,"{'type': 'Point', 'coordinates': [-87.662377267204, 41.82678722147]}",2025-10-13,Monday,10,McKinley Park 2,586.2,Mckinley Park,"BRIGHTON PARK,MCKINLEY PARK"
601756309,Air Pollution Work Order,4574 N MELVINA AVE,4574,N,MELVINA,AVE,3308.0,2025-10-13,neighbor at 4574 N Melvina Ave is burning trash/wood/cardboard in their backyard almost every night. Thick smoke andodor come into my house. It’s not a grill or fire pit. Causes cough.,DEPT. OF PUBLIC HEALTH,Alleged violation not found,2025-10-15,41.96420316494882,-87.78218236695156,"{'type': 'Point', 'coordinates': [-87.782182366952, 41.964203164949]}",2025-10-13,Monday,10,Portage Park 1,206.5,Portage Park,PORTAGE PARK
601756329,Air Pollution Work Order,3005 W FRANKLIN BLVD,3005,W,FRANKLIN,BLVD,10937.0,2025-10-13,CALLERS STATED STRONG FUMES ARE AFFECTING THE NEIGHBORHOOD WHERE ITS AFFECTINGCHILDREN AND SENIORS&nbsp;,DEPT. OF PUBLIC HEALTH,Alleged violation not found,2025-10-14,41.89001883539864,-87.7018905231205,"{'type': 'Point', 'coordinates': [-87.70189052312, 41.890018835399]}",2025-10-13,Monday,10,Humboldt Park 3,139.5,Humboldt Park,HUMBOLDT PARK
601756320,Air Pollution Work Order,3703 S WOLCOTT AVE,3703,S,WOLCOTT,AVE,417337.0,2025-10-13,Asphalt plant fumes&nbsp;,DEPT. OF PUBLIC HEALTH,Alleged violation not found,2025-10-15,41.82662337641412,-87.67258678507619,"{'type': 'Point', 'coordinates': [-87.672586785076, 41.826623376414]}",2025-10-13,Monday,10,McKinley Park 2,286.9,Mckinley Park,"BRIGHTON PARK,MCKINLEY PARK"
601756313,Air Pollution Work Order,3753 S WOLCOTT AVE,3753,S,WOLCOTT,AVE,417337.0,2025-10-13,Smell at issue on Wolcott and Honore from Pershing to 36th,DEPT. OF PUBLIC HEALTH,Alleged violation not found,2025-10-15,41.82520794025362,-87.67254302503706,"{'type': 'Point', 'coordinates': [-87.672543025037, 41.825207940254]}",2025-10-13,Monday,10,McKinley Park 2,372.4,Mckinley Park,"BRIGHTON PARK,MCKINLEY PARK"
601756267,Air Pollution Work Order,6644 W IMLAY ST,6644,W,IMLAY,ST,3308.0,2025-10-13,,DEPT. OF PUBLIC HEALTH,Alleged violation not found,2025-10-15,41.9992481527696,-87.79411521478055,"{'type': 'Point', 'coordinates': [-87.794115214781, 41.99924815277]}",2025-10-13,Monday,10,Norwood Park 2,1029.2,Norwood Park,NORWOOD PARK
601756271,Air Pollution Work Order,5856 N MAGNOLIA AVE,5856,N,MAGNOLIA,AVE,431068.0,2025-10-13,,DEPT. OF PUBLIC HEALTH,Alleged violation not found,2025-10-14,41.98855902421537,-87.66165113431627,"{'type': 'Point', 'coordinates': [-87.661651134316, 41.988559024215]}",2025-10-13,Monday,10,Edgewater 2,556.2,Edgewater,EDGEWATER
601756326,Air Pollution Work Order,3217 W 47TH PL,3217,W,47TH,PL,249349.0,2025-10-13,,DEPT. OF PUBLIC HEALTH,Alleged violation unfounded,2025-10-14,41.80670300648676,-87.70460979462896,"{'type': 'Point', 'coordinates': [-87.704609794629, 41.806703006487]}",2025-10-13,Monday,10,Gage Park 1,437.8,Brighton Park,"BRIGHTON PARK,MCKINLEY PARK"
601756309,Air Pollution Work Order,4574 N MELVINA AVE,4574,N,MELVINA,AVE,3308.0,2025-10-13,neighbor at 4574 N Melvina Ave is burning trash/wood/cardboard in their backyard almost every night. Thick smoke andodor come into my house. It’s not a grill or fire pit. Causes cough.,DEPT. OF PUBLIC HEALTH,Alleged violation not found,2025-10-15,41.96420316494882,-87.78218236695156,"{'type': 'Point', 'coordinates': [-87.782182366952, 41.964203164949]}",2025-10-13,Monday,10,Portage Park 1,206.5,Portage Park,PORTAGE PARK
601757291,Air Pollution Work Order,2933 W CHICAGO AVE,2933,W,CHICAGO,AVE,3308.0,2025-10-14,,DEPT. OF PUBLIC HEALTH,Alleged violation not found,2025-10-15,41.89551242443421,-87.70058110682331,"{'type': 'Point', 'coordinates': [-87.700581106823, 41.895512424434]}",2025-10-14,Tuesday,10,Humboldt Park 3,526.5,Humboldt Park,HUMBOLDT PARK
601757287,Air Pollution Work Order,1629 N MOHAWK ST,1629,N,MOHAWK,ST,437489.0,2025-10-14,,DEPT. OF PUBLIC HEALTH,Refer to other Depts,2025-10-15,41.91192058780627,-87.64210830749337,"{'type': 'Point', 'coordinates': [-87.642108307493, 41.911920587806]}",2025-10-14,Tuesday,10,Near North Side 2,621.1,Old Town,OLD TOWN
601757302,Air Pollution Work Order,5114 N LINCOLN AVE,5114,N,LINCOLN,AVE,249349.0,2025-10-14,This restaurant burns wood and vents it which is creating excessive air pollution from the smoke,DEPT. OF PUBLIC HEALTH,Complaint Valid,2025-10-15,41.97452873707269,-87.69233925845519,"{'type': 'Point', 'coordinates': [-87.692339258455, 41.974528737073]}",2025-10-14,Tuesday,10,Lincoln Square 1,225.3,Lincoln Square,LINCOLN SQUARE
601757289,Air Pollution Work Order,2431 S HOYNE AVE,2431,S,HOYNE,AVE,84397.0,2025-10-15,,DEPT. OF PUBLIC HEALTH,Alleged violation not found,2025-10-15,41.84765727261696,-87.67802700951967,"{'type': 'Point', 'coordinates': [-87.67802700952, 41.847657272617]}",2025-10-15,Wednesday,10,Lower West Side 1,889.2,Lower West Side,LOWER WEST SIDE
601758051,Air Pollution Work Order,4317 N PAULINA ST,4317,N,PAULINA,ST,437489.0,2025-10-15,,DEPT. OF PUBLIC HEALTH,Resolved,2025-10-21,41.96029387900364,-87.67065097258858,"{'type': 'Point', 'coordinates': [-87.670650972589, 41.960293879004]}",2025-10-15,Wednesday,10,Uptown 4,246.9,Lake View,LAKE VIEW
601758051,Air Pollution Work Order,4317 N PAULINA ST,4317,N,PAULINA,ST,437489.0,2025-10-15,,DEPT. OF PUBLIC HEALTH,Resolved,2025-10-21,41.96029387900364,-87.67065097258858,"{'type': 'Point', 'coordinates': [-87.670650972589, 41.960293879004]}",2025-10-15,Wednesday,10,Uptown 4,246.9,Lake View,LAKE VIEW
601758059,Air Pollution Work Order,3821 S HONORE ST,3821,S,HONORE,ST,417337.0,2025-10-15,"MAT is so bad today, it’s even coming in with the house closed up. It stinks outside up to Wood and 36th",DEPT. OF PUBLIC HEALTH,Alleged violation not found,2025-10-16,41.82431800162947,-87.6712981150694,"{'type': 'Point', 'coordinates': [-87.671298115069, 41.824318001629]}",2025-10-15,Wednesday,10,McKinley Park 2,396.3,Mckinley Park,"BRIGHTON PARK,MCKINLEY PARK"
601758465,Air Pollution Work Order,3922 N TROY ST,3922,N,TROY,ST,417337.0,2025-10-16,This is happening in different areas of the city,DEPT. OF PUBLIC HEALTH,Alleged violation not found,2025-10-17,41.95282734409185,-87.70690909162217,"{'type': 'Point', 'coordinates': [-87.706909091622, 41.952827344092]}",2025-10-16,Thursday,10,Irving Park 2,457.8,Irving Park,"IRVING PARK,AVONDALE"
601758559,Air Pollution Work Order,3803 S LAKE PARK AVE,3803,S,LAKE PARK,AVE,8386.0,2025-10-16,there is a sewer smell in the neighborhood and the caller has been headaches. She wants the city to know where the smell is coming from.,DEPT. OF PUBLIC HEALTH,Alleged violation not found,2025-01-14,41.82688101945968,-87.60490646821813,"{'type': 'Point', 'coordinates': [-87.604906468218, 41.82688101946]}",2025-10-16,Thursday,10,Oakland 1,301.3,Oakland,"OAKLAND,KENWOOD"
601758476,Air Pollution Work Order,3 E ROOSEVELT RD,3,E,ROOSEVELT,RD,379542.0,2025-10-16,,DEPT. OF PUBLIC HEALTH,Resolved,2025-10-17,41.86730593145717,-87.6272657590587,"{'type': 'Point', 'coordinates': [-87.627265759059, 41.867305931457]}",2025-10-16,Thursday,10,Near South Side 1,697.0,Near South Side,NEAR SOUTH SIDE
601758559,Air Pollution Work Order,3803 S LAKE PARK AVE,3803,S,LAKE PARK,AVE,8386.0,2025-10-16,there is a sewer smell in the neighborhood and the caller has been headaches. She wants the city to know where the smell is coming from.,DEPT. OF PUBLIC HEALTH,Alleged violation not found,2025-01-14,41.82688101945968,-87.60490646821813,"{'type': 'Point', 'coordinates': [-87.604906468218, 41.82688101946]}",2025-10-16,Thursday,10,Oakland 1,301.3,Oakland,"OAKLAND,KENWOOD"
601758477,Air Pollution Work Order,3401 W ARMITAGE AVE,3401,W,ARMITAGE,AVE,417337.0,2025-10-16,Chlorine type of smell,DEPT. OF PUBLIC HEALTH,Alleged violation not found,2025-10-17,41.91723148759262,-87.71198338879492,"{'type': 'Point', 'coordinates': [-87.711983388795, 41.917231487593]}",2025-10-16,Thursday,10,Logan Square 4,585.6,Logan Square,LOGAN SQUARE
601758385,Air Pollution Work Order,6133 N RAVENSWOOD AVE,6133,N,RAVENSWOOD,AVE,431068.0,2025-10-16,This person resumed burning non firewood again this evening creating smoke that blows to neighboring residences and causing breathing discomfort. This is a repeat of last month’s complaint of the same violation.,DEPT. OF PUBLIC HEALTH,Alleged violation not found,2025-10-20,41.993034247416574,-87.67471345177314,"{'type': 'Point', 'coordinates': [-87.674713451773, 41.993034247417]}",2025-10-16,Thursday,10,Edgewater 1,460.6,Edgewater,EDGEWATER
601758551,Air Pollution Work Order,1960 W MADISON ST,1960,W,MADISON,ST,451826.0,2025-10-16,Per caller smells like bleach outside,DEPT. OF PUBLIC HEALTH,Alleged violation not found,2025-10-22,41.88142460173036,-87.67658458679239,"{'type': 'Point', 'coordinates': [-87.676584586792, 41.88142460173]}",2025-10-16,Thursday,10,Near West Side 2,769.2,United Center,UNITED CENTER
601758553,Air Pollution Work Order,1959 W CHICAGO AVE,1959,W,CHICAGO,AVE,417325.0,2025-10-16,,DEPT. OF PUBLIC HEALTH,Alleged violation not found,2025-10-17,41.89580311489326,-87.67698747603866,"{'type': 'Point', 'coordinates': [-87.676987476039, 41.895803114893]}",2025-10-16,Thursday,10,West Town 4,365.8,West Town,"WICKER PARK,WEST TOWN"
601758552,Air Pollution Work Order,1850 N SEDGWICK ST,1850,N,SEDGWICK,ST,417325.0,2025-10-16,Per caller- Strong chemical smell throughout Bucktown.,DEPT. OF PUBLIC HEALTH,Alleged violation not found,2025-10-17,41.916194039624905,-87.63889957076361,"{'type': 'Point', 'coordinates': [-87.638899570764, 41.916194039625]}",2025-10-16,Thursday,10,Lincoln Park 2,607.4,Old Town,OLD TOWN
601758522,Air Pollution Work Order,3301 W FULLERTON AVE,3301,W,FULLERTON,AVE,3308.0,2025-10-16,Dumpsters always overflowing and never properly positioned within cut outs. Drums of chemical fluids dumped in alley along with tires and other garbage.,DEPT. OF PUBLIC HEALTH,Resolved,2025-10-17,41.92457006101272,-87.71048849221614,"{'type': 'Point', 'coordinates': [-87.710488492216, 41.924570061013]}",2025-10-16,Thursday,10,Logan Square 1,897.5,Logan Square,LOGAN SQUARE
601758479,Air Pollution Work Order,3301 W FULLERTON AVE,3301,W,FULLERTON,AVE,3308.0,2025-10-16,"Fumes fanned out of shop into alley and onto street. Cars parked on residential streets. Fenders, tires etc ditched in the alley.",DEPT. OF PUBLIC HEALTH,Resolved,2025-10-17,41.92457006101272,-87.71048849221614,"{'type': 'Point', 'coordinates': [-87.710488492216, 41.924570061013]}",2025-10-16,Thursday,10,Logan Square 1,897.5,Logan Square,LOGAN SQUARE
601758548,Air Pollution Work Order,2507 W GUNNISON ST,2507,W,GUNNISON,ST,417337.0,2025-10-16,We are smelling a chlorine/chemical smell al around the north west side of Chicago. We smelled it in Logan square as well as Lincoln park.,DEPT. OF PUBLIC HEALTH,Alleged violation not found,2025-10-17,41.96957581248879,-87.69174821670038,"{'type': 'Point', 'coordinates': [-87.6917482167, 41.969575812489]}",2025-10-16,Thursday,10,Lincoln Square 1,691.7,Lincoln Square,LINCOLN SQUARE
601758428,Air Pollution Work Order,4250 N MARINE DR,4250,N,MARINE,DR,431068.0,2025-10-16,"CALLER STATES THAT THERE HAS BEEN A NOXIOUS ODOR IN THE AIR FOR A COUPLE WEEKS. SOMETIMES INTENSELY STRONG, SOMETIMES NOT. THERE HAVE BEEN OTHERS COMPLAINING ABOUT IT.",DEPT. OF PUBLIC HEALTH,Alleged violation not found,2026-10-17,41.96001995401928,-87.64690602761853,"{'type': 'Point', 'coordinates': [-87.646906027619, 41.960019954019]}",2025-10-16,Thursday,10,Uptown 3,643.8,Uptown,UPTOWN
601758540,Air Pollution Work Order,3301 W FULLERTON AVE,3301,W,FULLERTON,AVE,3308.0,2025-10-16,,DEPT. OF PUBLIC HEALTH,Resolved,2025-10-17,41.92457006101272,-87.71048849221614,"{'type': 'Point', 'coordinates': [-87.710488492216, 41.924570061013]}",2025-10-16,Thursday,10,Logan Square 1,897.5,Logan Square,LOGAN SQUARE
601758542,Air Pollution Work Order,3301 W FULLERTON AVE,3301,W,FULLERTON,AVE,3308.0,2025-10-16,Windy City Hand Car Wash,DEPT. OF PUBLIC HEALTH,Resolved,2025-10-17,41.92457006101272,-87.71048849221614,"{'type': 'Point', 'coordinates': [-87.710488492216, 41.924570061013]}",2025-10-16,Thursday,10,Logan Square 1,897.5,Logan Square,LOGAN SQUARE
601758422,Air Pollution Work Order,4258 N GREENVIEW AVE,4258,N,GREENVIEW,AVE,431068.0,2025-10-16,The whole neighborhood smells like cleaner or chlorine like tonight.,DEPT. OF PUBLIC HEALTH,Alleged violation not found,2025-10-17,41.95974022433995,-87.66783535462616,"{'type': 'Point', 'coordinates': [-87.667835354626, 41.95974022434]}",2025-10-16,Thursday,10,Uptown 4,447.0,Lake View,LAKE VIEW
601758473,Air Pollution Work Order,8107 S STEWART AVE,8107,S,STEWART,AVE,13776.0,2025-10-16,"The smell driving past Simeon Highschool is unbearable. I’m not sure what it is the sewer, the trash, but something needs to be done Somethings wrong",DEPT. OF PUBLIC HEALTH,Alleged violation unfounded,2025-10-17,41.74689492492779,-87.63405312423382,"{'type': 'Point', 'coordinates': [-87.634053124234, 41.746894924928]}",2025-10-16,Thursday,10,Greater Grand Crossing 6,541.1,Chatham,"CHATHAM,BURNSIDE"
601758425,Air Pollution Work Order,4900 N MAGNOLIA AVE,4900,N,MAGNOLIA,AVE,431068.0,2025-10-16,Chemical smell has occurred multiple times per week for at least one month. Smells so strongly at 10:30pm on 10/16/25 that we need to shut the windows,DEPT. OF PUBLIC HEALTH,Alleged violation not found,2025-10-17,41.97180349716345,-87.66126460573369,"{'type': 'Point', 'coordinates': [-87.661264605734, 41.971803497163]}",2025-10-16,Thursday,10,Uptown 2,743.0,Uptown,UPTOWN
601758486,Air Pollution Work Order,2541 N CALIFORNIA AVE,2541,N,CALIFORNIA,AVE,437489.0,2025-10-16,,DEPT. OF PUBLIC HEALTH,Alleged violation not found,2025-10-17,41.927828105075136,-87.69735433822858,"{'type': 'Point', 'coordinates': [-87.697354338229, 41.927828105075]}",2025-10-16,Thursday,10,Logan Square 3,869.8,Logan Square,LOGAN SQUARE
601758558,Air Pollution Work Order,1463 W WINNEMAC AVE,1463,W,WINNEMAC,AVE,431068.0,2025-10-16,smells like Chlorine or Ozone,DEPT. OF PUBLIC HEALTH,Alleged violation not found,2025-10-17,41.973268323585536,-87.6671125398785,"{'type': 'Point', 'coordinates': [-87.667112539878, 41.973268323586]}",2025-10-16,Thursday,10,Uptown 1,488.7,Uptown,UPTOWN
601759172,Air Pollution Work Order,1960 W MADISON ST,1960,W,MADISON,ST,431068.0,2025-10-16,Per caller smells like bleach outside,DEPT. OF PUBLIC HEALTH,Alleged violation not found,2025-10-20,41.88142460173036,-87.67658458679239,"{'type': 'Point', 'coordinates': [-87.676584586792, 41.88142460173]}",2025-10-16,Thursday,10,Near West Side 2,769.2,United Center,UNITED CENTER
601758427,Air Pollution Work Order,4452 N DOVER ST,4452,N,DOVER,ST,431068.0,2025-10-16,CHLORINE SMELL,DEPT. OF PUBLIC HEALTH,Alleged violation not found,2025-10-17,41.96320142756082,-87.66521035087061,"{'type': 'Point', 'coordinates': [-87.665210350871, 41.963201427561]}",2025-10-16,Thursday,10,Uptown 4,575.6,Uptown,UPTOWN
601758468,Air Pollution Work Order,3845 S DAMEN AVE,3845,S,DAMEN,AVE,417337.0,2025-10-17,The smell is more intense in the mornings,DEPT. OF PUBLIC HEALTH,Alleged violation not found,2025-10-16,41.82360885050362,-87.6749530409919,"{'type': 'Point', 'coordinates': [-87.674953040992, 41.823608850504]}",2025-10-17,Friday,10,McKinley Park 2,639.5,Mckinley Park,"BRIGHTON PARK,MCKINLEY PARK"
601759176,Air Pollution Work Order,3658 S DAMEN AVE,3658,S,DAMEN,AVE,3308.0,2025-10-17,I am walking my dog in the park on the corner of Damon and 37th and I can smell the air pollution coming from that asphalt,DEPT. OF PUBLIC HEALTH,Alleged violation not found,2025-10-20,41.8268295747288,-87.67533075323192,"{'type': 'Point', 'coordinates': [-87.675330753232, 41.826829574729]}",2025-10-17,Friday,10,McKinley Park 2,500.8,Mckinley Park,"BRIGHTON PARK,MCKINLEY PARK"
601759155,Air Pollution Work Order,12100 S STONY ISLAND AVE,12100,S,STONY ISLAND,AVE,10937.0,2025-10-17,,DEPT. OF PUBLIC HEALTH,Alleged violation not found,2025-10-21,41.67538462666333,-87.57553071866162,"{'type': 'Point', 'coordinates': [-87.575530718662, 41.675384626663]}",2025-10-17,Friday,10,South Deering 6,1033.9,South Deering,SOUTHEAST SIDE
601759160,Air Pollution Work Order,9113 S PHILLIPS AVE,9113,S,PHILLIPS,AVE,13776.0,2025-10-17,caller says the area smells like gas and they have been doing construction work pon the street,DEPT. OF PUBLIC HEALTH,Alleged violation not found,2025-10-20,41.72947782262929,-87.56444632644768,"{'type': 'Point', 'coordinates': [-87.564446326448, 41.729477822629]}",2025-10-17,Friday,10,Calumet Heights 2,578.1,Calumet Heights,"AVALON PARK,CALUMET HEIGHTS"
601759189,Air Pollution Work Order,4243 W OGDEN AVE,4243,W,OGDEN,AVE,10937.0,2025-10-17,"AIR POLLUTION - Malvaes Solutions - Pallet company is shredding pallets outside causing lots of sawdust to blow around the communityPallet company is shredding pallets outside causing lots of sawdust to blow around&nbsp;the community. Trucks are also using Kirkland, a residential street that should not&nbsp;be used for heavy trucks.",DEPT. OF PUBLIC HEALTH,Alleged violation founded,2025-10-20,41.848745776337445,-87.7310322515179,"{'type': 'Point', 'coordinates': [-87.731032251518, 41.848745776337]}",2025-10-17,Friday,10,North Lawndale 5,634.4,North Lawndale,NORTH LAWNDALE
601759174,Air Pollution Work Order,4243 W OGDEN AVE,4243,W,OGDEN,AVE,10937.0,2025-10-17,Malvaes Solutions IncConstituent is worried about the air pollution affecting the community. They mention that dust is everywhere due to the cutting and shredding of wood pallets.,DEPT. OF PUBLIC HEALTH,Alleged violation founded,2025-10-20,41.848745776337445,-87.7310322515179,"{'type': 'Point', 'coordinates': [-87.731032251518, 41.848745776337]}",2025-10-17,Friday,10,North Lawndale 5,634.4,North Lawndale,NORTH LAWNDALE
601759182,Air Pollution Work Order,2151 W BRADLEY PL,2151,W,BRADLEY,PL,3308.0,2025-10-17,,DEPT. OF PUBLIC HEALTH,Alleged violation not found,2025-10-21,41.94943128000004,-87.68305608104433,"{'type': 'Point', 'coordinates': [-87.683056081044, 41.94943128]}",2025-10-17,Friday,10,North Center 1,606.9,North Center,NORTH CENTER
601759173,Air Pollution Work Order,246 N CALIFORNIA AVE,246,N,CALIFORNIA,AVE,431068.0,2025-10-17,California is so DUSTY. it covers my car daily. There is heavy industrial traffic that passes throwwhich I suspect is the culprit.,DEPT. OF PUBLIC HEALTH,Resolved,2025-10-20,41.885560223194496,-87.69655459631248,"{'type': 'Point', 'coordinates': [-87.696554596312, 41.885560223194]}",2025-10-17,Friday,10,Humboldt Park 3,802.0,Garfield Park,GARFIELD PARK
601759159,Air Pollution Work Order,11914 S PRAIRIE AVE,11914,S,PRAIRIE,AVE,13776.0,2025-10-18,,DEPT. OF PUBLIC HEALTH,Alleged violation not found,2025-10-21,41.67762702996895,-87.61673297383963,"{'type': 'Point', 'coordinates': [-87.61673297384, 41.677627029969]}",2025-10-18,Saturday,10,West Pullman 3,340.8,West Pullman,WEST PULLMAN
601759156,Air Pollution Work Order,4331 S CHRISTIANA AVE,4331,S,CHRISTIANA,AVE,249349.0,2025-10-19,,DEPT. OF PUBLIC HEALTH,Alleged violation not found,2025-10-20,41.81445686102011,-87.70775400399297,"{'type': 'Point', 'coordinates': [-87.707754003993, 41.81445686102]}",2025-10-19,Sunday,10,Brighton Park 3,383.5,Brighton Park,"BRIGHTON PARK,MCKINLEY PARK"
601759956,Air Pollution Work Order,2452 S SPAULDING AVE,2452,S,SPAULDING,AVE,437489.0,2025-10-20,unsure it sewer smell and it smell more during the night,DEPT. OF PUBLIC HEALTH,Referred to another agency,2025-10-21,41.84655209333763,-87.70768389869978,"{'type': 'Point', 'coordinates': [-87.7076838987, 41.846552093338]}",2025-10-20,Monday,10,South Lawndale 2,783.8,Little Village,LITTLE VILLAGE
601759966,Air Pollution Work Order,1501 N HOOKER ST,1501,N,HOOKER,ST,10937.0,2025-10-20,Waste Management,DEPT. OF PUBLIC HEALTH,Complaint Valid,2025-10-21,41.908867287020726,-87.65449263160048,"{'type': 'Point', 'coordinates': [-87.6544926316, 41.908867287021]}",2025-10-20,Monday,10,Near North Side 1,89.6,River North,RIVER NORTH
601760269,Air Pollution Work Order,10000 W OHARE AIRPORT,10000,W,OHARE AIRPORT,,443615.0,2025-10-20,,DEPT. OF PUBLIC HEALTH,Resolved,2025-10-20,41.97972879733707,-87.9023223582219,"{'type': 'Point', 'coordinates': [-87.902322358222, 41.979728797337]}",2025-10-20,Monday,10,Schiller Park Collocation 1,2695.2,O'Hare,OHARE
601759181,Air Pollution Work Order,2701 E 100TH ST,2701,E,100TH,ST,84397.0,2025-10-20,,DEPT. OF PUBLIC HEALTH,Resolved,2025-10-21,41.71324291275156,-87.55803846897774,"{'type': 'Point', 'coordinates': [-87.558038468978, 41.713242912752]}",2025-10-20,Monday,10,South Deering 2,442.3,South Deering,SOUTHEAST SIDE
601759934,Air Pollution Work Order,4325 W OGDEN AVE,4325,W,OGDEN,AVE,249349.0,2025-10-20,Ogden Foods,DEPT. OF PUBLIC HEALTH,Alleged violation not found,2025-10-23,41.84835576754522,-87.7321284739601,"{'type': 'Point', 'coordinates': [-87.73212847396, 41.848355767545]}",2025-10-20,Monday,10,North Lawndale 5,610.0,North Lawndale,NORTH LAWNDALE
601759934,Air Pollution Work Order,4325 W OGDEN AVE,4325,W,OGDEN,AVE,249349.0,2025-10-20,Ogden Foods,DEPT. OF PUBLIC HEALTH,Alleged violation not found,2025-10-23,41.84835576754522,-87.7321284739601,"{'type': 'Point', 'coordinates': [-87.73212847396, 41.848355767545]}",2025-10-20,Monday,10,North Lawndale 5,610.0,North Lawndale,NORTH LAWNDALE
601759973,Air Pollution Work Order,6041 N MAPLEWOOD AVE,6041,N,MAPLEWOOD,AVE,451826.0,2025-10-20,There is a horrible chemical smell in the area that started around 10:30pm 10/19/25. Several neighbors reported a chemical smell over the weekend as well.,DEPT. OF PUBLIC HEALTH,Alleged violation not found,2025-10-22,41.99166183330836,-87.69320747255128,"{'type': 'Point', 'coordinates': [-87.693207472551, 41.991661833308]}",2025-10-20,Monday,10,West Ridge 4,343.7,West Ridge,WEST RIDGE
601759935,Air Pollution Work Order,2055 W PERSHING RD,2055,W,PERSHING,RD,417337.0,2025-10-20,,DEPT. OF PUBLIC HEALTH,Alleged violation founded,2025-10-21,41.822972765727336,-87.67702220737627,"{'type': 'Point', 'coordinates': [-87.677022207376, 41.822972765727]}",2025-10-20,Monday,10,McKinley Park 2,815.1,New City,BACK OF THE YARDS
601760219,Air Pollution Work Order,843 N LAMON AVE,843,N,LAMON,AVE,84397.0,2025-10-21,,DEPT. OF PUBLIC HEALTH,Resolved,2025-10-23,41.89626596653061,-87.74813972926447,"{'type': 'Point', 'coordinates': [-87.748139729264, 41.896265966531]}",2025-10-21,Tuesday,10,Austin 3,685.1,Austin,AUSTIN
601760949,Air Pollution Work Order,8728 S PRAIRIE AVE,8728,S,PRAIRIE,AVE,13776.0,2025-10-22,Chemicals being released into the atmosphere at different times of the day and night. For the past two nights there has beenchemical smell in the air,DEPT. OF PUBLIC HEALTH,Alleged violation unfounded,2025-10-23,41.73565986116137,-87.61788161296529,"{'type': 'Point', 'coordinates': [-87.617881612965, 41.735659861161]}",2025-10-22,Wednesday,10,Chatham 1,436.8,Chatham,"CHATHAM,BURNSIDE"
601760248,Air Pollution Work Order,3101 W PALMER BLVD,3101,W,PALMER,BLVD,437489.0,2025-10-22,Dust seen pouring from window from inside,DEPT. OF PUBLIC HEALTH,Resolved,2025-10-28,41.9205664696434,-87.70540572557445,"{'type': 'Point', 'coordinates': [-87.705405725574, 41.920566469643]}",2025-10-22,Wednesday,10,Logan Square 4,1221.4,Logan Square,LOGAN SQUARE
601763374,Air Pollution Work Order,805 N MILWAUKEE AVE,805,N,MILWAUKEE,AVE,437489.0,2025-10-22,"Chemical engineer here.&nbsp; In the intersection of Chicago and Milwaukee, I have repeatedly smelled benzene in the last couple of weeks. That distinct aromatic smell can be for exactly no good reasons that I am aware of.&nbsp;",DEPT. OF PUBLIC HEALTH,Resolved,2025-10-30,41.896458978042936,-87.65552581829893,"{'type': 'Point', 'coordinates': [-87.655525818299, 41.896458978043]}",2025-10-22,Wednesday,10,West Town 3,216.6,West Town,"WICKER PARK,WEST TOWN"
601760248,Air Pollution Work Order,3101 W PALMER BLVD,3101,W,PALMER,BLVD,437489.0,2025-10-22,Dust seen pouring from window from inside,DEPT. OF PUBLIC HEALTH,Resolved,2025-10-28,41.9205664696434,-87.70540572557445,"{'type': 'Point', 'coordinates': [-87.705405725574, 41.920566469643]}",2025-10-22,Wednesday,10,Logan Square 4,1221.4,Logan Square,LOGAN SQUARE
601760261,Air Pollution Work Order,6537 W 60TH PL,6537,W,60TH,PL,249349.0,2025-10-22,,DEPT. OF PUBLIC HEALTH,Complaint Valid,2025-10-22,41.782089236844016,-87.78535943149897,"{'type': 'Point', 'coordinates': [-87.785359431499, 41.782089236844]}",2025-10-22,Wednesday,10,Garfield Ridge 3,642.6,Clearing,MIDWAY AIRPORT
601761015,Air Pollution Work Order,2404 S WOLCOTT AVE,2404,S,WOLCOTT,AVE,443615.0,2025-10-23,Smells like a gas leak in the air outside,DEPT. OF PUBLIC HEALTH,Alleged violation not found,2025-10-24,41.84832465538536,-87.67343415669363,"{'type': 'Point', 'coordinates': [-87.673434156694, 41.848324655385]}",2025-10-23,Thursday,10,Lower West Side 2,632.4,Lower West Side,LOWER WEST SIDE
601761571,Air Pollution Work Order,2758 N RACINE AVE,2758,N,RACINE,AVE,437489.0,2025-10-23,"STRONG CHLORINE SMELL INSIDE OF A DENTAL OFFICE. A COUPLE OF HOURS PRIOR THEY THOUGHTIT WAS A STRONG GAS SMELL AND THE GAS COMPANY CAME OUT AND CONFIRMED THERE WAS NO LEAK. NOWTHERE IS A STRONG CHLORINE SMELL, AND SOME OF THE EMPLOYEES INSIDE ARE LIGHT HEADED.&nbsp;",DEPT. OF PUBLIC HEALTH,Resolved,2025-10-24,41.93246247913678,-87.65885429056907,"{'type': 'Point', 'coordinates': [-87.658854290569, 41.932462479137]}",2025-10-23,Thursday,10,Lake View 4,477.2,Lincoln Park,LINCOLN PARK
601761931,Air Pollution Work Order,4750 N WASHTENAW AVE,4750,N,WASHTENAW,AVE,431068.0,2025-10-24,CALLER SAYS THERE IS DEBRIS FALLING FROM THE CONSTRUCTION SITER ONTO THE SIDEWALK,DEPT. OF PUBLIC HEALTH,Alleged violation not found,2025-10-27,41.9682702672207,-87.69638315248996,"{'type': 'Point', 'coordinates': [-87.69638315249, 41.968270267221]}",2025-10-24,Friday,10,Lincoln Square 2,835.6,Lincoln Square,LINCOLN SQUARE
601762007,Air Pollution Work Order,2701 E 100TH ST,2701,E,100TH,ST,443615.0,2025-10-24,"This facility emits sulfur dioxide fumes regularly on Friday evenings. It seems that this is done purposefully to evadeenforcement, or at least with the hope that fewer people will notice the behavior.&nbsp;",DEPT. OF PUBLIC HEALTH,Complaint Valid,2025-10-27,41.71324291275156,-87.55803846897774,"{'type': 'Point', 'coordinates': [-87.558038468978, 41.713242912752]}",2025-10-24,Friday,10,South Deering 2,442.3,South Deering,SOUTHEAST SIDE
601761924,Air Pollution Work Order,9604 S PRINCETON AVE,9604,S,PRINCETON,AVE,13776.0,2025-10-25,"STRONG CHEMICAL SMELL IN THE AIR, UNKNOWN SOURCE, PER CALLER",DEPT. OF PUBLIC HEALTH,Alleged violation unfounded,2025-10-27,41.71959527007531,-87.63118453146099,"{'type': 'Point', 'coordinates': [-87.631184531461, 41.719595270075]}",2025-10-25,Saturday,10,Washington Heights 3,771.8,Roseland,"WASHINGTON HEIGHTS,ROSELAND"
601761929,Air Pollution Work Order,6800 N WAYNE AVE,6800,N,WAYNE,AVE,417337.0,2025-10-25,caller says gas smell around neighborhood,DEPT. OF PUBLIC HEALTH,Alleged violation not found,2025-10-27,42.00553772806849,-87.66510345037476,"{'type': 'Point', 'coordinates': [-87.665103450375, 42.005537728068]}",2025-10-25,Saturday,10,Rogers Park 2,643.1,Rogers Park,ROGERS PARK
601761818,Air Pollution Work Order,9820 S FOREST AVE,9820,S,FOREST,AVE,13776.0,2025-10-25,,DEPT. OF PUBLIC HEALTH,Alleged violation unfounded,2025-10-27,41.71572684575428,-87.6165571807633,"{'type': 'Point', 'coordinates': [-87.616557180763, 41.715726845754]}",2025-10-25,Saturday,10,Roseland 2,350.0,Roseland,"WASHINGTON HEIGHTS,ROSELAND"
601762022,Air Pollution Work Order,401 E 111TH ST,401,E,111TH,ST,470070.0,2025-10-25,Strong gas smell in vacinity,DEPT. OF PUBLIC HEALTH,Resolved,2025-10-27,41.69262847127151,-87.6133140522167,"{'type': 'Point', 'coordinates': [-87.613314052217, 41.692628471272]}",2025-10-25,Saturday,10,Roseland 4,743.1,Roseland,"WASHINGTON HEIGHTS,ROSELAND"
601761993,Air Pollution Work Order,3125 W PERSHING RD,3125,W,PERSHING,RD,249349.0,2025-10-26,CALLER STATES THERE IS A CHEMICAL SMELL IN THE AIR/ UNKNOWN FACTORY AS THE AREA ISRESIDENTIAL AND COMMERICAL / CALLER IS GETTING AN HEADACE,DEPT. OF PUBLIC HEALTH,Complaint Valid,2025-10-27,41.82250597279918,-87.70303052673047,"{'type': 'Point', 'coordinates': [-87.70303052673, 41.822505972799]}",2025-10-26,Sunday,10,Brighton Park 1,593.4,Brighton Park,"BRIGHTON PARK,MCKINLEY PARK"
601761816,Air Pollution Work Order,1545 E 61ST ST,1545,E,61ST,ST,84397.0,2025-10-26,,DEPT. OF PUBLIC HEALTH,Resolved,2025-10-27,41.78371925936628,-87.58764863890661,"{'type': 'Point', 'coordinates': [-87.587648638907, 41.783719259366]}",2025-10-26,Sunday,10,Hyde Park 3,441.8,Woodlawn,WOODLAWN
601761992,Air Pollution Work Order,3659 S MARSHFIELD AVE,3659,S,MARSHFIELD,AVE,10937.0,2025-10-27,,DEPT. OF PUBLIC HEALTH,Complaint Valid,2025-10-27,41.82703657742975,-87.6664998237741,"{'type': 'Point', 'coordinates': [-87.666499823774, 41.82703657743]}",2025-10-27,Monday,10,McKinley Park 2,245.5,Mckinley Park,"BRIGHTON PARK,MCKINLEY PARK"
601761997,Air Pollution Work Order,11346 S TROY ST,11346,S,TROY,ST,443615.0,2025-10-27,"More of a propane smell.., not gas , there are no commercial or industrial factories near",DEPT. OF PUBLIC HEALTH,Alleged violation not found,2025-10-27,41.68661150922986,-87.69956812959671,"{'type': 'Point', 'coordinates': [-87.699568129597, 41.68661150923]}",2025-10-27,Monday,10,Mount Greenwood 2,1134.8,Mount Greenwood,"MOUNT GREENWOOD,MORGAN PARK"
601762574,Air Pollution Work Order,4325 N CICERO AVE,4325,N,CICERO,AVE,431068.0,2025-10-27,"There is a strong sewage smell all along the block of 4700 w Pensacola. It comes and goes, but it is very strong, and someunits inside my building are experiencing the smell inside, as well.&nbsp;",DEPT. OF PUBLIC HEALTH,Referred to another agency,2025-10-28,41.95970219897029,-87.74735213895403,"{'type': 'Point', 'coordinates': [-87.747352138954, 41.95970219897]}",2025-10-27,Monday,10,Irving Park 1,396.4,Portage Park,PORTAGE PARK
601762011,Air Pollution Work Order,1281 N CLYBOURN AVE,1281,N,CLYBOURN,AVE,425726.0,2025-10-27,Smells like gas outside of the home,DEPT. OF PUBLIC HEALTH,Resolved,2025-10-29,41.90543575029507,-87.64167739008926,"{'type': 'Point', 'coordinates': [-87.641677390089, 41.905435750295]}",2025-10-27,Monday,10,Near North Side 2,487.5,Old Town,OLD TOWN
601763057,Air Pollution Work Order,3129 N LUNA AVE,3129,N,LUNA,AVE,249349.0,2025-10-28,,DEPT. OF PUBLIC HEALTH,Refer to Building Dept,2025-10-29,41.93765359663551,-87.76509332343996,"{'type': 'Point', 'coordinates': [-87.76509332344, 41.937653596636]}",2025-10-28,Tuesday,10,Belmont Cragin 2,280.4,Belmont Cragin,"BELMONT CRAGIN,HERMOSA"
601763093,Air Pollution Work Order,2700 E 100TH ST,2700,E,100TH,ST,443615.0,2025-10-28,,DEPT. OF PUBLIC HEALTH,Complaint Valid,2025-10-29,41.71346244482552,-87.55804031256568,"{'type': 'Point', 'coordinates': [-87.558040312566, 41.713462444826]}",2025-10-28,Tuesday,10,South Deering 2,441.7,South Deering,SOUTHEAST SIDE
601763672,Air Pollution Work Order,3301 W FRANKLIN BLVD,3301,W,FRANKLIN,BLVD,10937.0,2025-10-29,,DEPT. OF PUBLIC HEALTH,Alleged violation not found,2025-10-31,41.889932183746026,-87.70895137347912,"{'type': 'Point', 'coordinates': [-87.708951373479, 41.889932183746]}",2025-10-29,Wednesday,10,Humboldt Park 3,524.8,Humboldt Park,HUMBOLDT PARK
601763676,Air Pollution Work Order,3000 S SACRAMENTO AVE,3000,S,SACRAMENTO,AVE,249349.0,2025-10-29,Dangerous fumes being exhausted from factory and into residential area,DEPT. OF PUBLIC HEALTH,Alleged violation not found,2025-10-31,41.83895692596713,-87.7001195389344,"{'type': 'Point', 'coordinates': [-87.700119538934, 41.838956925967]}",2025-10-29,Wednesday,10,South Lawndale 2,310.2,Little Village,LITTLE VILLAGE
601763681,Air Pollution Work Order,1231 W GRAND AVE,1231,W,GRAND,AVE,417337.0,2025-10-29,"Strong chemical smells (industrial cleaning solvents?) periodically from vents in the alley between 1225-1231 w Grand.Nearby residents keep our windows closed, the air pollutions makes us feel sick. The car wash should have to vent emissions from astack",DEPT. OF PUBLIC HEALTH,Complaint Valid,2025-10-30,41.890956653321545,-87.65876673465361,"{'type': 'Point', 'coordinates': [-87.658766734654, 41.890956653322]}",2025-10-29,Wednesday,10,West Town 3,534.3,West Town,"WICKER PARK,WEST TOWN"
601763691,Air Pollution Work Order,157 N LARAMIE AVE,157,N,LARAMIE,AVE,443615.0,2025-10-29,,DEPT. OF PUBLIC HEALTH,Resolved,2025-10-30,41.88414432378616,-87.75505636777584,"{'type': 'Point', 'coordinates': [-87.755056367776, 41.884144323786]}",2025-10-29,Wednesday,10,Austin 4,625.4,Austin,AUSTIN
601763688,Air Pollution Work Order,717 N MONTICELLO AVE,717,N,MONTICELLO,AVE,10937.0,2025-10-29,,DEPT. OF PUBLIC HEALTH,Alleged violation founded,2025-10-31,41.894179472683696,-87.7173488954832,"{'type': 'Point', 'coordinates': [-87.717348895483, 41.894179472684]}",2025-10-29,Wednesday,10,Humboldt Park 4,416.1,Humboldt Park,HUMBOLDT PARK
601763038,Air Pollution Work Order,4045 N ROCKWELL ST,4045,N,ROCKWELL,ST,417337.0,2025-10-29,"Typically during the day (during the M-F workweek) but sometimes in early evening, too, there are chemical smellingfumes permeating from the building. The fumes seem to be coming from the open windows on the first floor - mainly on the Belle Plaineside of the building.",DEPT. OF PUBLIC HEALTH,Complaint Valid,2025-10-29,41.955340059227225,-87.69311853453107,"{'type': 'Point', 'coordinates': [-87.693118534531, 41.955340059227]}",2025-10-29,Wednesday,10,North Center 1,772.0,North Center,NORTH CENTER
601764464,Air Pollution Work Order,5428 S RICHMOND ST,5428,S,RICHMOND,ST,10937.0,2025-10-30,,DEPT. OF PUBLIC HEALTH,Complaint Invalid,2025-10-31,41.79456432387394,-87.69763266599868,"{'type': 'Point', 'coordinates': [-87.697632665999, 41.794564323874]}",2025-10-30,Thursday,10,Gage Park 4,674.3,Gage Park,"MARQUETTE PARK,GAGE PARK"
601764477,Air Pollution Work Order,5201 S ST LOUIS AVE,5201,S,ST LOUIS,AVE,10937.0,2025-10-30,,DEPT. OF PUBLIC HEALTH,Complaint Valid,2025-10-31,41.79880460654336,-87.7109032222364,"{'type': 'Point', 'coordinates': [-87.710903222236, 41.798804606543]}",2025-10-30,Thursday,10,Gage Park 1,784.0,Gage Park,"MARQUETTE PARK,GAGE PARK"
601764460,Air Pollution Work Order,6619 S ROCKWELL ST,6619,S,ROCKWELL,ST,84397.0,2025-10-30,,DEPT. OF PUBLIC HEALTH,Alleged violation not found,2025-10-31,41.77311447664584,-87.68821597417603,"{'type': 'Point', 'coordinates': [-87.688215974176, 41.773114476646]}",2025-10-30,Thursday,10,Chicago Lawn 2,471.8,Chicago Lawn,"MARQUETTE PARK,GAGE PARK"
601764512,Air Pollution Work Order,3416 W 62ND ST,3416,W,62ND,ST,10937.0,2025-10-30,"This strong sewage/garbage smell started today. It is so bad it is starting to smell inside the house too, not just outside",DEPT. OF PUBLIC HEALTH,Alleged violation not found,2025-11-03,41.780821698712685,-87.70876871050923,"{'type': 'Point', 'coordinates': [-87.708768710509, 41.780821698713]}",2025-10-30,Thursday,10,Chicago Lawn 1,581.3,Chicago Lawn,"MARQUETTE PARK,GAGE PARK"
601769268,Air Pollution Work Order,2318 W TOUHY AVE,2318,W,TOUHY,AVE,417337.0,2025-10-30,"it's difficult to breathe after being outside for a few minutes and my throat and sinuses become inflamed and sore. After a little while longer, i will get a headache from the fertilizer. I have a neighbor who is much more sensitive than I to this repeated air quality issue. Every time this occurs, she's taken out by the resulting migraine. Additionally, many posts inquiring about these incidents have appeared on the Ring app.",DEPT. OF PUBLIC HEALTH,Alleged violation not found,2025-10-31,42.01237046039548,-87.68836864099482,"{'type': 'Point', 'coordinates': [-87.688368640995, 42.012370460395]}",2025-10-30,Thursday,10,West Ridge 2,462.4,West Ridge,WEST RIDGE
601764686,Air Pollution Work Order,3045 W 54TH ST,3045,W,54TH,ST,10937.0,2025-10-30,"Strong odor from outside, smells like rotten egg or sewage",DEPT. OF PUBLIC HEALTH,Alleged violation not found,2025-11-03,41.79528616272961,-87.70051452623768,"{'type': 'Point', 'coordinates': [-87.700514526238, 41.79528616273]}",2025-10-30,Thursday,10,Gage Park 4,617.7,Gage Park,"MARQUETTE PARK,GAGE PARK"
601764489,Air Pollution Work Order,4235 W KINZIE ST,4235,W,KINZIE,ST,249349.0,2025-10-30,,DEPT. OF PUBLIC HEALTH,Alleged violation founded,2025-10-31,41.88759757603289,-87.73219959067475,"{'type': 'Point', 'coordinates': [-87.732199590675, 41.887597576033]}",2025-10-30,Thursday,10,Humboldt Park 5,540.0,Garfield Park,GARFIELD PARK
601764453,Air Pollution Work Order,7141 S WABASH AVE,7141,S,WABASH,AVE,84397.0,2025-10-30,,DEPT. OF PUBLIC HEALTH,Alleged violation not found,2025-10-31,41.76432639894117,-87.62312774718359,"{'type': 'Point', 'coordinates': [-87.623127747184, 41.764326398941]}",2025-10-30,Thursday,10,Greater Grand Crossing 2,287.6,Grand Crossing,"SOUTH SHORE, GRAND CROSSING"
601764699,Air Pollution Work Order,1400 E 72ND ST,1400,E,72ND,ST,84397.0,2025-10-30,,DEPT. OF PUBLIC HEALTH,Alleged violation not found,2025-10-31,41.76430667976653,-87.59082468507484,"{'type': 'Point', 'coordinates': [-87.590824685075, 41.764306679767]}",2025-10-30,Thursday,10,South Shore 1,421.4,South Shore,"SOUTH SHORE, GRAND CROSSING"
601764449,Air Pollution Work Order,8145 S DORCHESTER AVE,8145,S,DORCHESTER,AVE,84397.0,2025-10-30,,DEPT. OF PUBLIC HEALTH,Alleged violation not found,2025-10-31,41.74645575741633,-87.59035869795922,"{'type': 'Point', 'coordinates': [-87.590358697959, 41.746455757416]}",2025-10-30,Thursday,10,Avalon Park 1,589.7,Avalon Park,"AVALON PARK,CALUMET HEIGHTS"
601764466,Air Pollution Work Order,5426 S FRANCISCO AVE,5426,S,FRANCISCO,AVE,10937.0,2025-10-30,,DEPT. OF PUBLIC HEALTH,Alleged violation not found,2025-10-31,41.79464286038439,-87.69641505278436,"{'type': 'Point', 'coordinates': [-87.696415052784, 41.794642860384]}",2025-10-30,Thursday,10,Gage Park 4,751.8,Gage Park,"MARQUETTE PARK,GAGE PARK"
601764491,Air Pollution Work Order,4021 W KINZIE ST,4021,W,KINZIE,ST,249349.0,2025-10-30,,DEPT. OF PUBLIC HEALTH,Alleged violation founded,2025-10-31,41.8876666078012,-87.72675067491473,"{'type': 'Point', 'coordinates': [-87.726750674915, 41.887666607801]}",2025-10-30,Thursday,10,Humboldt Park 4,688.8,Garfield Park,GARFIELD PARK
601764720,Air Pollution Work Order,123 E 70TH ST,123,E,70TH,ST,84397.0,2025-10-30,,DEPT. OF PUBLIC HEALTH,Alleged violation not found,2025-10-31,41.767307404321336,-87.62073945310485,"{'type': 'Point', 'coordinates': [-87.620739453105, 41.767307404321]}",2025-10-30,Thursday,10,Greater Grand Crossing 2,355.4,Grand Crossing,"SOUTH SHORE, GRAND CROSSING"
601764510,Air Pollution Work Order,3636 W 58TH ST,3636,W,58TH,ST,10937.0,2025-10-30,,DEPT. OF PUBLIC HEALTH,Alleged violation not found,2025-11-03,41.78799338257664,-87.71488015650814,"{'type': 'Point', 'coordinates': [-87.714880156508, 41.787993382577]}",2025-10-30,Thursday,10,West Elsdon 2,474.6,West Elsdon,"ARCHER HEIGHTS,WEST ELSDON"
601764480,Air Pollution Work Order,4713 S KILDARE AVE,4713,S,KILDARE,AVE,10937.0,2025-10-30,Pollution at night is so strong it will wake you up and causes headaches,DEPT. OF PUBLIC HEALTH,Complaint Valid,2025-10-31,41.80734917234079,-87.73076761537281,"{'type': 'Point', 'coordinates': [-87.730767615373, 41.807349172341]}",2025-10-30,Thursday,10,Archer Heights 4,748.2,Archer Heights,"ARCHER HEIGHTS,WEST ELSDON"
601764486,Air Pollution Work Order,4453 S LEAMINGTON AVE,4453,S,LEAMINGTON,AVE,10937.0,2025-10-30,&nbsp;There’s a horrible rotten egg smell outside all over the neighborhood it’s so bad it’s getting into our house,DEPT. OF PUBLIC HEALTH,Complaint Valid,2025-10-31,41.81143093790501,-87.75167284582679,"{'type': 'Point', 'coordinates': [-87.751672845827, 41.811430937905]}",2025-10-30,Thursday,10,Garfield Ridge 1,1308.9,Garfield Ridge,MIDWAY AIRPORT
601764473,Air Pollution Work Order,5240 S LAWNDALE AVE,5240,S,LAWNDALE,AVE,10937.0,2025-10-30,,DEPT. OF PUBLIC HEALTH,Alleged violation not found,2025-10-31,41.797590581850216,-87.7160739803089,"{'type': 'Point', 'coordinates': [-87.716073980309, 41.79759058185]}",2025-10-30,Thursday,10,Archer Heights 3,677.6,West Elsdon,"ARCHER HEIGHTS,WEST ELSDON"
601764472,Air Pollution Work Order,5246 S TROY ST,5246,S,TROY,ST,10937.0,2025-10-30,,DEPT. OF PUBLIC HEALTH,Alleged violation not found,2025-10-31,41.79768411002119,-87.70260124031147,"{'type': 'Point', 'coordinates': [-87.702601240311, 41.797684110021]}",2025-10-30,Thursday,10,Gage Park 1,582.9,Gage Park,"MARQUETTE PARK,GAGE PARK"
601764475,Air Pollution Work Order,5207 S LAWNDALE AVE,5207,S,LAWNDALE,AVE,10937.0,2025-10-30,Entire neighborhood reeks of sewer smell&nbsp;,DEPT. OF PUBLIC HEALTH,Complaint Invalid,2025-10-31,41.7985600906081,-87.71580947722725,"{'type': 'Point', 'coordinates': [-87.715809477227, 41.798560090608]}",2025-10-30,Thursday,10,Archer Heights 3,606.5,West Elsdon,"ARCHER HEIGHTS,WEST ELSDON"
601764482,Air Pollution Work Order,4501 S SPRINGFIELD AVE,4501,S,SPRINGFIELD,AVE,10937.0,2025-10-30,Foul smell throughout the neighborhood. Makes you nauseous after being outside for only a few minutes. Smells likerotting eggs.&nbsp;,DEPT. OF PUBLIC HEALTH,Complaint Valid,2025-10-31,41.81149358265669,-87.72112295091179,"{'type': 'Point', 'coordinates': [-87.721122950912, 41.811493582657]}",2025-10-30,Thursday,10,Archer Heights 2,436.9,Archer Heights,"ARCHER HEIGHTS,WEST ELSDON"
601764452,Air Pollution Work Order,7157 S EAST END AVE,7157,S,EAST END,AVE,84397.0,2025-10-31,CALLER REPORTS AN UNKNOWN FOUL ODOR THAT SHE COMPARES TO SEWAGE BUT STATES THATSHE DOESN'T THINK IT'S SEWAGE. SMELL IS OUTDOORS AND HAS MADE IT'S WAY INSIDE OF HER HOME.&nbsp;,DEPT. OF PUBLIC HEALTH,Alleged violation not found,2025-10-31,41.764400712199134,-87.58348349555766,"{'type': 'Point', 'coordinates': [-87.583483495558, 41.764400712199]}",2025-10-31,Friday,10,South Shore 1,190.4,South Shore,"SOUTH SHORE, GRAND CROSSING"
601765045,Air Pollution Work Order,5111 W ROSCOE ST,5111,W,ROSCOE,ST,417337.0,2025-10-31,,DEPT. OF PUBLIC HEALTH,Alleged violation not found,2025-11-03,41.942265867933706,-87.75485465240615,"{'type': 'Point', 'coordinates': [-87.754854652406, 41.942265867934]}",2025-10-31,Friday,10,Portage Park 4,209.8,Portage Park,PORTAGE PARK
601765050,Air Pollution Work Order,1728 W DIVISION ST,1728,W,DIVISION,ST,129151.0,2025-10-31,"caller says there is construction being done without proper safety procedures. dust and debris flying everywhere withoutany protection, passing by civilains are being affected",DEPT. OF PUBLIC HEALTH,Resolved,2025-11-04,41.9033945398785,-87.67123106117916,"{'type': 'Point', 'coordinates': [-87.671231061179, 41.903394539879]}",2025-10-31,Friday,10,West Town 2,548.2,Wicker Park,"WICKER PARK,WEST TOWN"
601765040,Air Pollution Work Order,12018 S HARVARD AVE,12018,S,HARVARD,AVE,13776.0,2025-11-02,"SMOKE PIT THAT IS BEING USED AS A HEATER FOR 4 DOGS IN BACKYARD CAUSING LOTS OF THICKSMOKE IN THE NEIGHBORHOOD - BOTHERING ELDERLY NEIGHBORS WITH HEALTHY ISSUES, DAMAGING FILTERSIN NEIGHBORS HOMES AND VISIBILITY ISSUES",DEPT. OF PUBLIC HEALTH,Resolved,2025-11-03,41.6755188435237,-87.63114500807617,"{'type': 'Point', 'coordinates': [-87.631145008076, 41.675518843524]}",2025-11-02,Sunday,11,West Pullman 2,511.9,West Pullman,WEST PULLMAN
601765622,Air Pollution Work Order,3834 W WABANSIA AVE,3834,W,WABANSIA,AVE,417337.0,2025-11-03,,DEPT. OF PUBLIC HEALTH,Alleged violation founded,2025-11-04,41.91185469183723,-87.72295816474018,"{'type': 'Point', 'coordinates': [-87.72295816474, 41.911854691837]}",2025-11-03,Monday,11,Logan Square 4,580.4,Humboldt Park,HUMBOLDT PARK
601765605,Air Pollution Work Order,1306 N BOSWORTH AVE,1306,N,BOSWORTH,AVE,437489.0,2025-11-03,Apartment building being built,DEPT. OF PUBLIC HEALTH,Alleged violation founded,2025-11-05,41.905434595261255,-87.66637149945824,"{'type': 'Point', 'coordinates': [-87.666371499458, 41.905434595261]}",2025-11-03,Monday,11,West Town 2,612.4,West Town,"WICKER PARK,WEST TOWN"
601765614,Air Pollution Work Order,2701 E 100TH ST,2701,E,100TH,ST,129151.0,2025-11-03,,DEPT. OF PUBLIC HEALTH,Complaint Valid,2025-11-05,41.71324291275156,-87.55803846897774,"{'type': 'Point', 'coordinates': [-87.558038468978, 41.713242912752]}",2025-11-03,Monday,11,South Deering 2,442.3,South Deering,SOUTHEAST SIDE
601765887,Air Pollution Work Order,2701 E 100TH ST,2701,E,100TH,ST,129151.0,2025-11-04,,DEPT. OF PUBLIC HEALTH,Complaint Valid,2025-11-05,41.71324291275156,-87.55803846897774,"{'type': 'Point', 'coordinates': [-87.558038468978, 41.713242912752]}",2025-11-04,Tuesday,11,South Deering 2,442.3,South Deering,SOUTHEAST SIDE
601765893,Air Pollution Work Order,2055 W PERSHING RD,2055,W,PERSHING,RD,417337.0,2025-11-04,,DEPT. OF PUBLIC HEALTH,Alleged violation not found,2025-11-06,41.822972765727336,-87.67702220737627,"{'type': 'Point', 'coordinates': [-87.677022207376, 41.822972765727]}",2025-11-04,Tuesday,11,McKinley Park 2,815.1,New City,BACK OF THE YARDS
601765886,Air Pollution Work Order,3658 S SEELEY AVE,3658,S,SEELEY,AVE,417337.0,2025-11-04,Still stinky in the park across from MAT. Noticeable from 36th St south,DEPT. OF PUBLIC HEALTH,Alleged violation not found,2025-11-06,41.826818676817936,-87.67655189160467,"{'type': 'Point', 'coordinates': [-87.676551891605, 41.826818676818]}",2025-11-04,Tuesday,11,McKinley Park 2,601.0,Mckinley Park,"BRIGHTON PARK,MCKINLEY PARK"
601765608,Air Pollution Work Order,2055 W PERSHING RD,2055,W,PERSHING,RD,417337.0,2025-11-04,"Strong asphalt smells in my home since early morning with the windows closed. Outside, it smells of burning asphalt evenstronger and the smell reaches across the park all of the way to Velma Thomas preschool. Hurts lungs and throat.",DEPT. OF PUBLIC HEALTH,Alleged violation not found,2025-11-04,41.822972765727336,-87.67702220737627,"{'type': 'Point', 'coordinates': [-87.677022207376, 41.822972765727]}",2025-11-04,Tuesday,11,McKinley Park 2,815.1,New City,BACK OF THE YARDS
601765609,Air Pollution Work Order,3817 S HONORE ST,3817,S,HONORE,ST,417337.0,2025-11-04,Especially strong this morning. Opened the front door around 8:15 and got inundated,DEPT. OF PUBLIC HEALTH,Alleged violation not found,2025-11-04,41.8244294404609,-87.67130092649744,"{'type': 'Point', 'coordinates': [-87.671300926497, 41.824429440461]}",2025-11-04,Tuesday,11,McKinley Park 2,385.1,Mckinley Park,"BRIGHTON PARK,MCKINLEY PARK"
601766542,Air Pollution Work Order,3819 S HONORE ST,3819,S,HONORE,ST,417337.0,2025-11-05,"They never run at night. This is very unusual, and it’s almost as strong as it is in the mornings",DEPT. OF PUBLIC HEALTH,Alleged violation not found,2025-11-10,41.82437366715258,-87.67129953764069,"{'type': 'Point', 'coordinates': [-87.671299537641, 41.824373667153]}",2025-11-05,Wednesday,11,McKinley Park 2,390.7,Mckinley Park,"BRIGHTON PARK,MCKINLEY PARK"
601766497,Air Pollution Work Order,9702 S CALUMET AVE,9702,S,CALUMET,AVE,13776.0,2025-11-05,,DEPT. OF PUBLIC HEALTH,Resolved,2025-11-06,41.71807813304793,-87.61540391000115,"{'type': 'Point', 'coordinates': [-87.615403910001, 41.718078133048]}",2025-11-05,Wednesday,11,Roseland 2,601.0,Roseland,"WASHINGTON HEIGHTS,ROSELAND"
601766538,Air Pollution Work Order,7701 S HALSTED ST,7701,S,HALSTED,ST,84397.0,2025-11-05,Per caller there was a fire in the surrounding area and left a lot of dust in the area,DEPT. OF PUBLIC HEALTH,Resolved,2025-11-07,41.754184116426416,-87.64398758259975,"{'type': 'Point', 'coordinates': [-87.6439875826, 41.754184116426]}",2025-11-05,Wednesday,11,Greater Grand Crossing 6,706.1,Auburn Gresham,AUBURN GRESHAM
601766543,Air Pollution Work Order,3104 S CANAL ST,3104,S,CANAL,ST,451826.0,2025-11-05,,DEPT. OF PUBLIC HEALTH,Alleged violation not found,2025-11-07,41.83794972836874,-87.6378954535859,"{'type': 'Point', 'coordinates': [-87.637895453586, 41.837949728369]}",2025-11-05,Wednesday,11,Armour Square 2,300.5,Bridgeport,BRIDGEPORT
601766563,Air Pollution Work Order,2656 N SPRINGFIELD AVE,2656,N,SPRINGFIELD,AVE,437489.0,2025-11-05,Construction started earlier this year to repave part of Schubert and Springfield Ave around Kos park. The sewage androtten egg smell started around that time and has gotten stronger since construction finished.,DEPT. OF PUBLIC HEALTH,Alleged violation not found,2025-11-06,41.92987731836829,-87.72462718768293,"{'type': 'Point', 'coordinates': [-87.724627187683, 41.929877318368]}",2025-11-05,Wednesday,11,Logan Square 1,471.5,Logan Square,LOGAN SQUARE
601766792,Air Pollution Work Order,1315 W 18TH ST,1315,W,18TH,ST,249349.0,2025-11-06,,DEPT. OF PUBLIC HEALTH,Alleged violation founded,2025-11-07,41.85779264915341,-87.6596342606081,"{'type': 'Point', 'coordinates': [-87.659634260608, 41.857792649153]}",2025-11-06,Thursday,11,Lower West Side 3,790.7,Lower West Side,LOWER WEST SIDE
601766796,Air Pollution Work Order,2862 E 94TH ST,2862,E,94TH,ST,13776.0,2025-11-06,,DEPT. OF PUBLIC HEALTH,Alleged violation not found,2025-11-07,41.72468365003265,-87.55412411636894,"{'type': 'Point', 'coordinates': [-87.554124116369, 41.724683650033]}",2025-11-06,Thursday,11,Calumet Heights 3,197.5,Calumet Heights,"AVALON PARK,CALUMET HEIGHTS"
601766797,Air Pollution Work Order,3559 S HOYNE AVE,3559,S,HOYNE,AVE,417337.0,2025-11-06,,DEPT. OF PUBLIC HEALTH,Alleged violation not found,2025-11-10,41.828629865764206,-87.67752733474275,"{'type': 'Point', 'coordinates': [-87.677527334743, 41.828629865764]}",2025-11-06,Thursday,11,McKinley Park 2,685.8,Mckinley Park,"BRIGHTON PARK,MCKINLEY PARK"
601766801,Air Pollution Work Order,8740 S DORCHESTER AVE,8740,S,DORCHESTER,AVE,84397.0,2025-11-06,,DEPT. OF PUBLIC HEALTH,Refer to Building Dept,2025-11-07,41.735624411400856,-87.5906868140156,"{'type': 'Point', 'coordinates': [-87.590686814016, 41.735624411401]}",2025-11-06,Thursday,11,Avalon Park 3,531.3,Calumet Heights,"AVALON PARK,CALUMET HEIGHTS"
601767643,Air Pollution Work Order,4940 S EAST END AVE,4940,S,EAST END,AVE,451826.0,2025-11-07,,DEPT. OF PUBLIC HEALTH,Resolved,2025-11-10,41.804923176685726,-87.58562455528525,"{'type': 'Point', 'coordinates': [-87.585624555285, 41.804923176686]}",2025-11-07,Friday,11,Hyde Park 2,622.3,Kenwood,"KENWOOD,OAKLAND"
601767644,Air Pollution Work Order,4819 S ST LAWRENCE AVE,4819,S,ST LAWRENCE,AVE,84397.0,2025-11-09,,DEPT. OF PUBLIC HEALTH,Alleged violation not found,2025-11-10,41.80704518604206,-87.61125154850271,"{'type': 'Point', 'coordinates': [-87.611251548503, 41.807045186042]}",2025-11-09,Sunday,11,Grand Boulevard 2,832.4,Grand Boulevard,BRONZEVILLE
601768735,Air Pollution Work Order,6533 S DREXEL AVE,6533,S,DREXEL,AVE,84397.0,2025-11-10,Frequent burning of trash inside a condemned structure. Visible smoke and odor causing headaches and illness. Possibletoxic materials being burned. Please inspect for air quality and fire code violations,DEPT. OF PUBLIC HEALTH,Resolved,2025-11-13,41.77581253073972,-87.60324459360477,"{'type': 'Point', 'coordinates': [-87.603244593605, 41.77581253074]}",2025-11-10,Monday,11,Woodlawn 1,121.4,Woodlawn,WOODLAWN
601768740,Air Pollution Work Order,6335 N MAPLEWOOD AVE,6335,N,MAPLEWOOD,AVE,431068.0,2025-11-10,,DEPT. OF PUBLIC HEALTH,Alleged violation not found,2025-11-12,41.99690653802117,-87.6933735524491,"{'type': 'Point', 'coordinates': [-87.693373552449, 41.996906538021]}",2025-11-10,Monday,11,West Ridge 3,712.0,West Ridge,WEST RIDGE
601768752,Air Pollution Work Order,116 E 124TH PL,116,E,124TH,PL,13776.0,2025-11-10,,DEPT. OF PUBLIC HEALTH,Alleged violation not found,2025-11-12,41.66782016435782,-87.61945268790288,"{'type': 'Point', 'coordinates': [-87.619452687903, 41.667820164358]}",2025-11-10,Monday,11,West Pullman 4,460.5,West Pullman,WEST PULLMAN
601768749,Air Pollution Work Order,1901 S CALUMET AVE,1901,S,CALUMET,AVE,437489.0,2025-11-11,"CN freight trains are staging (idling) engines on the Right-of-Way directly behind homes (1900 S Calumet) for 1+ hours.Unnecessary, prolonged idling causes severe diesel emissions &amp; health hazard.",DEPT. OF PUBLIC HEALTH,Alleged violation not found,2025-11-13,41.85656775860116,-87.61897693757173,"{'type': 'Point', 'coordinates': [-87.618976937572, 41.856567758601]}",2025-11-11,Tuesday,11,Near South Side 2,369.5,Near South Side,NEAR SOUTH SIDE
601769426,Air Pollution Work Order,7232 S MARSHFIELD AVE,7232,S,MARSHFIELD,AVE,84397.0,2025-11-12,&nbsp;This property is constantly burning things and causing air pollution. seniors are on the block and causiong health issues .,DEPT. OF PUBLIC HEALTH,Alleged violation unfounded,2025-11-13,41.762080027636834,-87.66510508630999,"{'type': 'Point', 'coordinates': [-87.66510508631, 41.762080027637]}",2025-11-12,Wednesday,11,West Englewood 3,486.6,Englewood,ENGLEWOOD
601769958,Air Pollution Work Order,3238 W OGDEN AVE,3238,W,OGDEN,AVE,417337.0,2025-11-13,,DEPT. OF PUBLIC HEALTH,Alleged violation founded,2025-11-14,41.85759184039149,-87.7068370665136,"{'type': 'Point', 'coordinates': [-87.706837066514, 41.857591840391]}",2025-11-13,Thursday,11,South Lawndale 1,604.2,North Lawndale,NORTH LAWNDALE
601769952,Air Pollution Work Order,9800 S HOUSTON AVE,9800,S,HOUSTON,AVE,13776.0,2025-11-13,"The smoke comes often where they burn something; maybe it's landscaping waste because you see work vehicles there, butit burns at night or in the afternoons. I should go in and check it out.",DEPT. OF PUBLIC HEALTH,Alleged violation not found,2025-11-14,41.71722872268321,-87.54977273010536,"{'type': 'Point', 'coordinates': [-87.549772730105, 41.717228722683]}",2025-11-13,Thursday,11,South Deering 2,485.0,South Deering,SOUTHEAST SIDE
601769964,Air Pollution Work Order,2055 W PERSHING RD,2055,W,PERSHING,RD,417337.0,2025-11-13,,DEPT. OF PUBLIC HEALTH,Alleged violation not found,2025-11-17,41.822972765727336,-87.67702220737627,"{'type': 'Point', 'coordinates': [-87.677022207376, 41.822972765727]}",2025-11-13,Thursday,11,McKinley Park 2,815.1,New City,BACK OF THE YARDS
601769269,Air Pollution Work Order,4300 N KILPATRICK AVE,4300,N,KILPATRICK,AVE,417337.0,2025-11-13,fertilizer,DEPT. OF PUBLIC HEALTH,Alleged violation not found,2025-10-31,41.958896781182816,-87.74595306991108,"{'type': 'Point', 'coordinates': [-87.745953069911, 41.958896781183]}",2025-11-13,Thursday,11,Irving Park 1,426.3,Portage Park,PORTAGE PARK
601769881,Air Pollution Work Order,12603 S MICHIGAN AVE,12603,S,MICHIGAN,AVE,13776.0,2025-11-13,,DEPT. OF PUBLIC HEALTH,Alleged violation not found,2025-11-14,41.66435958916516,-87.6198492917571,"{'type': 'Point', 'coordinates': [-87.619849291757, 41.664359589165]}",2025-11-13,Thursday,11,West Pullman 4,123.2,West Pullman,WEST PULLMAN
601770975,Air Pollution Work Order,7230 N OLCOTT AVE,7230,N,OLCOTT,AVE,437489.0,2025-11-14,TRAILER HAS BEEN IDLE IN THE AREA AND RELEASING FUMES INTO THE AIR. LOUD/STRONG GASSMELL.,DEPT. OF PUBLIC HEALTH,Alleged violation not found,2025-11-17,42.01246064953995,-87.81408910465723,"{'type': 'Point', 'coordinates': [-87.814089104657, 42.01246064954]}",2025-11-14,Friday,11,Edison Park 1,543.2,Edison Park,EDISON PARK
601770953,Air Pollution Work Order,1954 N MILWAUKEE AVE,1954,N,MILWAUKEE,AVE,379542.0,2025-11-14,"Roofing construction scattering public right of way with dust, observed November 14, 2025 in the afternoon",DEPT. OF PUBLIC HEALTH,Resolved,2025-11-17,41.91686825442438,-87.68771508889513,"{'type': 'Point', 'coordinates': [-87.687715088895, 41.916868254424]}",2025-11-14,Friday,11,Logan Square 3,600.4,Logan Square,LOGAN SQUARE
601770954,Air Pollution Work Order,2701 E 100TH ST,2701,E,100TH,ST,13776.0,2025-11-14,,DEPT. OF PUBLIC HEALTH,Alleged violation not found,2025-11-17,41.71324291275156,-87.55803846897774,"{'type': 'Point', 'coordinates': [-87.558038468978, 41.713242912752]}",2025-11-14,Friday,11,South Deering 2,442.3,South Deering,SOUTHEAST SIDE
601770970,Air Pollution Work Order,3841 S HONORE ST,3841,S,HONORE,ST,417337.0,2025-11-14,"Especially persistent today. It’s usually worst in the morning, but today it got bad around lunch and it’s just as strong now.Coming inside even with windows shut",DEPT. OF PUBLIC HEALTH,Alleged violation not found,2025-11-17,41.82376044595975,-87.67128184955689,"{'type': 'Point', 'coordinates': [-87.671281849557, 41.82376044596]}",2025-11-14,Friday,11,McKinley Park 2,453.3,Mckinley Park,"BRIGHTON PARK,MCKINLEY PARK"
601770901,Air Pollution Work Order,810 N MARSHFIELD AVE,810,N,MARSHFIELD,AVE,249349.0,2025-11-14,"Smoke and grease smells emitting from restaurant, can be smelled most of the day from residential property/sidewalkswithin a block",DEPT. OF PUBLIC HEALTH,Alleged violation not found,2025-11-17,41.89641175668324,-87.66867222719841,"{'type': 'Point', 'coordinates': [-87.668672227198, 41.896411756683]}",2025-11-14,Friday,11,West Town 4,381.5,East Village,UKRAINIAN VILLAGE AND EAST VILLAGE
601770980,Air Pollution Work Order,11108 S AVENUE M,11108,S,AVENUE M,,10937.0,2025-11-15,,DEPT. OF PUBLIC HEALTH,Alleged violation not found,2025-11-17,41.69334957099568,-87.53784235512856,"{'type': 'Point', 'coordinates': [-87.537842355129, 41.693349570996]}",2025-11-15,Saturday,11,Washington HS Collocation 1,651.3,East Side,SOUTHEAST SIDE
601770913,Air Pollution Work Order,810 N MARSHFIELD AVE,810,N,MARSHFIELD,AVE,249349.0,2025-11-15,Unfiltered Food/grease smoke spreading to adjacent residential homes most of the day,DEPT. OF PUBLIC HEALTH,Alleged violation not found,2025-11-17,41.89641175668324,-87.66867222719841,"{'type': 'Point', 'coordinates': [-87.668672227198, 41.896411756683]}",2025-11-15,Saturday,11,West Town 4,381.5,East Village,UKRAINIAN VILLAGE AND EAST VILLAGE
601770913,Air Pollution Work Order,810 N MARSHFIELD AVE,810,N,MARSHFIELD,AVE,249349.0,2025-11-15,Unfiltered Food/grease smoke spreading to adjacent residential homes most of the day,DEPT. OF PUBLIC HEALTH,Alleged violation not found,2025-11-17,41.89641175668324,-87.66867222719841,"{'type': 'Point', 'coordinates': [-87.668672227198, 41.896411756683]}",2025-11-15,Saturday,11,West Town 4,381.5,East Village,UKRAINIAN VILLAGE AND EAST VILLAGE
601771088,Air Pollution Work Order,4410 S WASHTENAW AVE,4410,S,WASHTENAW,AVE,3308.0,2025-11-17,CONSTRUCTION DEBRIS FALLING ALL OVER NEIGHBORING PROPERTIES AND WORK IS BEING DONEWITHOUT PROPER PROTECTION.,DEPT. OF PUBLIC HEALTH,Alleged violation founded,2025-11-18,41.81339885042834,-87.69205606847896,"{'type': 'Point', 'coordinates': [-87.692056068479, 41.813398850428]}",2025-11-17,Monday,11,Brighton Park 2,522.4,Brighton Park,"BRIGHTON PARK,MCKINLEY PARK"
601771083,Air Pollution Work Order,4204 N MEADE AVE,4204,N,MEADE,AVE,443615.0,2025-11-17,,DEPT. OF PUBLIC HEALTH,Alleged violation not found,2025-11-18,41.95685743425005,-87.77950145297174,"{'type': 'Point', 'coordinates': [-87.779501452972, 41.95685743425]}",2025-11-17,Monday,11,Portage Park 1,671.1,Portage Park,PORTAGE PARK
601771012,Air Pollution Work Order,1133 W FULTON MARKET,1133,W,FULTON MARKET,,431068.0,2025-11-17,,DEPT. OF PUBLIC HEALTH,Alleged violation not found,2025-11-18,41.88657609813147,-87.65573469258315,"{'type': 'Point', 'coordinates': [-87.655734692583, 41.886576098131]}",2025-11-17,Monday,11,Near West Side 3,609.8,West Loop,WEST LOOP
601771094,Air Pollution Work Order,4802 W CONGRESS PKWY,4802,W,CONGRESS,PKWY,451826.0,2025-11-17,,DEPT. OF PUBLIC HEALTH,Alleged violation not found,2025-11-18,41.87417707401752,-87.74520912777209,"{'type': 'Point', 'coordinates': [-87.745209127772, 41.874177074018]}",2025-11-17,Monday,11,Austin 4,828.1,Austin,AUSTIN
601771096,Air Pollution Work Order,5340 N NOTTINGHAM AVE,5340,N,NOTTINGHAM,AVE,437489.0,2025-11-18,CALLER STATES FUMES FROM WATER DEPT CONSTRUCTION ARE COMING INTO THE HOUSE,DEPT. OF PUBLIC HEALTH,Alleged violation not found,2025-11-18,41.97831543848319,-87.80368314787752,"{'type': 'Point', 'coordinates': [-87.803683147878, 41.978315438483]}",2025-11-18,Tuesday,11,Norwood Park 4,476.4,Norwood Park,NORWOOD PARK
601771803,Air Pollution Work Order,10052 S PERRY AVE,10052,S,PERRY,AVE,84397.0,2025-11-18,caller has strong gas smell in neighborhood,DEPT. OF PUBLIC HEALTH,Alleged violation not found,2025-11-20,41.71103677502632,-87.62614923715431,"{'type': 'Point', 'coordinates': [-87.626149237154, 41.711036775026]}",2025-11-18,Tuesday,11,Roseland 2,602.3,Roseland,"WASHINGTON HEIGHTS,ROSELAND"
601771823,Air Pollution Work Order,3535 E 114TH ST,3535,E,114TH,ST,13776.0,2025-11-18,,DEPT. OF PUBLIC HEALTH,Alleged violation not found,2025-11-19,41.68810940443177,-87.53755009833142,"{'type': 'Point', 'coordinates': [-87.537550098331, 41.688109404432]}",2025-11-18,Tuesday,11,Washington HS Collocation 1,81.4,East Side,SOUTHEAST SIDE
601772022,Air Pollution Work Order,7800 S RIDGELAND AVE,7800,S,RIDGELAND,AVE,84397.0,2025-11-19,"Since March of this year, I have noticed a rotten eggs, smell mixed with garbage and decaying animal. The older is sopungent. It burns my eyes throat and makes me feel nauseous and dizzy.",DEPT. OF PUBLIC HEALTH,Refer to Building Dept,2025-11-20,41.75325544187069,-87.5822762244662,"{'type': 'Point', 'coordinates': [-87.582276224466, 41.753255441871]}",2025-11-19,Wednesday,11,Avalon Park 1,421.4,South Shore,"SOUTH SHORE, GRAND CROSSING"
601772050,Air Pollution Work Order,2701 E 100TH ST,2701,E,100TH,ST,13776.0,2025-11-19,There is also a stinking fish smell. This had been going on for two days.,DEPT. OF PUBLIC HEALTH,Alleged violation not found,2025-11-20,41.71324291275156,-87.55803846897774,"{'type': 'Point', 'coordinates': [-87.558038468978, 41.713242912752]}",2025-11-19,Wednesday,11,South Deering 2,442.3,South Deering,SOUTHEAST SIDE
601772820,Air Pollution Work Order,3726 N RACINE AVE,3726,N,RACINE,AVE,249349.0,2025-11-20,SCAFFOWLING IN REAR OF BLDG. THEY ARE SAWING AND DUST IS FLYINGEVERYWHERE. ONTO NEIGHBORS PROPERTY IN REAR,DEPT. OF PUBLIC HEALTH,Alleged violation founded,2025-11-21,41.949752013301016,-87.65938013246856,"{'type': 'Point', 'coordinates': [-87.659380132469, 41.949752013301]}",2025-11-20,Thursday,11,Lake View 2,463.0,Wrigleyville,WRIGLEYVILLE
601772670,Air Pollution Work Order,447 E 82ND ST,447,E,82ND,ST,10937.0,2025-11-20,,DEPT. OF PUBLIC HEALTH,Complaint Valid,2025-11-24,41.74555958812786,-87.6128622814227,"{'type': 'Point', 'coordinates': [-87.612862281423, 41.745559588128]}",2025-11-20,Thursday,11,Greater Grand Crossing 5,869.3,Chatham,"CHATHAM,BURNSIDE"
601772815,Air Pollution Work Order,2701 E 100TH ST,2701,E,100TH,ST,13776.0,2025-11-20,,DEPT. OF PUBLIC HEALTH,Alleged violation not found,2025-11-21,41.71324291275156,-87.55803846897774,"{'type': 'Point', 'coordinates': [-87.558038468978, 41.713242912752]}",2025-11-20,Thursday,11,South Deering 2,442.3,South Deering,SOUTHEAST SIDE
601772064,Air Pollution Work Order,2730 S ELEANOR ST,2730,S,ELEANOR,ST,379542.0,2025-11-20,,DEPT. OF PUBLIC HEALTH,Resolved,2025-11-20,41.84422845158573,-87.66115897893286,"{'type': 'Point', 'coordinates': [-87.661158978933, 41.844228451586]}",2025-11-20,Thursday,11,Lower West Side 4,778.4,Bridgeport,BRIDGEPORT
601772062,Air Pollution Work Order,80 E LAKE ST,80,E,LAKE,ST,249349.0,2025-11-20,"When I walk on the northern sidewalk of E Lake Street near Roti Mediterranean, there is a large exhaust vent with smokethat clouds the street. The vent itself has a lot of soot on it. The vent is located in the building overhang 15 ft above sidewalk",DEPT. OF PUBLIC HEALTH,Complaint Valid,2025-11-20,41.88584720870456,-87.62509485736301,"{'type': 'Point', 'coordinates': [-87.625094857363, 41.885847208705]}",2025-11-20,Thursday,11,Loop 2,761.3,Loop,LOOP
601772026,Air Pollution Work Order,4814 W THOMAS ST,4814,W,THOMAS,ST,3308.0,2025-11-20,,DEPT. OF PUBLIC HEALTH,Alleged violation not found,2025-11-20,41.900618301690415,-87.74668215459923,"{'type': 'Point', 'coordinates': [-87.746682154599, 41.90061830169]}",2025-11-20,Thursday,11,Austin 2,633.1,Austin,AUSTIN
601772752,Air Pollution Work Order,1529 N PAULINA ST,1529,N,PAULINA,ST,417337.0,2025-11-20,THERE GRINDING OUT MOTER JOINTS WITHOUT WATER OR A VACUUM . DUST ALL UP AND DOWN THEBLOCK. CARS COVERED IN DUST,DEPT. OF PUBLIC HEALTH,Complaint Valid,2025-11-21,41.90993696974212,-87.6699637774295,"{'type': 'Point', 'coordinates': [-87.669963777429, 41.909936969742]}",2025-11-20,Thursday,11,West Town 2,303.6,Wicker Park,"WICKER PARK,WEST TOWN"
601773442,Air Pollution Work Order,2239 S KILDARE AVE,2239,S,KILDARE,AVE,451826.0,2025-11-21,REHAB CONSTRUCTION WORK TAKING PLACE AT LISTED ADDRESS. CALLER REPORTS THAT THISWORK HAS CREATED A LOT OF DUST IN THE AIR.,DEPT. OF PUBLIC HEALTH,Refer to Building Dept,2025-11-25,41.85027006417624,-87.73106438803885,"{'type': 'Point', 'coordinates': [-87.731064388039, 41.850270064176]}",2025-11-21,Friday,11,North Lawndale 5,523.7,North Lawndale,NORTH LAWNDALE
601772762,Air Pollution Work Order,2161 W BOWLER ST,2161,W,BOWLER,ST,379542.0,2025-11-21,"some type of burning going on, smoke seen coming from alley/rear lot of 2161 w bowler street",DEPT. OF PUBLIC HEALTH,Resolved,2025-11-21,41.87058915608021,-87.68021518269394,"{'type': 'Point', 'coordinates': [-87.680215182694, 41.87058915608]}",2025-11-21,Friday,11,Near West Side 7,679.3,"Little Italy, UIC","LITTLE ITALY, UIC"
601772633,Air Pollution Work Order,4801 S RICHMOND ST,4801,S,RICHMOND,ST,451826.0,2025-11-21,,DEPT. OF PUBLIC HEALTH,Alleged violation not found,2025-11-21,41.80625848858503,-87.69766598660132,"{'type': 'Point', 'coordinates': [-87.697665986601, 41.806258488585]}",2025-11-21,Friday,11,Gage Park 1,591.7,Brighton Park,"BRIGHTON PARK,MCKINLEY PARK"
601773432,Air Pollution Work Order,2522 W CHARLESTON ST,2522,W,CHARLESTON,ST,379542.0,2025-11-21,"cement grinding, bulldozing dirt and dumping into a truck sending plumes of dust all over the surrounding houses",DEPT. OF PUBLIC HEALTH,Resolved,2025-11-24,41.92007449707975,-87.6902177051654,"{'type': 'Point', 'coordinates': [-87.690217705165, 41.92007449708]}",2025-11-21,Friday,11,Logan Square 3,196.2,Logan Square,LOGAN SQUARE
601773442,Air Pollution Work Order,2239 S KILDARE AVE,2239,S,KILDARE,AVE,451826.0,2025-11-21,REHAB CONSTRUCTION WORK TAKING PLACE AT LISTED ADDRESS. CALLER REPORTS THAT THISWORK HAS CREATED A LOT OF DUST IN THE AIR.,DEPT. OF PUBLIC HEALTH,Refer to Building Dept,2025-11-25,41.85027006417624,-87.73106438803885,"{'type': 'Point', 'coordinates': [-87.731064388039, 41.850270064176]}",2025-11-21,Friday,11,North Lawndale 5,523.7,North Lawndale,NORTH LAWNDALE
601776902,Air Pollution Work Order,4747 S RICHMOND ST,4747,S,RICHMOND,ST,451826.0,2025-11-21,ON SITE FROM 1150-1215AGAIN AT 220-300,DEPT. OF PUBLIC HEALTH,Refer to other Depts,2025-12-08,41.80688047055592,-87.69768402678457,"{'type': 'Point', 'coordinates': [-87.697684026785, 41.806880470556]}",2025-11-21,Friday,11,Gage Park 1,636.5,Brighton Park,"BRIGHTON PARK,MCKINLEY PARK"
601773454,Air Pollution Work Order,1839 N DAMEN AVE,1839,N,DAMEN,AVE,443615.0,2025-11-21,PER CALLER- THEY ARE DOING NEW CONSTRUCTION ON THIS RESIDENTIAL PROPERTY AND THEY AREGENERATOR THAT HAS BLACK SMOKES AND HAS FUMES COMING FROM IT. THIS IS CAUSING A PRIVATENUISANCE. HE NOTICED THE NOISE AND FUMES. THE GENERATOR IS VISIBLE ON DAMEN. THEY ARE STILLWORKING ON THE BUILDING. THEY NOTICE THE GENERATOR RUNNING BETWEEN 8 OR 9 AM TO 12 PM,DEPT. OF PUBLIC HEALTH,Alleged violation not found,2025-11-24,41.914950280516166,-87.67741193111364,"{'type': 'Point', 'coordinates': [-87.677411931114, 41.914950280516]}",2025-11-21,Friday,11,West Town 2,844.0,Bucktown,BUCKTOWN
601772633,Air Pollution Work Order,4801 S RICHMOND ST,4801,S,RICHMOND,ST,451826.0,2025-11-21,,DEPT. OF PUBLIC HEALTH,Alleged violation not found,2025-11-21,41.80625848858503,-87.69766598660132,"{'type': 'Point', 'coordinates': [-87.697665986601, 41.806258488585]}",2025-11-21,Friday,11,Gage Park 1,591.7,Brighton Park,"BRIGHTON PARK,MCKINLEY PARK"
601773423,Air Pollution Work Order,3123 W MOFFAT ST,3123,W,MOFFAT,ST,451826.0,2025-11-22,There is a person in their car idling for hours. It makes our kid feel sick if she is outside. It’s polluting the air,DEPT. OF PUBLIC HEALTH,Alleged violation not found,2025-11-24,41.914573440647,-87.70620510804075,"{'type': 'Point', 'coordinates': [-87.706205108041, 41.914573440647]}",2025-11-22,Saturday,11,Logan Square 4,1064.2,Logan Square,LOGAN SQUARE
601773449,Air Pollution Work Order,2149 S TRUMBULL AVE,2149,S,TRUMBULL,AVE,249349.0,2025-11-22,"Recurring, extremely strong chemical/petroleum odor blankets residential area in South Lawndale. Suspect freight traincargo emissions or leakage. Smell is often overwhelming. Causes headaches and nausea. Not from sewers",DEPT. OF PUBLIC HEALTH,Alleged violation not found,2025-11-25,41.85217775521068,-87.71101391648489,"{'type': 'Point', 'coordinates': [-87.711013916485, 41.852177755211]}",2025-11-22,Saturday,11,South Lawndale 1,659.8,Little Village,LITTLE VILLAGE
601773375,Air Pollution Work Order,4615 N CLIFTON AVE,4615,N,CLIFTON,AVE,437489.0,2025-11-23,There is also black mold on the entire Naomi house floor and there is a roach infestation,DEPT. OF PUBLIC HEALTH,Refer to Building Dept,2025-11-24,41.96589725819394,-87.65871664839716,"{'type': 'Point', 'coordinates': [-87.658716648397, 41.965897258194]}",2025-11-23,Sunday,11,Uptown 3,566.2,Uptown,UPTOWN
601773935,Air Pollution Work Order,3238 W OGDEN AVE,3238,W,OGDEN,AVE,249349.0,2025-11-24,"THE AUTO MECHANIC SHOP IS PAINTING CARS INSIDE ,AND THE FUMES IS ALL IN THE AIR INNEIGHBORHOOD AND HOUSES",DEPT. OF PUBLIC HEALTH,Complaint Valid,2025-11-25,41.85759184039149,-87.7068370665136,"{'type': 'Point', 'coordinates': [-87.706837066514, 41.857591840391]}",2025-11-24,Monday,11,South Lawndale 1,604.2,North Lawndale,NORTH LAWNDALE
601773819,Air Pollution Work Order,440 N SACRAMENTO BLVD,440,N,SACRAMENTO,BLVD,451826.0,2025-11-24,There is a chemical VOC smell and taste in the air,DEPT. OF PUBLIC HEALTH,Alleged violation not found,2025-11-28,41.88946402291078,-87.70161390931632,"{'type': 'Point', 'coordinates': [-87.701613909316, 41.889464022911]}",2025-11-24,Monday,11,Humboldt Park 3,204.3,Humboldt Park,HUMBOLDT PARK
601773884,Air Pollution Work Order,2055 W PERSHING RD,2055,W,PERSHING,RD,417337.0,2025-11-24,,DEPT. OF PUBLIC HEALTH,Alleged violation not found,2025-11-25,41.822972765727336,-87.67702220737627,"{'type': 'Point', 'coordinates': [-87.677022207376, 41.822972765727]}",2025-11-24,Monday,11,McKinley Park 2,815.1,New City,BACK OF THE YARDS
601773934,Air Pollution Work Order,3005 W FRANKLIN BLVD,3005,W,FRANKLIN,BLVD,10937.0,2025-11-24,,DEPT. OF PUBLIC HEALTH,Complaint Valid,2025-11-25,41.89001883539864,-87.7018905231205,"{'type': 'Point', 'coordinates': [-87.70189052312, 41.890018835399]}",2025-11-24,Monday,11,Humboldt Park 3,139.5,Humboldt Park,HUMBOLDT PARK
601774234,Air Pollution Work Order,1315 W 18TH ST,1315,W,18TH,ST,249349.0,2025-11-25,,DEPT. OF PUBLIC HEALTH,Complaint Valid,2025-12-01,41.85779264915341,-87.6596342606081,"{'type': 'Point', 'coordinates': [-87.659634260608, 41.857792649153]}",2025-11-25,Tuesday,11,Lower West Side 3,790.7,Lower West Side,LOWER WEST SIDE
601774364,Air Pollution Work Order,3238 W OGDEN AVE,3238,W,OGDEN,AVE,443615.0,2025-11-25,,DEPT. OF PUBLIC HEALTH,Resolved,2025-11-26,41.85759184039149,-87.7068370665136,"{'type': 'Point', 'coordinates': [-87.706837066514, 41.857591840391]}",2025-11-25,Tuesday,11,South Lawndale 1,604.2,North Lawndale,NORTH LAWNDALE
601774228,Air Pollution Work Order,4555 N MALDEN ST,4555,N,MALDEN,ST,379542.0,2025-11-25,THE CALLER STATED THAT THEY HAVE PULLING THE PLASTER FROM THE WALL,DEPT. OF PUBLIC HEALTH,Resolved,2025-11-26,41.96515200376268,-87.66227096973597,"{'type': 'Point', 'coordinates': [-87.662270969736, 41.965152003763]}",2025-11-25,Tuesday,11,Uptown 3,750.9,Uptown,UPTOWN
601774823,Air Pollution Work Order,3559 S WINCHESTER AVE,3559,S,WINCHESTER,AVE,249349.0,2025-11-28,"Around 1120 am on 11/28/25, I noticed a haziness in the air from my east facing window. Upon walking outside I smelledsmoke of some time as if something was burning. I was advised by the Community member to put in 311",DEPT. OF PUBLIC HEALTH,Alleged violation not found,2025-12-01,41.8286723696047,-87.67387368964583,"{'type': 'Point', 'coordinates': [-87.673873689646, 41.828672369605]}",2025-11-28,Friday,11,McKinley Park 2,392.3,Mckinley Park,"BRIGHTON PARK,MCKINLEY PARK"
601774830,Air Pollution Work Order,2149 S TRUMBULL AVE,2149,S,TRUMBULL,AVE,451826.0,2025-11-28,"Sewer gas overwhelms the block and seeping into houses. Started at 10:00pm and continued for 1+hours. Weatherconditions were 26 degrees, mostly cloudy. No trains present.",DEPT. OF PUBLIC HEALTH,Alleged violation not found,2025-12-02,41.85217775521068,-87.71101391648489,"{'type': 'Point', 'coordinates': [-87.711013916485, 41.852177755211]}",2025-11-28,Friday,11,South Lawndale 1,659.8,Little Village,LITTLE VILLAGE
601775027,Air Pollution Work Order,11419 S FORRESTVILLE AVE,11419,S,FORRESTVILLE,AVE,451826.0,2025-12-01,"Pullman Innovations has had pollution violations in the past, and has not made the necessary improvements to their facilityto eliminate this issue. They are releasing sulfur dioxide into the air, which is poisonous!",DEPT. OF PUBLIC HEALTH,Alleged violation founded,2025-12-03,41.686726312619285,-87.6093500767776,"{'type': 'Point', 'coordinates': [-87.609350076778, 41.686726312619]}",2025-12-01,Monday,12,Pullman 4,594.6,Pullman,PULLMAN
601776121,Air Pollution Work Order,1315 W 18TH ST,1315,W,18TH,ST,249349.0,2025-12-03,,DEPT. OF PUBLIC HEALTH,Complaint Valid,2025-12-05,41.85779264915341,-87.6596342606081,"{'type': 'Point', 'coordinates': [-87.659634260608, 41.857792649153]}",2025-12-03,Wednesday,12,Lower West Side 3,790.7,Lower West Side,LOWER WEST SIDE
601775833,Air Pollution Work Order,1514 S KILBOURN AVE,1514,S,KILBOURN,AVE,249349.0,2025-12-03,"writing to report a recurring environmental concern in our area. the air outside has been difficult to breathe due to a strongemission-type odor. The smell is similar to car exhaust, but stronger. begins around 6:00 AM",DEPT. OF PUBLIC HEALTH,Complaint Valid,2025-12-03,41.86002899669472,-87.73737094874227,"{'type': 'Point', 'coordinates': [-87.737370948742, 41.860028996695]}",2025-12-03,Wednesday,12,North Lawndale 1,648.7,North Lawndale,NORTH LAWNDALE
601776109,Air Pollution Work Order,501 W ROOSEVELT RD,501,W,ROOSEVELT,RD,417337.0,2025-12-04,"There is consistently a foul odor where the Comed guys go under the road by the walgreens on canal and roosevelt - it is there in the early mornings and late evenings.&nbsp;&nbsp;Consistenty for at least the last year, stronger scent after rain and snow",DEPT. OF PUBLIC HEALTH,Alleged violation not found,2025-12-04,41.86714315982288,-87.63929317413078,"{'type': 'Point', 'coordinates': [-87.639293174131, 41.867143159823]}",2025-12-04,Thursday,12,Near West Side 4,397.8,West Loop,WEST LOOP
601776507,Air Pollution Work Order,2143 S TRUMBULL AVE,2143,S,TRUMBULL,AVE,249349.0,2025-12-04,Sewer-like chemical Oder emanating from the street or train tracks. Began around 8:30p and persisting. Current weather is6 degrees Fahrenheit and clear skies. A picture of the train is attached. Nausia symptoms.,DEPT. OF PUBLIC HEALTH,Alleged violation not found,2025-12-08,41.85234134368,-87.7110165126702,"{'type': 'Point', 'coordinates': [-87.71101651267, 41.85234134368]}",2025-12-04,Thursday,12,South Lawndale 1,658.0,Little Village,LITTLE VILLAGE
601776760,Air Pollution Work Order,158 W DIVISION ST,158,W,DIVISION,ST,249349.0,2025-12-05,The exhaust vents for the kitchen pump noxious fumes directly onto people walking on the sidewalk,DEPT. OF PUBLIC HEALTH,Complaint Valid,2025-12-08,41.90397455193192,-87.63374356030391,"{'type': 'Point', 'coordinates': [-87.633743560304, 41.903974551932]}",2025-12-05,Friday,12,Near North Side 2,510.1,Old Town,OLD TOWN
601776505,Air Pollution Work Order,9655 S PRAIRIE AVE,9655,S,PRAIRIE,AVE,13776.0,2025-12-05,,DEPT. OF PUBLIC HEALTH,Alleged violation unfounded,2025-12-05,41.71839475987476,-87.61754137921906,"{'type': 'Point', 'coordinates': [-87.617541379219, 41.718394759875]}",2025-12-05,Friday,12,Roseland 2,540.2,Roseland,"WASHINGTON HEIGHTS,ROSELAND"
601777409,Air Pollution Work Order,2055 W PERSHING RD,2055,W,PERSHING,RD,417337.0,2025-12-08,"I smelled an intense lighter fluid smell on the north side of McKinley Park that made me feel nauseous. On the south sideof the park, I realized it was coming from MAT Asphalt (burning stacks, asphalt smell). So strong - headache and vomiting.",DEPT. OF PUBLIC HEALTH,Alleged violation unfounded,2026-12-09,41.822972765727336,-87.67702220737627,"{'type': 'Point', 'coordinates': [-87.677022207376, 41.822972765727]}",2025-12-08,Monday,12,McKinley Park 2,815.1,New City,BACK OF THE YARDS
601776728,Air Pollution Work Order,9500 S JEFFERY AVE,9500,S,JEFFERY,AVE,13776.0,2025-12-08,"From 95th-103rd from Jefferey to Torrence, there is a smell of gasoline outside and in the homes",DEPT. OF PUBLIC HEALTH,Alleged violation not found,2025-12-08,41.72237590704101,-87.57549990332795,"{'type': 'Point', 'coordinates': [-87.575499903328, 41.722375907041]}",2025-12-08,Monday,12,Calumet Heights 2,633.4,South Deering,SOUTHEAST SIDE
601777426,Air Pollution Work Order,1937 S KEDZIE AVE,1937,S,KEDZIE,AVE,84397.0,2025-12-09,,DEPT. OF PUBLIC HEALTH,Alleged violation not found,2025-12-09,41.85430446346137,-87.7051795108041,"{'type': 'Point', 'coordinates': [-87.705179510804, 41.854304463461]}",2025-12-09,Tuesday,12,South Lawndale 1,230.3,North Lawndale,NORTH LAWNDALE
601777918,Air Pollution Work Order,2701 E 100TH ST,2701,E,100TH,ST,437489.0,2025-12-09,,DEPT. OF PUBLIC HEALTH,Complaint Valid,2025-12-11,41.71324291275156,-87.55803846897774,"{'type': 'Point', 'coordinates': [-87.558038468978, 41.713242912752]}",2025-12-09,Tuesday,12,South Deering 2,442.3,South Deering,SOUTHEAST SIDE
601777429,Air Pollution Work Order,1012 N ASHLAND AVE,1012,N,ASHLAND,AVE,437489.0,2025-12-09,CALLER REPORTS A STRONG SMELL OF CHEMICALS OR EXHAUST IN THE ALLEY BEHIND LISTEDADDRESS. HE WASN'T SURE WHAT IS WAS OR WHERE IT WAS COMING FROM.,DEPT. OF PUBLIC HEALTH,Alleged violation not found,2025-12-09,41.90010186019837,-87.66755035650164,"{'type': 'Point', 'coordinates': [-87.667550356502, 41.900101860198]}",2025-12-09,Tuesday,12,West Town 4,727.7,East Village,UKRAINIAN VILLAGE AND EAST VILLAGE
601778618,Air Pollution Work Order,6948 W SUMMERDALE AVE,6948,W,SUMMERDALE,AVE,417337.0,2025-12-10,&nbsp;THE CALLER REPORTED A STRONG ODOR OF AN UNKNOWN ACIDIC MATERIAL&nbsp; (POSSIBLY VINEGAR) FROM AN UNKNOWN SOURCE IN THE AIR OF A&nbsp; NEIGHBORHOOD AT THE INCIDENT LOCATION.&nbsp; -THIS HAS BEEN GOING ON EVERY WINTER,DEPT. OF PUBLIC HEALTH,Alleged violation not found,2025-12-12,41.97802148246974,-87.8015967190031,"{'type': 'Point', 'coordinates': [-87.801596719003, 41.97802148247]}",2025-12-10,Wednesday,12,Norwood Park 4,310.6,Norwood Park,NORWOOD PARK
601778614,Air Pollution Work Order,230 W NORTH AVE,230,W,NORTH,AVE,379542.0,2025-12-11,Worker is blowing away concrete dust from recent concrete work with what appears to be a leaf blower. Not the first timethey’ve been doing this on the project.,DEPT. OF PUBLIC HEALTH,Resolved,2025-12-17,41.91125996780983,-87.63598750990852,"{'type': 'Point', 'coordinates': [-87.635987509909, 41.91125996781]}",2025-12-11,Thursday,12,Near North Side 2,375.9,Old Town,OLD TOWN
601778611,Air Pollution Work Order,11100 S EWING AVE,11100,S,EWING,AVE,13776.0,2025-12-11,,DEPT. OF PUBLIC HEALTH,Alleged violation unfounded,2025-12-12,41.693570295741296,-87.53542814881652,"{'type': 'Point', 'coordinates': [-87.535428148817, 41.693570295741]}",2025-12-11,Thursday,12,East Side 4,670.7,East Side,SOUTHEAST SIDE
601778977,Air Pollution Work Order,1315 W 18TH ST,1315,W,18TH,ST,249349.0,2025-12-12,,DEPT. OF PUBLIC HEALTH,Complaint Valid,2025-12-16,41.85779264915341,-87.6596342606081,"{'type': 'Point', 'coordinates': [-87.659634260608, 41.857792649153]}",2025-12-12,Friday,12,Lower West Side 3,790.7,Lower West Side,LOWER WEST SIDE
601779385,Air Pollution Work Order,10422 S EWING AVE,10422,S,EWING,AVE,10937.0,2025-12-15,,DEPT. OF PUBLIC HEALTH,Alleged violation not found,2025-12-16,41.70567625603041,-87.53543275869323,"{'type': 'Point', 'coordinates': [-87.535432758693, 41.70567625603]}",2025-12-15,Monday,12,East Side 3,559.3,East Side,SOUTHEAST SIDE
601779387,Air Pollution Work Order,2701 E 100TH ST,2701,E,100TH,ST,249349.0,2025-12-15,"This facility emits fumes that smell like sulfur in the evenings, presumably to avoid detection by neighboring residents.This is an ongoing issue that occurs at least once per month.",DEPT. OF PUBLIC HEALTH,Alleged violation unfounded,2025-12-17,41.71324291275156,-87.55803846897774,"{'type': 'Point', 'coordinates': [-87.558038468978, 41.713242912752]}",2025-12-15,Monday,12,South Deering 2,442.3,South Deering,SOUTHEAST SIDE
601779391,Air Pollution Work Order,1736 N ELSTON AVE,1736,N,ELSTON,AVE,417337.0,2025-12-15,"There is an incredibly strong metal odor coming from this building, this is an ongoing issue. I can even smell it at my homeat times. What is happening?",DEPT. OF PUBLIC HEALTH,Alleged violation founded,2025-12-16,41.91399839134638,-87.66476186876216,"{'type': 'Point', 'coordinates': [-87.664761868762, 41.913998391346]}",2025-12-15,Monday,12,West Town 2,926.1,West Town,"WICKER PARK,WEST TOWN"
601779388,Air Pollution Work Order,2141 S TRUMBULL AVE,2141,S,TRUMBULL,AVE,443615.0,2025-12-15,,DEPT. OF PUBLIC HEALTH,Alleged violation not found,2025-12-17,41.85239534491157,-87.71101822518912,"{'type': 'Point', 'coordinates': [-87.711018225189, 41.852395344912]}",2025-12-15,Monday,12,South Lawndale 1,657.6,Little Village,LITTLE VILLAGE
601779750,Air Pollution Work Order,5515 N CLARK ST,5515,N,CLARK,ST,476620.0,2025-12-16,Edgewater produce is idling trucks for hours and on cold days for over 12hrs (entire night). The truck exhaust fumes areentering into my residence through the rear of my property which is in proximity to their parking area in the alley,DEPT. OF PUBLIC HEALTH,Alleged violation not found,2025-12-17,41.9821548739429,-87.66834972906499,"{'type': 'Point', 'coordinates': [-87.668349729065, 41.982154873943]}",2025-12-16,Tuesday,12,Uptown 1,759.4,Andersonville,ANDERSONVILLE
601779752,Air Pollution Work Order,2630 S WABASH AVE,2630,S,WABASH,AVE,379542.0,2025-12-16,,DEPT. OF PUBLIC HEALTH,Resolved,2025-12-29,41.84472024304201,-87.62544956708278,"{'type': 'Point', 'coordinates': [-87.625449567083, 41.844720243042]}",2025-12-16,Tuesday,12,Douglas 1,711.3,Douglas,BRONZEVILLE
601779755,Air Pollution Work Order,1834 N KEDVALE AVE,1834,N,KEDVALE,AVE,3308.0,2025-12-16,There are cars left running there next to open windows and residential buildings . I dont think that is safe,DEPT. OF PUBLIC HEALTH,Alleged violation not found,2025-12-17,41.914554913678046,-87.73028674399703,"{'type': 'Point', 'coordinates': [-87.730286743997, 41.914554913678]}",2025-12-16,Tuesday,12,Hermosa 2,512.8,Hermosa,"BELMONT CRAIGIN,HERMOSA"
601779754,Air Pollution Work Order,2279 N CLYBOURN AVE,2279,N,CLYBOURN,AVE,431068.0,2025-12-17,,DEPT. OF PUBLIC HEALTH,Complaint Valid,2025-12-17,41.92328655478267,-87.66651647774718,"{'type': 'Point', 'coordinates': [-87.666516477747, 41.923286554783]}",2025-12-17,Wednesday,12,Logan Square 2,515.1,Lincoln Park,LINCOLN PARK
601780040,Air Pollution Work Order,300 N CENTRAL PARK AVE,300,N,CENTRAL PARK,AVE,84397.0,2025-12-18,"Garfield Park Conservatory, 300 N. Central Park Ave. Due to the construction in the Children’s garden, a n un identified chemical odor entered the sugar house, fern house, desert house and palm house. The children's garden is not fully sealed during construction.&nbsp; It was confirmed sealed at one point, but it was removed. Painting and caulking continues.One staff member was affected from inhaling the chemical fumes and 911 was called. Paramadics did arrive on site.&nbsp; There have been multiple OSHA reports filed regarding this project. People lives are still in danger and people are getting hurt. Please do something to stop it.&nbsp;",DEPT. OF PUBLIC HEALTH,Refer to Building Dept,2025-12-18,41.88633640976136,-87.71620313059856,"{'type': 'Point', 'coordinates': [-87.716203130599, 41.886336409761]}",2025-12-18,Thursday,12,Humboldt Park 4,573.6,Garfield Park,GARFIELD PARK
601780779,Air Pollution Work Order,1914 N WASHTENAW AVE,1914,N,WASHTENAW,AVE,417337.0,2025-12-20,,DEPT. OF PUBLIC HEALTH,Alleged violation not found,2025-12-22,41.916143988710594,-87.69486318839009,"{'type': 'Point', 'coordinates': [-87.69486318839, 41.916143988711]}",2025-12-20,Saturday,12,Logan Square 3,720.7,Logan Square,LOGAN SQUARE
601780756,Air Pollution Work Order,2956 N ALBANY AVE,2956,N,ALBANY,AVE,451826.0,2025-12-21,REPORTS OF A GREASE-ONION SMELL FROM A RESTAURANT BAR CONTINOUSLY IN THENEIGHBORHOOD. SMELL IS GOING INTO HOME AND LINGERING. ITS ALWAYS THE FIRST FEW HOURS OF OPENINGESTABLISHMENT. WEEKENDS IT BEGINS AT 12 AND DURING THE WEEK BEGINS AT 4-5 PM,DEPT. OF PUBLIC HEALTH,Alleged violation unfounded,2025-12-22,41.93554769753773,-87.70521894972788,"{'type': 'Point', 'coordinates': [-87.705218949728, 41.935547697538]}",2025-12-21,Sunday,12,Avondale 2,1168.6,Avondale,"IRVING PARK,AVONDALE"
601780802,Air Pollution Work Order,744 W GORDON TER,744,W,GORDON,TER,417337.0,2025-12-21,,DEPT. OF PUBLIC HEALTH,Alleged violation not found,2025-12-22,41.95796528551364,-87.64915911227052,"{'type': 'Point', 'coordinates': [-87.649159112271, 41.957965285514]}",2025-12-21,Sunday,12,Uptown 3,618.0,Uptown,UPTOWN
601783272,Air Pollution Work Order,9859 S MARQUETTE AVE,9859,S,MARQUETTE,AVE,10937.0,2025-12-22,,DEPT. OF PUBLIC HEALTH,Alleged violation not found,2025-12-24,41.71551534008398,-87.55773808528775,"{'type': 'Point', 'coordinates': [-87.557738085288, 41.715515340084]}",2025-12-22,Monday,12,South Deering 2,475.1,South Deering,SOUTHEAST SIDE
601783450,Air Pollution Work Order,954 W WRIGHTWOOD AVE,954,W,WRIGHTWOOD,AVE,451826.0,2025-12-22,CALLER IS REPORTING A GAS SMELL IN THE AREA,DEPT. OF PUBLIC HEALTH,Referred to another agency,2025-12-23,41.92912137778562,-87.65350721367084,"{'type': 'Point', 'coordinates': [-87.653507213671, 41.929121377786]}",2025-12-22,Monday,12,Lake View 4,664.2,Sheffield & DePaul,SHEFFIELD & DEPAUL
601783434,Air Pollution Work Order,3030 N MOBILE AVE,3030,N,MOBILE,AVE,451826.0,2025-12-22,UNKNOWN - CONSTRUCTION WORK BEING DONE AT STEINMETZHIGH SCHOOL,DEPT. OF PUBLIC HEALTH,Alleged violation not found,2025-12-23,41.93563171170667,-87.78355193935316,"{'type': 'Point', 'coordinates': [-87.783551939353, 41.935631711707]}",2025-12-22,Monday,12,Belmont Cragin 1,230.0,Belmont Cragin,"BELMONT CRAGIN,HERMOSA"
601783434,Air Pollution Work Order,3030 N MOBILE AVE,3030,N,MOBILE,AVE,451826.0,2025-12-22,UNKNOWN - CONSTRUCTION WORK BEING DONE AT STEINMETZHIGH SCHOOL,DEPT. OF PUBLIC HEALTH,Alleged violation not found,2025-12-23,41.93563171170667,-87.78355193935316,"{'type': 'Point', 'coordinates': [-87.783551939353, 41.935631711707]}",2025-12-22,Monday,12,Belmont Cragin 1,230.0,Belmont Cragin,"BELMONT CRAGIN,HERMOSA"
601783185,Air Pollution Work Order,9858 S MARQUETTE AVE,9858,S,MARQUETTE,AVE,10937.0,2025-12-22,,DEPT. OF PUBLIC HEALTH,Alleged violation not found,2025-12-24,41.715513268303006,-87.55803107599552,"{'type': 'Point', 'coordinates': [-87.558031075996, 41.715513268303]}",2025-12-22,Monday,12,South Deering 2,496.5,South Deering,SOUTHEAST SIDE
601783109,Air Pollution Work Order,6807 N RIDGE BLVD,6807,N,RIDGE,BLVD,417337.0,2025-12-23,,DEPT. OF PUBLIC HEALTH,Refer to other Depts,2025-12-23,42.00548754104915,-87.68014526512074,"{'type': 'Point', 'coordinates': [-87.680145265121, 42.005487541049]}",2025-12-23,Tuesday,12,Rogers Park 2,739.7,Rogers Park,ROGERS PARK
601783410,Air Pollution Work Order,1111 S WABASH AVE,1111,S,WABASH,AVE,417337.0,2025-12-24,strong gasoline odor coming from the generator,DEPT. OF PUBLIC HEALTH,Alleged violation founded,2025-12-26,41.86889621620136,-87.62571707428573,"{'type': 'Point', 'coordinates': [-87.625717074286, 41.868896216201]}",2025-12-24,Wednesday,12,Near South Side 1,594.1,Loop,LOOP
601793573,Air Pollution Work Order,6203 N RAVENSWOOD AVE,6203,N,RAVENSWOOD,AVE,476620.0,2025-12-28,,DEPT. OF PUBLIC HEALTH,Alleged violation not found,2025-12-29,41.99447458276395,-87.67475191537339,"{'type': 'Point', 'coordinates': [-87.674751915373, 41.994474582764]}",2025-12-28,Sunday,12,Edgewater 1,609.9,Edgewater,EDGEWATER
601781952,Air Pollution Work Order,4958 N WHIPPLE ST,4958,N,WHIPPLE,ST,437489.0,2025-12-29,,DEPT. OF PUBLIC HEALTH,Alleged violation not found,2025-12-29,41.97202793166736,-87.70506029097822,"{'type': 'Point', 'coordinates': [-87.705060290978, 41.972027931667]}",2025-12-29,Monday,12,North Park 2,527.0,Albany Park,"NORTH PARK,ALBANY PARK"
601783535,Air Pollution Work Order,47 E ELM ST,47,E,ELM,ST,379542.0,2026-01-02,,DEPT. OF PUBLIC HEALTH,Resolved,2026-01-12,41.90310369861281,-87.62679817511798,"{'type': 'Point', 'coordinates': [-87.626798175118, 41.903103698613]}",2026-01-02,Friday,1,Near North Side 2,990.1,Gold Coast,GOLD COAST
601783536,Air Pollution Work Order,801 N ASHLAND AVE,801,N,ASHLAND,AVE,437489.0,2026-01-04,Per caller there is a gas odor in that intersection,DEPT. OF PUBLIC HEALTH,Alleged violation not found,2026-01-05,41.89611842136431,-87.66714581284889,"{'type': 'Point', 'coordinates': [-87.667145812849, 41.896118421364]}",2026-01-04,Sunday,1,West Town 4,486.5,West Town,"WICKER PARK,WEST TOWN"
601783546,Air Pollution Work Order,6130 S WOLCOTT AVE,6130,S,WOLCOTT,AVE,379542.0,2026-01-04,smell asbestos outside,DEPT. OF PUBLIC HEALTH,Resolved,2026-01-06,41.78204279759414,-87.67169857817186,"{'type': 'Point', 'coordinates': [-87.671698578172, 41.782042797594]}",2026-01-04,Sunday,1,West Englewood 2,555.9,Englewood,ENGLEWOOD
601783860,Air Pollution Work Order,3129 N LUNA AVE,3129,N,LUNA,AVE,443615.0,2026-01-05,"Caller states it smells like ""Natural gas or oil""",DEPT. OF PUBLIC HEALTH,Refer to other Depts,2026-01-06,41.93765359663551,-87.76509332343996,"{'type': 'Point', 'coordinates': [-87.76509332344, 41.937653596636]}",2026-01-05,Monday,1,Belmont Cragin 2,280.4,Belmont Cragin,"BELMONT CRAGIN,HERMOSA"
601784452,Air Pollution Work Order,10218 S AVENUE O,10218,S,AVENUE O,,10937.0,2026-01-06,The homeowner came in the office w/pictures of white dust on his car.,DEPT. OF PUBLIC HEALTH,Alleged violation not found,2026-01-09,41.70942662614203,-87.54036372499694,"{'type': 'Point', 'coordinates': [-87.540363724997, 41.709426626142]}",2026-01-06,Tuesday,1,East Side 2,563.4,East Side,SOUTHEAST SIDE
601784934,Air Pollution Work Order,4300 N HERMITAGE AVE,4300,N,HERMITAGE,AVE,379542.0,2026-01-07,,DEPT. OF PUBLIC HEALTH,Resolved,2026-01-09,41.95981510695772,-87.67250995167166,"{'type': 'Point', 'coordinates': [-87.672509951672, 41.959815106958]}",2026-01-07,Wednesday,1,Uptown 4,273.7,Lake View,LAKE VIEW
601784979,Air Pollution Work Order,310 W HURON ST,310,W,HURON,ST,431068.0,2026-01-07,,DEPT. OF PUBLIC HEALTH,Resolved,2026-01-08,41.89487483054225,-87.63617685298034,"{'type': 'Point', 'coordinates': [-87.63617685298, 41.894874830542]}",2026-01-07,Wednesday,1,Near North Side 4,53.5,River North,RIVER NORTH
601784992,Air Pollution Work Order,305 W CONCORD PL,305,W,CONCORD,PL,437489.0,2026-01-07,Pervasive smell of burning chemicals in Old Town,DEPT. OF PUBLIC HEALTH,Complaint Valid,2026-01-08,41.91200120229455,-87.63694807939505,"{'type': 'Point', 'coordinates': [-87.636948079395, 41.912001202295]}",2026-01-07,Wednesday,1,Near North Side 2,451.6,Old Town,OLD TOWN
601784950,Air Pollution Work Order,1554 N WELLS ST,1554,N,WELLS,ST,437489.0,2026-01-07,"caller states construction at this location is filling the area with chemical smells, causing the caller to feel sick.",DEPT. OF PUBLIC HEALTH,Complaint Valid,2026-01-08,41.91073073112171,-87.63484450347265,"{'type': 'Point', 'coordinates': [-87.634844503473, 41.910730731122]}",2026-01-07,Wednesday,1,Near North Side 2,351.6,Old Town,OLD TOWN
601785332,Air Pollution Work Order,9824 S MANISTEE AVE,9824,S,MANISTEE,AVE,10937.0,2026-01-08,,DEPT. OF PUBLIC HEALTH,Alleged violation not found,2026-01-09,41.71650100472522,-87.55665611263302,"{'type': 'Point', 'coordinates': [-87.556656112633, 41.716501004725]}",2026-01-08,Thursday,1,South Deering 2,470.2,South Deering,SOUTHEAST SIDE
601785331,Air Pollution Work Order,10215 S AVENUE L,10215,S,AVENUE L,,10937.0,2026-01-08,Per caller a white thick dust covered the windows and vehicles on the block,DEPT. OF PUBLIC HEALTH,Alleged violation not found,2026-01-09,41.70955484683748,-87.53634195854028,"{'type': 'Point', 'coordinates': [-87.53634195854, 41.709554846837]}",2026-01-08,Thursday,1,East Side 2,413.3,East Side,SOUTHEAST SIDE
601785332,Air Pollution Work Order,9824 S MANISTEE AVE,9824,S,MANISTEE,AVE,10937.0,2026-01-08,,DEPT. OF PUBLIC HEALTH,Alleged violation not found,2026-01-09,41.71650100472522,-87.55665611263302,"{'type': 'Point', 'coordinates': [-87.556656112633, 41.716501004725]}",2026-01-08,Thursday,1,South Deering 2,470.2,South Deering,SOUTHEAST SIDE
601785625,Air Pollution Work Order,10760 S CENTRAL PARK AVE,10760,S,CENTRAL PARK,AVE,84397.0,2026-01-09,Per caller a strong fertilizer odor every few months,DEPT. OF PUBLIC HEALTH,Alleged violation not found,2026-01-12,41.697084762959214,-87.71093729182002,"{'type': 'Point', 'coordinates': [-87.71093729182, 41.697084762959]}",2026-01-09,Friday,1,Mount Greenwood 2,524.4,Mount Greenwood,"MOUNT GREENWOOD,MORGAN PARK"
601785626,Air Pollution Work Order,10919 S LONGWOOD DR,10919,S,LONGWOOD,DR,84397.0,2026-01-09,,DEPT. OF PUBLIC HEALTH,Alleged violation not found,2026-01-12,41.695073232306,-87.67144939950016,"{'type': 'Point', 'coordinates': [-87.6714493995, 41.695073232306]}",2026-01-09,Friday,1,Morgan Park 1,425.8,Morgan Park,"MOUNT GREENWOOD,MORGAN PARK"
601785598,Air Pollution Work Order,1732 W 17TH ST,1732,W,17TH,ST,443615.0,2026-01-09,"GAS LEAK FOR OVER A MONTH. PEOPLE CANNOT GO OUTSIDE FOR A LONG PERIOD OF TIME WHENTHEIR HEAD STARTS TO HURT. THERE ARE ELDERLY AND INFANTS LIVING ON THE BLOCK. PEOPLE'S GAS HASBEEN WORKING FOR MONTHS, BUT THEY ARE SAYING THAT THEY ARE NOT RESPONSIBLE FOR THE MAIN GASLEAK. PLEASE ASSIST",DEPT. OF PUBLIC HEALTH,Resolved,2026-01-12,41.858759793135135,-87.67009847049964,"{'type': 'Point', 'coordinates': [-87.6700984705, 41.858759793135]}",2026-01-09,Friday,1,Lower West Side 2,648.3,Lower West Side,LOWER WEST SIDE
601786089,Air Pollution Work Order,2207 W IOWA ST,2207,W,IOWA,ST,476620.0,2026-01-11,"am forced to submit this complaint again, as my previous reports have resulted in no real action. At 2207 W Iowa St,Chicago, IL 60622, open fire is regularly used, meat is grilled over charcoal, and chemical fire starters are applied. This happens ever",DEPT. OF PUBLIC HEALTH,Alleged violation not found,2026-01-12,41.89753125211463,-87.6823460685524,"{'type': 'Point', 'coordinates': [-87.682346068552, 41.897531252115]}",2026-01-11,Sunday,1,West Town 5,769.1,Ukrainian Village,UKRAINIAN VILLAGE AND EAST VILLAGE
601785596,Air Pollution Work Order,1554 W LE MOYNE ST,1554,W,LE MOYNE,ST,417337.0,2026-01-11,An active construction site at the intersection of N Ashland Ave and W Le Moyne St regularly generates smoke andairborne emissions during mortar production. More detailed description and pictures are attached,DEPT. OF PUBLIC HEALTH,Alleged violation not found,2026-01-12,41.908931351866016,-87.66741424746678,"{'type': 'Point', 'coordinates': [-87.667414247467, 41.908931351866]}",2026-01-11,Sunday,1,West Town 2,451.7,West Town,"WICKER PARK,WEST TOWN"
601786252,Air Pollution Work Order,2000 W 23RD ST,2000,W,23RD,ST,451826.0,2026-01-12,Neighbor/block is smelling a lot of gas.,DEPT. OF PUBLIC HEALTH,Referred to another agency,2026-01-13,41.85047152278815,-87.67586664937369,"{'type': 'Point', 'coordinates': [-87.675866649374, 41.850471522788]}",2026-01-12,Monday,1,Lower West Side 2,629.7,Lower West Side,LOWER WEST SIDE
601785621,Air Pollution Work Order,2368 N CLARK ST,2368,N,CLARK,ST,437489.0,2026-01-12,,DEPT. OF PUBLIC HEALTH,Alleged violation not found,2026-01-12,41.925447051329975,-87.64055403728639,"{'type': 'Point', 'coordinates': [-87.640554037286, 41.92544705133]}",2026-01-12,Monday,1,Lincoln Park 2,536.9,Lincoln Park,LINCOLN PARK
601787336,Air Pollution Work Order,2958 S BONFIELD ST,2958,S,BONFIELD,ST,443615.0,2026-01-15,,DEPT. OF PUBLIC HEALTH,Alleged violation not found,2026-01-16,41.84094180974987,-87.65520183327325,"{'type': 'Point', 'coordinates': [-87.655201833273, 41.84094180975]}",2026-01-15,Thursday,1,Bridgeport 1,260.6,Bridgeport,BRIDGEPORT
601787338,Air Pollution Work Order,4000 W DIVERSEY AVE,4000,W,DIVERSEY,AVE,476620.0,2026-01-15,,DEPT. OF PUBLIC HEALTH,Complaint Valid,2026-01-15,41.9318977231462,-87.72710503045386,"{'type': 'Point', 'coordinates': [-87.727105030454, 41.931897723146]}",2026-01-15,Thursday,1,Logan Square 1,721.1,Avondale,"IRVING PARK,AVONDALE"
601787344,Air Pollution Work Order,4100 W NELSON ST,4100,W,NELSON,ST,476620.0,2026-01-15,,DEPT. OF PUBLIC HEALTH,Complaint Valid,2026-01-15,41.93643092240257,-87.72973764078783,"{'type': 'Point', 'coordinates': [-87.729737640788, 41.936430922403]}",2026-01-15,Thursday,1,Irving Park 4,745.7,Avondale,"IRVING PARK,AVONDALE"
601787270,Air Pollution Work Order,1529 N PAULINA ST,1529,N,PAULINA,ST,417337.0,2026-01-15,,DEPT. OF PUBLIC HEALTH,Resolved,2026-03-16,41.90993696974212,-87.6699637774295,"{'type': 'Point', 'coordinates': [-87.669963777429, 41.909936969742]}",2026-01-15,Thursday,1,West Town 2,303.6,Wicker Park,"WICKER PARK,WEST TOWN"
601787220,Air Pollution Work Order,421 E MCFETRIDGE DR,421,E,MCFETRIDGE,DR,249349.0,2026-01-15,,DEPT. OF PUBLIC HEALTH,Alleged violation not found,2026-01-16,41.86488518432548,-87.61758352131017,"{'type': 'Point', 'coordinates': [-87.61758352131, 41.864885184325]}",2026-01-15,Thursday,1,Near South Side 1,293.5,Museum Campus,MUSEUM CAMPUS
601787337,Air Pollution Work Order,4000 W DIVERSEY AVE,4000,W,DIVERSEY,AVE,476620.0,2026-01-15,,DEPT. OF PUBLIC HEALTH,Complaint Valid,2026-01-15,41.9318977231462,-87.72710503045386,"{'type': 'Point', 'coordinates': [-87.727105030454, 41.931897723146]}",2026-01-15,Thursday,1,Logan Square 1,721.1,Avondale,"IRVING PARK,AVONDALE"
601787341,Air Pollution Work Order,4029 W GEORGE ST,4029,W,GEORGE,ST,476620.0,2026-01-15,,DEPT. OF PUBLIC HEALTH,Complaint Valid,2026-01-15,41.93351068509671,-87.72821730596408,"{'type': 'Point', 'coordinates': [-87.728217305964, 41.933510685097]}",2026-01-15,Thursday,1,Hermosa 1,818.0,Avondale,"IRVING PARK,AVONDALE"
601787345,Air Pollution Work Order,4100 W NELSON ST,4100,W,NELSON,ST,476620.0,2026-01-15,,DEPT. OF PUBLIC HEALTH,Complaint Valid,2026-01-15,41.93643092240257,-87.72973764078783,"{'type': 'Point', 'coordinates': [-87.729737640788, 41.936430922403]}",2026-01-15,Thursday,1,Irving Park 4,745.7,Avondale,"IRVING PARK,AVONDALE"
601787339,Air Pollution Work Order,4000 W DIVERSEY AVE,4000,W,DIVERSEY,AVE,476620.0,2026-01-16,,DEPT. OF PUBLIC HEALTH,Complaint Valid,2026-01-15,41.9318977231462,-87.72710503045386,"{'type': 'Point', 'coordinates': [-87.727105030454, 41.931897723146]}",2026-01-16,Friday,1,Logan Square 1,721.1,Avondale,"IRVING PARK,AVONDALE"
601788222,Air Pollution Work Order,3900 S HALSTED ST,3900,S,HALSTED,ST,437489.0,2026-01-16,,DEPT. OF PUBLIC HEALTH,Alleged violation not found,2026-01-20,41.82335634837123,-87.64606850251073,"{'type': 'Point', 'coordinates': [-87.646068502511, 41.823356348371]}",2026-01-16,Friday,1,Bridgeport 2,702.9,New City,BACK OF THE YARDS
601788274,Air Pollution Work Order,1427 N HALSTED ST,1427,N,HALSTED,ST,443615.0,2026-01-16,,DEPT. OF PUBLIC HEALTH,Refer to Building Dept,2026-01-20,41.9071889672001,-87.64803803586298,"{'type': 'Point', 'coordinates': [-87.648038035863, 41.9071889672]}",2026-01-16,Friday,1,Near North Side 1,565.2,River North,RIVER NORTH
601788303,Air Pollution Work Order,4635 N ELSTON AVE,4635,N,ELSTON,AVE,12770.0,2026-01-18,Per caller there is a strong gas odor coming from the gas station,DEPT. OF PUBLIC HEALTH,Resolved,2026-01-21,41.96540797778616,-87.73599172192796,"{'type': 'Point', 'coordinates': [-87.735991721928, 41.965407977786]}",2026-01-18,Sunday,1,Irving Park 1,772.1,Albany Park,"NORTH PARK,ALBANY PARK"
601788225,Air Pollution Work Order,5736 S HALSTED ST,5736,S,HALSTED,ST,451826.0,2026-01-19,dump truck with garbage&nbsp;&nbsp;Truck yard maybe for repairs,DEPT. OF PUBLIC HEALTH,Alleged violation not found,2026-01-20,41.78955695401667,-87.6451823338821,"{'type': 'Point', 'coordinates': [-87.645182333882, 41.789556954017]}",2026-01-19,Monday,1,Englewood 1,614.8,Englewood,ENGLEWOOD
601788485,Air Pollution Work Order,3641 N KEDVALE AVE,3641,N,KEDVALE,AVE,476620.0,2026-01-20,driver is running his truck causing odors inside of homes Truck is making a lot of noise,DEPT. OF PUBLIC HEALTH,Alleged violation not found,2026-01-21,41.94756147509262,-87.73052295090537,"{'type': 'Point', 'coordinates': [-87.730522950905, 41.947561475093]}",2026-01-20,Tuesday,1,Irving Park 3,367.5,Irving Park,"IRVING PARK,AVONDALE"
601788481,Air Pollution Work Order,1253 N WALLER AVE,1253,N,WALLER,AVE,443615.0,2026-01-20,,DEPT. OF PUBLIC HEALTH,Refer to other Depts,2026-01-21,41.90366208950173,-87.76798942388353,"{'type': 'Point', 'coordinates': [-87.767989423884, 41.903662089502]}",2026-01-20,Tuesday,1,Austin 9,135.0,Austin,AUSTIN
601788486,Air Pollution Work Order,4350 W 14TH ST,4350,W,14TH,ST,129151.0,2026-01-20,Per caller a strong odor of burning KeroseneAAR Scrap Metals &amp; Iron,DEPT. OF PUBLIC HEALTH,Alleged violation not found,2026-01-22,41.862495838803696,-87.73445139438398,"{'type': 'Point', 'coordinates': [-87.734451394384, 41.862495838804]}",2026-01-20,Tuesday,1,North Lawndale 1,395.2,North Lawndale,NORTH LAWNDALE
601788684,Air Pollution Work Order,3725 N WESTERN AVE,3725,N,WESTERN,AVE,417337.0,2026-01-21,The address of the company where the exhaust smell is coming from is: GPG Enterprises (3727 N Western Ave),DEPT. OF PUBLIC HEALTH,Alleged violation not found,2026-01-23,41.94932355803228,-87.68818263863392,"{'type': 'Point', 'coordinates': [-87.688182638634, 41.949323558032]}",2026-01-21,Wednesday,1,North Center 1,190.2,North Center,NORTH CENTER
601788794,Air Pollution Work Order,1400 S CLARK ST,1400,S,CLARK,ST,443615.0,2026-01-21,smell a chemical odor by the railroad tracksInspector Note: no odor observed; spoke with an individual who stated no work had been done the previous day but there were on site Metra workers on the opposite side of the tracks.&nbsp;,DEPT. OF PUBLIC HEALTH,Alleged violation not found,2026-01-22,41.86391945578524,-87.63045593548156,"{'type': 'Point', 'coordinates': [-87.630455935482, 41.863919455785]}",2026-01-21,Wednesday,1,Near West Side 4,421.4,Near South Side,NEAR SOUTH SIDE
601788796,Air Pollution Work Order,3725 N WESTERN AVE,3725,N,WESTERN,AVE,417337.0,2026-01-21,AG COYL CONCRETE,DEPT. OF PUBLIC HEALTH,Alleged violation not found,2026-01-26,41.94932355803228,-87.68818263863392,"{'type': 'Point', 'coordinates': [-87.688182638634, 41.949323558032]}",2026-01-21,Wednesday,1,North Center 1,190.2,North Center,NORTH CENTER
601788890,Air Pollution Work Order,3727 N WESTERN AVE,3727,N,WESTERN,AVE,417337.0,2026-01-22,"&nbsp;I have called, texted and emailed the owner of the building next door about the persistent noxious odor entering the VinTech Systems building. (our building is 3725 N. Western, the next door is 3727 N. WesternThis exhaust-like smell has been constant for at least 14 days. We have even purchased and installed air purifiers in an attempt to protect our staff, but they have had no effect on the intensity of the fumes. This confirms that the odor is a significant environmental contaminant that cannot be mitigated through standard filtration.This situation is directly impacting our business:Health &amp; Safety: My staff, including our technician Orland, are complaining of headaches and respiratory irritation. Under Illinois law, citizens have a right to a healthful environment, and these fumes are a direct violation of that right.Legal Nuisance: This persistent odor constitutes an unreasonable interference with our right to use and enjoy our property, which is a private nuisance.",DEPT. OF PUBLIC HEALTH,Alleged violation not found,2026-01-23,41.94938039823998,-87.68818422452668,"{'type': 'Point', 'coordinates': [-87.688184224527, 41.94938039824]}",2026-01-22,Thursday,1,North Center 1,192.4,North Center,NORTH CENTER
601788913,Air Pollution Work Order,2833 S ELEANOR ST,2833,S,ELEANOR,ST,379542.0,2026-01-22,,DEPT. OF PUBLIC HEALTH,Resolved,2026-01-23,41.84325206718877,-87.6624365901895,"{'type': 'Point', 'coordinates': [-87.662436590189, 41.843252067189]}",2026-01-22,Thursday,1,Lower West Side 4,628.9,Bridgeport,BRIDGEPORT
601788915,Air Pollution Work Order,2701 S ELEANOR ST,2701,S,ELEANOR,ST,379542.0,2026-01-22,The Illinois EPA is the one regulating this site but there was particulate in the air that got into my eyes when walking by. This site is also across from a playground.,DEPT. OF PUBLIC HEALTH,Resolved,2026-01-26,41.8445312897657,-87.66011645213311,"{'type': 'Point', 'coordinates': [-87.660116452133, 41.844531289766]}",2026-01-22,Thursday,1,Bridgeport 1,814.8,Bridgeport,BRIDGEPORT
601789222,Air Pollution Work Order,5638 S KOLIN AVE,5638,S,KOLIN,AVE,3308.0,2026-01-23,Diesel truck left on all night and day. Smells like diesel in my home.,DEPT. OF PUBLIC HEALTH,Resolved,2026-01-26,41.79014474895964,-87.7317967692382,"{'type': 'Point', 'coordinates': [-87.731796769238, 41.79014474896]}",2026-01-23,Friday,1,West Elsdon 1,418.3,West Elsdon,"ARCHER HEIGHTS,WEST ELSDON"
601789226,Air Pollution Work Order,4633 W JACKSON BLVD,4633,W,JACKSON,BLVD,443615.0,2026-01-23,the fumes that's coming from the machine smells like gas and the smell is coming into the residents home. she is gettingsick and nauseated from the smell.,DEPT. OF PUBLIC HEALTH,Resolved,2026-01-26,41.87677873611729,-87.74169450768491,"{'type': 'Point', 'coordinates': [-87.741694507685, 41.876778736117]}",2026-01-23,Friday,1,West Garfield Park 1,480.9,Austin,AUSTIN
601789233,Air Pollution Work Order,1316 W 33RD ST,1316,W,33RD,ST,249349.0,2026-01-23,There have been a few days this fall and winter that the entire community has smelled of burning plastic Dates that theodor has been present: 1/21/26 1/7/26 12/22/25,DEPT. OF PUBLIC HEALTH,Alleged violation not found,2026-01-26,41.83420551888172,-87.65906333959882,"{'type': 'Point', 'coordinates': [-87.659063339599, 41.834205518882]}",2026-01-23,Friday,1,Bridgeport 1,867.7,Bridgeport,BRIDGEPORT
601789230,Air Pollution Work Order,1400 N CLEVELAND AVE,1400,N,CLEVELAND,AVE,437489.0,2026-01-25,,DEPT. OF PUBLIC HEALTH,Alleged violation not found,2026-01-26,41.907689012310485,-87.64105757911783,"{'type': 'Point', 'coordinates': [-87.641057579118, 41.90768901231]}",2026-01-25,Sunday,1,Near North Side 2,349.9,Old Town,OLD TOWN
601789575,Air Pollution Work Order,1427 N HALSTED ST,1427,N,HALSTED,ST,443615.0,2026-01-26,,DEPT. OF PUBLIC HEALTH,Alleged violation not found,2026-01-26,41.9071889672001,-87.64803803586298,"{'type': 'Point', 'coordinates': [-87.648038035863, 41.9071889672]}",2026-01-26,Monday,1,Near North Side 1,565.2,River North,RIVER NORTH
601789352,Air Pollution Work Order,1457 N HALSTED ST,1457,N,HALSTED,ST,443615.0,2026-01-26,"What’s happening at this building is incredibly dangerous and there were two very bad episodes this week.&nbsp;One of them was set off by the cleaning chemicals they use in the hallway. I suspect it’s poison Fabulosa. Basically, they are pouring perfume on a pig as the garbage rooms often stink because they don’t have enough maintenance men to keep them clean. There should be at least three for a building of this size, and they are overworking too young gentlemen. This is way over their heads, I promise you.&nbsp;&nbsp;They are trying to hide the smell. At the same time this was happening 5 days ago, I had a severe allergic reaction to it, could barely breathe, and my voice got incredibly hoarse. I was coughing, and my head was tingling and skin burning.&nbsp;&nbsp;When I realized this was all happening. I checked all 5 air quality metersin my house and they were completely red. All of them were below 10 and a scale of one to 100 so the air in my unit was completely poisoned and I was reacting to it. Here’s a little video I made from that day, showing the readings on all of my meters. The air was literally Poisen and incredibly dangerous to everybody who lives in Works here. I suggest they inspect the building and sees any disinfectant or perfumes. They are using because I believe they are poison. There was a huge recall of a Fabulosa and I would not be surprised if this is what they’re going to find. I’ve asked one of the girls at the front desk to try to grab a bottle of it if she ever sees it for me, but I know that several people who worked down there have left because they were made ill by it. There is also currently an employee in the building, the rental agent and she is very sick as well. She’s lost a bunch of weight over the last year and a half and Drs are trying to figure out what is wrong with her. I have shared with her that she is environmentally poisoned because I myself was poisoned in a methamphetamine lab, so I know way too much about it.&nbsp;https://youtube.com/shorts/2sUSvGs7Fkg?si=zbItXC-ziYecvGQ2&nbsp;It happened to again Wednesday, but this time, it was set off by simply cooking a couple of hamburgers on my stove. All the meters went red, and hit incredibly high readings on them. I made this video and you can see there is a PM reading of nearly 800. That’s hugely dangerous and this is happening on the regular and all of the apartments, not just mine. Management doesn’t seem to care.&nbsp;https://youtube.com/shorts/qEKneVDdMUQ?si=GFRiaPBwb-T72XgQ&nbsp;When the fire department was out last week, I was told the building was not hardwired to them, so they had no idea that the alarms constantly go off. The property manager told me yesterday that they are in compliance, so I’m not sure who to believe, but what I do know for sure is the air is poison in this building. I’ve had five air quality meters in here for close to three weeks now.&nbsp;I have no idea how to deal with this, but I desperately need help. The 5 AQI &nbsp;meters I have had in my apartment for the last several weeks &nbsp;tell the story quite clearly and I have all of the data The ventilation in this building does not work and all 200 apartments are being poisoned as a result of it.&nbsp;&nbsp;I’ve literally begged management to inform all of the tenants in this building, exactly what they are breathing in, and to do something about it, including the property manager, who actually lives in one of the apartments! I also begged her to inform all of the employees and have them wear masks until this is solved, she refuses to do that as well, and in the meantime, people are being poisoned on the daily. I very much need the help of the city to deal with all of this as I cannot do it aloneand I hope that Maria can work with Dave Graham to get to the bottom of it.&nbsp;I have had my apartment door cracked and have vented my apartment for the last two weeks straight with a fan blowing out. Even with that, I am getting these horrifically, dangerous readings. On Wednesday evening, I put a barrier under the front door, so the air from the hallway would not come in here. Since then, the VOC levels have stayed down, so I suspect it is coming from there. I also know that the laundry closet was clogged and I had begged them to get it cleaned out at the roof and I don’t know if they did that.&nbsp;Yesterday, the maintenance men were here, vacuuming it out all the extreme dirt and lint in my furnace. They told me that this was my job to do even though they do maintenance every year or what they call maintenance but they basically changed the filter. They ignore all the dirt degree and garbage that is collected in there. That is dangerous in none of itself. They then brought an HVAC man in here who tried to tell me I was crazy. I tried to explain to him what was happening because I already had an HVAC man here. He told me that the heat pump is not working at full capacity because it’s probably filthy inside there. The building doesn’t want to believe that is the case and they are blaming the fact that I have the door cracked, which should not matter. If you turn that heat up to 80 it will get hot if that heater motor is blowing, but it’s not. The HVAC man looked at me when I told him about the VOCs and said what’s that? I asked him if he knew what it was and he said it’s the first time he’s ever heard it. He’s an HVAC man and he doesn’t know what a VOC is?? This in and of itself is quite startling.&nbsp;&nbsp;I’m already paralyzed and in a wheelchair as a result of being environmentally poisoned, and I don’t need any more poison in my air. I need help and so does every person who lives in this building. I considered calling my friend Dave Savini, who would probably put it on the news so other tenants can get word of what’s going on, but I really don’t wanna go on the news. I just want this fixed and I desperately need your help.&nbsp;",DEPT. OF PUBLIC HEALTH,Alleged violation not found,2026-01-26,41.908002954607774,-87.64805061743297,"{'type': 'Point', 'coordinates': [-87.648050617433, 41.908002954608]}",2026-01-26,Monday,1,Near North Side 1,555.4,River North,RIVER NORTH
601790270,Air Pollution Work Order,3415 S MORGAN ST,3415,S,MORGAN,ST,249349.0,2026-01-27,Burning plastic smell in the air and strange tasting tap water,DEPT. OF PUBLIC HEALTH,Alleged violation not found,2026-01-28,41.83226215970976,-87.65085630402594,"{'type': 'Point', 'coordinates': [-87.650856304026, 41.83226215971]}",2026-01-27,Tuesday,1,Bridgeport 2,506.0,Bridgeport,BRIDGEPORT
601790268,Air Pollution Work Order,3963 S ARCHER AVE,3963,S,ARCHER,AVE,10937.0,2026-01-27,it is a very strong chemical smell and she has children in the house,DEPT. OF PUBLIC HEALTH,Alleged violation founded,2026-01-28,41.82149070945373,-87.69194655141588,"{'type': 'Point', 'coordinates': [-87.691946551416, 41.821490709454]}",2026-01-27,Tuesday,1,McKinley Park 1,852.2,Brighton Park,"BRIGHTON PARK,MCKINLEY PARK"
601790582,Air Pollution Work Order,5145 N GLENWOOD AVE,5145,N,GLENWOOD,AVE,451826.0,2026-01-28,,DEPT. OF PUBLIC HEALTH,Referred to another agency,2026-01-29,41.97583370126444,-87.6645939299874,"{'type': 'Point', 'coordinates': [-87.664593929987, 41.975833701264]}",2026-01-28,Wednesday,1,Uptown 1,603.4,Uptown,UPTOWN
601791242,Air Pollution Work Order,1430 N DEARBORN ST,1430,N,DEARBORN,ST,437489.0,2026-01-30,"APT 113, CALLER STATES THERE'S FUMES BLOWING THRU THE VENTS THAT MAKES THE TENANT'S EYES BURN. BLDG MGMT NOT DOING ANYTHING ABOUT IT.",DEPT. OF PUBLIC HEALTH,Alleged violation not found,2026-02-02,41.90870996480475,-87.63027714860036,"{'type': 'Point', 'coordinates': [-87.6302771486, 41.908709964805]}",2026-01-30,Friday,1,Near North Side 2,550.0,Gold Coast,GOLD COAST
601791268,Air Pollution Work Order,3400 N KEDZIE AVE,3400,N,KEDZIE,AVE,443615.0,2026-02-01,Moving Professional Moving.Special CDL Holders are Idding diesel trucks on Residential Kedzie ave and Continue to Break Traffic laws Driving on Residential W School Street Via N Troy St to Roscoe St no vehicles 5 tons,DEPT. OF PUBLIC HEALTH,Alleged violation not found,2026-02-02,41.94308124778155,-87.70787597630081,"{'type': 'Point', 'coordinates': [-87.707875976301, 41.943081247782]}",2026-02-01,Sunday,2,Irving Park 2,637.5,Avondale,"IRVING PARK,AVONDALE"
601791258,Air Pollution Work Order,3601 W FOSTER AVE,3601,W,FOSTER,AVE,417337.0,2026-02-01,Per caller there is a gas odor coming from home,DEPT. OF PUBLIC HEALTH,Referred to another agency,2026-02-02,41.97552708028284,-87.7184817032385,"{'type': 'Point', 'coordinates': [-87.718481703238, 41.975527080283]}",2026-02-01,Sunday,2,Albany Park 1,587.1,North Park,"NORTH PARK,ALBANY PARK"
601791275,Air Pollution Work Order,3340 N KEDZIE AVE,3340,N,KEDZIE,AVE,443615.0,2026-02-01,City council to relocate Commerical Industries from Kennedy Corridor Abolish PMD Planned Manufacturing District.Berman Nissan is Sittinf Idling Diesel trucks On Residential Kedzie Ave,DEPT. OF PUBLIC HEALTH,Alleged violation not found,2026-02-02,41.942172620379935,-87.7078475502974,"{'type': 'Point', 'coordinates': [-87.707847550297, 41.94217262038]}",2026-02-01,Sunday,2,Irving Park 2,738.6,Avondale,"IRVING PARK,AVONDALE"
601791255,Air Pollution Work Order,3330 N KEDZIE AVE,3330,N,KEDZIE,AVE,443615.0,2026-02-01,Revolutionary Brewing tap room Emits Fumes drifting into residential neighborhood in 33 ward across kedzie and Iddles diesel trucks on Kedzie ave Not appropriate location for manufacturing In A Ever Changing Avondale.,DEPT. OF PUBLIC HEALTH,Alleged violation not found,2026-02-02,41.941909614249305,-87.70784022785804,"{'type': 'Point', 'coordinates': [-87.707840227858, 41.941909614249]}",2026-02-01,Sunday,2,Irving Park 2,767.8,Avondale,"IRVING PARK,AVONDALE"
601792292,Air Pollution Work Order,1520 N LEAVITT ST,1520,N,LEAVITT,ST,451826.0,2026-02-03,"I’ve walked my dog by the corner of Pierce and Leavitt twice today at different times, and gotten a very potent gas smell. It smells like if a stove top was left on or not fully ignited. I cannot visibly see anything.",DEPT. OF PUBLIC HEALTH,Referred to another agency,2026-02-04,41.90924310497939,-87.68246469644075,"{'type': 'Point', 'coordinates': [-87.682464696441, 41.909243104979]}",2026-02-03,Tuesday,2,West Town 1,678.3,Wicker Park,"WICKER PARK,WEST TOWN"
601792248,Air Pollution Work Order,6408 S SANGAMON ST,6408,S,SANGAMON,ST,8386.0,2026-02-03,burning wood in front yard,DEPT. OF PUBLIC HEALTH,Alleged violation founded,2026-02-04,41.77755848146974,-87.64851904753611,"{'type': 'Point', 'coordinates': [-87.648519047536, 41.77755848147]}",2026-02-03,Tuesday,2,Englewood 6,369.9,Englewood,ENGLEWOOD
601792248,Air Pollution Work Order,6408 S SANGAMON ST,6408,S,SANGAMON,ST,8386.0,2026-02-03,burning wood in front yard,DEPT. OF PUBLIC HEALTH,Alleged violation founded,2026-02-04,41.77755848146974,-87.64851904753611,"{'type': 'Point', 'coordinates': [-87.648519047536, 41.77755848147]}",2026-02-03,Tuesday,2,Englewood 6,369.9,Englewood,ENGLEWOOD
601792291,Air Pollution Work Order,2717 S DRAKE AVE,2717,S,DRAKE,AVE,431068.0,2026-02-03,,DEPT. OF PUBLIC HEALTH,Refer to Building Dept,2026-02-04,41.84202533894224,-87.71336129791901,"{'type': 'Point', 'coordinates': [-87.713361297919, 41.842025338942]}",2026-02-03,Tuesday,2,South Lawndale 3,565.2,Little Village,LITTLE VILLAGE
601792295,Air Pollution Work Order,7754 S KEDZIE AVE,7754,S,KEDZIE,AVE,84397.0,2026-02-03,,DEPT. OF PUBLIC HEALTH,Alleged violation not found,2026-02-04,41.75188320409682,-87.70260268826716,"{'type': 'Point', 'coordinates': [-87.702602688267, 41.751883204097]}",2026-02-03,Tuesday,2,Ashburn 3,113.4,Ashburn,ASHBURN
601793150,Air Pollution Work Order,4800 S ABERDEEN ST,4800,S,ABERDEEN,ST,84397.0,2026-02-05,Baldez Trucking,DEPT. OF PUBLIC HEALTH,Alleged violation not found,2026-02-06,41.80683556082504,-87.65291910670649,"{'type': 'Point', 'coordinates': [-87.652919106706, 41.806835560825]}",2026-02-05,Thursday,2,New City 4,501.8,New City,BACK OF THE YARDS
601793183,Air Pollution Work Order,5515 N CLARK ST,5515,N,CLARK,ST,476620.0,2026-02-05,Edgewater ProduceTrucks related to the grocery store idle for hours in the alley.,DEPT. OF PUBLIC HEALTH,Alleged violation not found,2026-02-06,41.9821548739429,-87.66834972906499,"{'type': 'Point', 'coordinates': [-87.668349729065, 41.982154873943]}",2026-02-05,Thursday,2,Uptown 1,759.4,Andersonville,ANDERSONVILLE
601793699,Air Pollution Work Order,1801 N CENTRAL PARK AVE,1801,N,CENTRAL PARK,AVE,10937.0,2026-02-06,"This is an acute, ongoing and chronic toxic emission violation next to a public park (The 606), numerous residences andnear an elementary school. The noxious VOCs are in violation of environmental statutes, business license and the current M1-1 zoning",DEPT. OF PUBLIC HEALTH,Complaint Valid,2026-02-09,41.91371539035949,-87.71651374283202,"{'type': 'Point', 'coordinates': [-87.716513742832, 41.913715390359]}",2026-02-06,Friday,2,Logan Square 4,331.5,Logan Square,LOGAN SQUARE
601793700,Air Pollution Work Order,1801 N CENTRAL PARK AVE,1801,N,CENTRAL PARK,AVE,10937.0,2026-02-06,,DEPT. OF PUBLIC HEALTH,Complaint Valid,2026-02-09,41.91371539035949,-87.71651374283202,"{'type': 'Point', 'coordinates': [-87.716513742832, 41.913715390359]}",2026-02-06,Friday,2,Logan Square 4,331.5,Logan Square,LOGAN SQUARE
601794479,Air Pollution Work Order,853 W GEORGE ST,853,W,GEORGE,ST,379542.0,2026-02-06,MPC Investment group llc,DEPT. OF PUBLIC HEALTH,Resolved,2026-02-09,41.934393560095,-87.65114683924111,"{'type': 'Point', 'coordinates': [-87.651146839241, 41.934393560095]}",2026-02-06,Friday,2,Lake View 4,269.1,Lake View,LAKE VIEW
601793452,Air Pollution Work Order,300 W NORTH AVE,300,W,NORTH,AVE,249349.0,2026-02-06,"She described it as smelling like burnt rubber. It started around Thanksgiving, and she usually only smells it at night.",DEPT. OF PUBLIC HEALTH,Refer to other Depts,2026-02-09,41.9112514213148,-87.6367128108416,"{'type': 'Point', 'coordinates': [-87.636712810842, 41.911251421315]}",2026-02-06,Friday,2,Near North Side 2,368.3,Old Town,OLD TOWN
601793701,Air Pollution Work Order,9907 S AVENUE N,9907,S,AVENUE N,,13776.0,2026-02-07,,DEPT. OF PUBLIC HEALTH,Alleged violation not found,2026-02-09,41.715058700204445,-87.5388003739854,"{'type': 'Point', 'coordinates': [-87.538800373985, 41.715058700204]}",2026-02-07,Saturday,2,East Side 2,311.6,East Side,SOUTHEAST SIDE
601794573,Air Pollution Work Order,2518 N HARDING AVE,2518,N,HARDING,AVE,443615.0,2026-02-08,caller says the odor is chlorine,DEPT. OF PUBLIC HEALTH,Alleged violation not found,2026-02-09,41.92691929234778,-87.72576675774069,"{'type': 'Point', 'coordinates': [-87.725766757741, 41.926919292348]}",2026-02-08,Sunday,2,Logan Square 1,640.5,Logan Square,LOGAN SQUARE
601793694,Air Pollution Work Order,640 W WASHINGTON BLVD,640,W,WASHINGTON,BLVD,470070.0,2026-02-08,There is a general chemical smell in the air in this area. Not sure what the cause is but it's an unusual chemical-like smellthat seems to be persistent.,DEPT. OF PUBLIC HEALTH,Resolved,2026-02-09,41.8832748639672,-87.64421910062096,"{'type': 'Point', 'coordinates': [-87.644219100621, 41.883274863967]}",2026-02-08,Sunday,2,Loop 1,664.1,West Loop,WEST LOOP
601795335,Air Pollution Work Order,3100 W TOUHY AVE,3100,W,TOUHY,AVE,437489.0,2026-02-08,caller reported chemical odor smell in the area,DEPT. OF PUBLIC HEALTH,Alleged violation not found,2026-02-09,42.012015755881286,-87.70694009850865,"{'type': 'Point', 'coordinates': [-87.706940098509, 42.012015755881]}",2026-02-08,Sunday,2,West Ridge 1,520.9,West Ridge,WEST RIDGE
601793708,Air Pollution Work Order,3736 N CLIFTON AVE,3736,N,CLIFTON,AVE,417337.0,2026-02-09,strong burning plastic smell,DEPT. OF PUBLIC HEALTH,Referred to another agency,2026-02-09,41.95008684845672,-87.65768854046817,"{'type': 'Point', 'coordinates': [-87.657688540468, 41.950086848457]}",2026-02-09,Monday,2,Lake View 2,347.9,Wrigleyville,WRIGLEYVILLE
601794081,Air Pollution Work Order,2930 S KEELEY ST,2930,S,KEELEY,ST,476620.0,2026-02-09,,DEPT. OF PUBLIC HEALTH,Alleged violation not found,2026-02-10,41.83999935334384,-87.65321292493581,"{'type': 'Point', 'coordinates': [-87.653212924936, 41.839999353344]}",2026-02-09,Monday,2,Bridgeport 1,81.2,Bridgeport,BRIDGEPORT
601794071,Air Pollution Work Order,9424 S EMERALD AVE,9424,S,EMERALD,AVE,84397.0,2026-02-09,,DEPT. OF PUBLIC HEALTH,Alleged violation unfounded,2026-02-10,41.7225035901781,-87.64217270920057,"{'type': 'Point', 'coordinates': [-87.642172709201, 41.722503590178]}",2026-02-09,Monday,2,Washington Heights 2,628.1,Washington Heights,"WASHINGTON HEIGHTS,ROSELAND"
601794077,Air Pollution Work Order,4111 S WESTERN BLVD,4111,S,WESTERN,BLVD,249349.0,2026-02-09,,DEPT. OF PUBLIC HEALTH,Alleged violation not found,2026-02-10,41.81896890134702,-87.68400463129313,"{'type': 'Point', 'coordinates': [-87.684004631293, 41.818968901347]}",2026-02-09,Monday,2,Brighton Park 2,467.4,New City,BACK OF THE YARDS
601793707,Air Pollution Work Order,4346 N CLARENDON AVE,4346,N,CLARENDON,AVE,425726.0,2026-02-09,,DEPT. OF PUBLIC HEALTH,Resolved,2028-02-10,41.96179647661865,-87.65005825356586,"{'type': 'Point', 'coordinates': [-87.650058253566, 41.961796476619]}",2026-02-09,Monday,2,Uptown 3,342.4,Uptown,UPTOWN
601796648,Air Pollution Work Order,1958 W 83RD ST,1958,W,83RD,ST,249349.0,2026-02-09,CALLER STATED THAT THE ODOR IS COMING FROM OUTSIDE. CALLER STATED THAT SHE HAS BEENSMELLING THE ODOR FOR 2 WEEKS,DEPT. OF PUBLIC HEALTH,Alleged violation not found,2026-02-09,41.7430542495662,-87.67290601774543,"{'type': 'Point', 'coordinates': [-87.672906017745, 41.743054249566]}",2026-02-09,Monday,2,Auburn Gresham 5,493.1,Auburn Gresham,AUBURN GRESHAM
601793695,Air Pollution Work Order,744 W GORDON TER,744,W,GORDON,TER,417337.0,2026-02-09,caller says chemical smell like an industrial smell caller wanted to remain anonymous,DEPT. OF PUBLIC HEALTH,Alleged violation not found,2026-02-09,41.95796528551364,-87.64915911227052,"{'type': 'Point', 'coordinates': [-87.649159112271, 41.957965285514]}",2026-02-09,Monday,2,Uptown 3,618.0,Uptown,UPTOWN
601794576,Air Pollution Work Order,9907 S AVENUE N,9907,S,AVENUE N,,249349.0,2026-02-10,The complainant alleges that the dust and debris from the uncovered/ineffective rail cars that pass byher home impacts the health of the residents. The complainant alleges that the dust and debris weremade from petroleum coke debris from the rail cars.,DEPT. OF PUBLIC HEALTH,Complaint Valid,2026-02-11,41.715058700204445,-87.5388003739854,"{'type': 'Point', 'coordinates': [-87.538800373985, 41.715058700204]}",2026-02-10,Tuesday,2,East Side 2,311.6,East Side,SOUTHEAST SIDE
601794601,Air Pollution Work Order,10100 S TORRENCE AVE,10100,S,TORRENCE,AVE,10937.0,2026-02-10,"Smells awful, smells emit into the home",DEPT. OF PUBLIC HEALTH,Complaint Valid,2026-02-11,41.71168005978167,-87.55987215361382,"{'type': 'Point', 'coordinates': [-87.559872153614, 41.711680059782]}",2026-02-10,Tuesday,2,South Deering 2,626.0,South Deering,SOUTHEAST SIDE
601794233,Air Pollution Work Order,520 S STATE ST,520,S,STATE,ST,417337.0,2026-02-10,"Since this building (520 South State Street) was built some years ago on the other side of a narrow alley from our building (531 South Plymouth Court), their diesel generator tests create noxious fumes which are blown directly at our building and permeate the public hallways and condominium apartments on that side of the building. The fumes come in around edges of doors and windows. We've contacted 311 in Chicago, they investigated, and said there was no cause and closed the complaint with no action taken.&nbsp;",DEPT. OF PUBLIC HEALTH,Alleged violation unfounded,2026-02-10,41.87524726840689,-87.62776718558034,"{'type': 'Point', 'coordinates': [-87.62776718558, 41.875247268407]}",2026-02-10,Tuesday,2,Loop 2,976.9,Loop,LOOP
601794601,Air Pollution Work Order,10100 S TORRENCE AVE,10100,S,TORRENCE,AVE,10937.0,2026-02-10,"Smells awful, smells emit into the home",DEPT. OF PUBLIC HEALTH,Complaint Valid,2026-02-11,41.71168005978167,-87.55987215361382,"{'type': 'Point', 'coordinates': [-87.559872153614, 41.711680059782]}",2026-02-10,Tuesday,2,South Deering 2,626.0,South Deering,SOUTHEAST SIDE
601794623,Air Pollution Work Order,4110 W 77TH PL,4110,W,77TH,PL,431068.0,2026-02-11,Hay un olor en el aire a químicos desde hace 2 días me di cuenta,DEPT. OF PUBLIC HEALTH,Resolved,2026-02-13,41.75280695641439,-87.7245268946704,"{'type': 'Point', 'coordinates': [-87.72452689467, 41.752806956414]}",2026-02-11,Wednesday,2,Ashburn 2,321.8,Ashburn,ASHBURN
601795375,Air Pollution Work Order,1834 N DAMEN AVE,1834,N,DAMEN,AVE,249349.0,2026-02-11,"Business is dirty and emits air pollution regularly, harming way of life for residential neighbors.",DEPT. OF PUBLIC HEALTH,Alleged violation not found,2026-02-17,41.91481458239673,-87.67770335860565,"{'type': 'Point', 'coordinates': [-87.677703358606, 41.914814582397]}",2026-02-11,Wednesday,2,West Town 2,842.0,Bucktown,BUCKTOWN
601795364,Air Pollution Work Order,3417 N SEELEY AVE,3417,N,SEELEY,AVE,417337.0,2026-02-11,,DEPT. OF PUBLIC HEALTH,Alleged violation not found,2026-02-13,41.94374946251048,-87.67953112974413,"{'type': 'Point', 'coordinates': [-87.679531129744, 41.94374946251]}",2026-02-11,Wednesday,2,Lake View 1,811.6,North Center,NORTH CENTER
601795368,Air Pollution Work Order,2700 S PULASKI RD,2700,S,PULASKI,RD,437489.0,2026-02-12,,DEPT. OF PUBLIC HEALTH,Alleged violation not found,2026-02-13,41.842316658230445,-87.72464503837854,"{'type': 'Point', 'coordinates': [-87.724645038379, 41.84231665823]}",2026-02-12,Thursday,2,South Lawndale 3,453.9,Little Village,LITTLE VILLAGE
601795374,Air Pollution Work Order,2000 W 51ST ST,2000,W,51ST,ST,417337.0,2026-02-12,"Chimney is too short, smoke from cooking is polluting the area, smoking out the neighbors",DEPT. OF PUBLIC HEALTH,Alleged violation founded,2026-02-13,41.80134253195855,-87.67456958109302,"{'type': 'Point', 'coordinates': [-87.674569581093, 41.801342531959]}",2026-02-12,Thursday,2,New City 5,443.9,New City,BACK OF THE YARDS
601796247,Air Pollution Work Order,3850 N LOWELL AVE,3850,N,LOWELL,AVE,417337.0,2026-02-13,THERE IS A SMELL OF BURNING RUBBER THROUGHOUT THE AREA. INDOORS AND OUTDOORS,DEPT. OF PUBLIC HEALTH,Alleged violation not found,2026-02-17,41.95141379534482,-87.73688420629277,"{'type': 'Point', 'coordinates': [-87.736884206293, 41.951413795345]}",2026-02-13,Friday,2,Portage Park 3,703.0,Irving Park,"IRVING PARK,AVONDALE"
601795381,Air Pollution Work Order,1464 N ASHLAND AVE,1464,N,ASHLAND,AVE,249349.0,2026-02-13,,DEPT. OF PUBLIC HEALTH,Alleged violation not found,2026-02-17,41.90883067145381,-87.66778875289936,"{'type': 'Point', 'coordinates': [-87.667788752899, 41.908830671454]}",2026-02-13,Friday,2,West Town 2,419.2,Wicker Park,"WICKER PARK,WEST TOWN"
601796208,Air Pollution Work Order,242 E 115TH ST,242,E,115TH,ST,249349.0,2026-02-13,"Lent flying off the roof laying all over the residence, the roof, and alley area",DEPT. OF PUBLIC HEALTH,Complaint Valid,2026-02-17,41.685500380869584,-87.61632498562452,"{'type': 'Point', 'coordinates': [-87.616324985625, 41.68550038087]}",2026-02-13,Friday,2,Roseland 4,505.7,Roseland,"WASHINGTON HEIGHTS,ROSELAND"
601796209,Air Pollution Work Order,10000 S TORRENCE AVE,10000,S,TORRENCE,AVE,8386.0,2026-02-13,"Horrible smell, it stopped for a few weeks but it’s been so bad again over the last few days. It’s causing me and my family headaches, vomiting, the smell is so bad",DEPT. OF PUBLIC HEALTH,Alleged violation not found,2026-02-17,41.71337385747979,-87.55989468233284,"{'type': 'Point', 'coordinates': [-87.559894682333, 41.71337385748]}",2026-02-13,Friday,2,South Deering 2,595.8,South Deering,SOUTHEAST SIDE
601796281,Air Pollution Work Order,1302 N MILWAUKEE AVE,1302,N,MILWAUKEE,AVE,443615.0,2026-02-13,Smells potentially from a box out front,DEPT. OF PUBLIC HEALTH,Refer to other Depts,2026-02-17,41.905243179899976,-87.66964736332534,"{'type': 'Point', 'coordinates': [-87.669647363325, 41.9052431799]}",2026-02-13,Friday,2,West Town 2,417.6,Wicker Park,"WICKER PARK,WEST TOWN"
601796212,Air Pollution Work Order,9850 S MANISTEE AVE,9850,S,MANISTEE,AVE,8386.0,2026-02-13,Smell doesn't get any better. We are tired of breathing this pulleted air. Smells like a dead animal,DEPT. OF PUBLIC HEALTH,Alleged violation not found,2026-02-17,41.71575473787654,-87.55664376444686,"{'type': 'Point', 'coordinates': [-87.556643764447, 41.715754737877]}",2026-02-13,Friday,2,South Deering 2,413.7,South Deering,SOUTHEAST SIDE
601796214,Air Pollution Work Order,4710 S DR MARTIN LUTHER KING JR DR,4710,S,DR MARTIN LUTHER KING JR,DR,451826.0,2026-02-15,,DEPT. OF PUBLIC HEALTH,Refer to Building Dept,2026-02-17,41.80900816700374,-87.61672529316279,"{'type': 'Point', 'coordinates': [-87.616725293163, 41.809008167004]}",2026-02-15,Sunday,2,Grand Boulevard 1,645.1,Grand Boulevard,BRONZEVILLE
601796381,Air Pollution Work Order,2200 N KEDZIE BLVD,2200,N,KEDZIE,BLVD,437489.0,2026-02-16,"The air in the Logan Square smells of burning trash, dump, chemical burning.",DEPT. OF PUBLIC HEALTH,Alleged violation not found,2026-02-17,41.92106187543885,-87.70724277843725,"{'type': 'Point', 'coordinates': [-87.707242778437, 41.921061875439]}",2026-02-16,Monday,2,Logan Square 4,1110.5,Logan Square,LOGAN SQUARE
601797423,Air Pollution Work Order,3540 S SEELEY AVE,3540,S,SEELEY,AVE,249349.0,2026-02-17,"Air throughout the neighborhood smells like plastic burning.&nbsp;Initially noticed the smell on Monday, February 16 and continues today.",DEPT. OF PUBLIC HEALTH,Alleged violation not found,2026-02-19,41.829152203068645,-87.67661805974392,"{'type': 'Point', 'coordinates': [-87.676618059744, 41.829152203069]}",2026-02-17,Tuesday,2,McKinley Park 2,625.4,Mckinley Park,"BRIGHTON PARK,MCKINLEY PARK"
601796846,Air Pollution Work Order,4243 W OGDEN AVE,4243,W,OGDEN,AVE,10937.0,2026-02-17,Grinding wooden pallets inside their lot but outdoors. They do not have water sprinklers or anything to control the dust.Malvaes Solutions Inc,DEPT. OF PUBLIC HEALTH,Alleged violation not found,2026-02-18,41.848745776337445,-87.7310322515179,"{'type': 'Point', 'coordinates': [-87.731032251518, 41.848745776337]}",2026-02-17,Tuesday,2,North Lawndale 5,634.4,North Lawndale,NORTH LAWNDALE
601796847,Air Pollution Work Order,3940 W BYRON ST,3940,W,BYRON,ST,443615.0,2026-02-18,Rotten Egg Smell,DEPT. OF PUBLIC HEALTH,Refer to other Depts,2026-02-18,41.95196224117952,-87.72632991881962,"{'type': 'Point', 'coordinates': [-87.72632991882, 41.95196224118]}",2026-02-18,Wednesday,2,Irving Park 3,325.9,Irving Park,"IRVING PARK,AVONDALE"
601797514,Air Pollution Work Order,2018 W CHICAGO AVE,2018,W,CHICAGO,AVE,249349.0,2026-02-18,Commercially Smoking something or another,DEPT. OF PUBLIC HEALTH,Alleged violation not found,2026-02-19,41.89600605332943,-87.67786192982513,"{'type': 'Point', 'coordinates': [-87.677861929825, 41.896006053329]}",2026-02-18,Wednesday,2,West Town 4,441.7,Ukrainian Village,UKRAINIAN VILLAGE AND EAST VILLAGE
601797507,Air Pollution Work Order,4243 W OGDEN AVE,4243,W,OGDEN,AVE,10937.0,2026-02-18,PER CALLER THERE IS A WOOD PALLET COMPANY THAT IS CUTTING WOOD CAUSING DUST TO FLY THROUGHOUT THE RESIDENTIAL STREET LEAVING DUST ALL OVER CALLER'S PORCH AND ROOF / CALLER STATES DUE TO THIS RESIDENTS CANNOT SIT ON THE PORCH TO ENJOY THE QUALITY OF LIFE. PLEASE ASSIST AS THIS IS AN ONGOING ISSUE // CALLER STATES RESIDENTS MEET WITH OWNER BEFORE AND HE STATED HE WILL DUE SOMETHING ABOUT IT BUT NOTHING HAS BEEN DONE CALLER STATES THEY RUN THE COMPANY FROM EARLY IN THE MORNING TO LATE AFTERNOON/ ALDERMAN HAS NOT DONE ANYTHING / CALLER STATES THIS IS PREVENTING CHILDREN AND FAMILIES FROM PLAYING DUE TO THE DUST FLYING AROUND.,DEPT. OF PUBLIC HEALTH,Alleged violation not found,2026-02-19,41.848745776337445,-87.7310322515179,"{'type': 'Point', 'coordinates': [-87.731032251518, 41.848745776337]}",2026-02-18,Wednesday,2,North Lawndale 5,634.4,North Lawndale,NORTH LAWNDALE
601797517,Air Pollution Work Order,8119 S BISHOP ST,8119,S,BISHOP,ST,84397.0,2026-02-18,,DEPT. OF PUBLIC HEALTH,Resolved,2026-02-19,41.74617012443653,-87.65954182300568,"{'type': 'Point', 'coordinates': [-87.659541823006, 41.746170124437]}",2026-02-18,Wednesday,2,Auburn Gresham 2,829.1,Auburn Gresham,AUBURN GRESHAM
601796861,Air Pollution Work Order,1800 W POLK ST,1800,W,POLK,ST,417337.0,2026-02-18,"Walked out thus mornjng to drive to&nbsp; UIC medical. I smelled something strange in the air a strong pungent smell. When i arrived at my destination at UIC medical, the smell was even stronger. It seems like a chemical smell of some kind. My sinuses feel congested.&nbsp;",DEPT. OF PUBLIC HEALTH,Alleged violation not found,2026-02-18,41.871656388583055,-87.67160554226685,"{'type': 'Point', 'coordinates': [-87.671605542267, 41.871656388583]}",2026-02-18,Wednesday,2,Near West Side 6,692.6,"Little Italy, UIC","LITTLE ITALY, UIC"
601798153,Air Pollution Work Order,10610 S RHODES AVE,10610,S,RHODES,AVE,13776.0,2026-02-19,I smelling some fumes that come into my home that are making me choke.,DEPT. OF PUBLIC HEALTH,Alleged violation unfounded,2026-02-20,41.70151248266856,-87.61009290883804,"{'type': 'Point', 'coordinates': [-87.610092908838, 41.701512482669]}",2026-02-19,Thursday,2,Pullman 3,506.3,Roseland,"WASHINGTON HEIGHTS,ROSELAND"
601798148,Air Pollution Work Order,3800 W MYRICK ST,3800,W,MYRICK,ST,8386.0,2026-02-19,,DEPT. OF PUBLIC HEALTH,Alleged violation not found,2026-02-20,41.75008866685523,-87.71834690196447,"{'type': 'Point', 'coordinates': [-87.718346901964, 41.750088666855]}",2026-02-19,Thursday,2,Ashburn 2,311.8,Ashburn,ASHBURN
601798144,Air Pollution Work Order,6130 N SHERIDAN RD,6130,N,SHERIDAN,RD,431068.0,2026-02-19,dust and debris affecting the neighbors,DEPT. OF PUBLIC HEALTH,Resolved,2026-02-20,41.99326388349249,-87.65563353046953,"{'type': 'Point', 'coordinates': [-87.65563353047, 41.993263883492]}",2026-02-19,Thursday,2,Edgewater 2,816.4,Edgewater,EDGEWATER
601798151,Air Pollution Work Order,520 N HALSTED ST,520,N,HALSTED,ST,417337.0,2026-02-19,Ballys casino construction is removing dirt and debris along Halsted causing excessive dust in the neighborhood,DEPT. OF PUBLIC HEALTH,Alleged violation not found,2026-02-19,41.89188848509332,-87.6477646275495,"{'type': 'Point', 'coordinates': [-87.647764627549, 41.891888485093]}",2026-02-19,Thursday,2,West Town 3,643.7,West Town,"WICKER PARK,WEST TOWN"
601798142,Air Pollution Work Order,4920 N KENMORE AVE,4920,N,KENMORE,AVE,451826.0,2026-02-19,Complete Care Margate Park,DEPT. OF PUBLIC HEALTH,Refer to Building Dept,2026-02-20,41.97220050312064,-87.65644765047863,"{'type': 'Point', 'coordinates': [-87.656447650479, 41.972200503121]}",2026-02-19,Thursday,2,Uptown 2,433.8,Uptown,UPTOWN
601798141,Air Pollution Work Order,4514 W DIVERSEY AVE,4514,W,DIVERSEY,AVE,3308.0,2026-02-19,Per caller there is strong sewer odor near the flower shop,DEPT. OF PUBLIC HEALTH,Alleged violation not found,2026-02-20,41.93173123599631,-87.7398542198634,"{'type': 'Point', 'coordinates': [-87.739854219863, 41.931731235996]}",2026-02-19,Thursday,2,Hermosa 1,481.9,Hermosa,"BELMONT CRAIGIN,HERMOSA"
601798152,Air Pollution Work Order,368 E 117TH ST,368,E,117TH,ST,13776.0,2026-02-19,resin odor,DEPT. OF PUBLIC HEALTH,Alleged violation unfounded,2026-02-20,41.68151005489946,-87.6139721347319,"{'type': 'Point', 'coordinates': [-87.613972134732, 41.681510054899]}",2026-02-19,Thursday,2,West Pullman 3,803.7,West Pullman,WEST PULLMAN
601798161,Air Pollution Work Order,2000 E 95TH ST,2000,E,95TH,ST,10937.0,2026-02-19,I had a complaint yesterday afternoon from a resident on the southeast side of Chicago (near 95th Street) about a layer of brown dust that was all over yesterday morning. He said that he and his neighbors noticed it on their cars.,DEPT. OF PUBLIC HEALTH,Complaint Valid,2026-02-20,41.722579473126416,-87.57529252250366,"{'type': 'Point', 'coordinates': [-87.575292522504, 41.722579473126]}",2026-02-19,Thursday,2,Calumet Heights 2,605.9,South Deering,SOUTHEAST SIDE
601798318,Air Pollution Work Order,4243 W OGDEN AVE,4243,W,OGDEN,AVE,10937.0,2026-02-20,Mlvaes Solutions Inc- Pallet company - Other - They are recycling and grinding wooden pallets without something to control the dust - Monday - Friday as early as 8am until about 4pm,DEPT. OF PUBLIC HEALTH,Alleged violation not found,2026-02-23,41.848745776337445,-87.7310322515179,"{'type': 'Point', 'coordinates': [-87.731032251518, 41.848745776337]}",2026-02-20,Friday,2,North Lawndale 5,634.4,North Lawndale,NORTH LAWNDALE
601805290,Air Pollution Work Order,3320 W EVERGREEN AVE,3320,W,EVERGREEN,AVE,10937.0,2026-02-20,residue on carssunday Feb 6 to present,DEPT. OF PUBLIC HEALTH,Alleged violation not found,2026-03-12,41.90564209564053,-87.71020462884881,"{'type': 'Point', 'coordinates': [-87.710204628849, 41.905642095641]}",2026-02-20,Friday,2,Humboldt Park 2,775.5,Humboldt Park,HUMBOLDT PARK
601798340,Air Pollution Work Order,5339 N GLENWOOD AVE,5339,N,GLENWOOD,AVE,470070.0,2026-02-20,"uncontained asbestos abatement and brick cutting. sidewalk not closed, no airscrubbers or wetsaws. Construction causings unsafe air quality conditions for residents of the building nextdoor (5341 N Glenwood). Premits not properly displayed.",DEPT. OF PUBLIC HEALTH,Resolved,2026-02-23,41.979268160188205,-87.66468567977721,"{'type': 'Point', 'coordinates': [-87.664685679777, 41.979268160188]}",2026-02-20,Friday,2,Uptown 1,706.5,Andersonville,ANDERSONVILLE
601798839,Air Pollution Work Order,6130 N SHERIDAN RD,6130,N,SHERIDAN,RD,431068.0,2026-02-23,"The active, open air demolition of a buildingHeneghan Wrecking",DEPT. OF PUBLIC HEALTH,Resolved,2026-02-24,41.99326388349249,-87.65563353046953,"{'type': 'Point', 'coordinates': [-87.65563353047, 41.993263883492]}",2026-02-23,Monday,2,Edgewater 2,816.4,Edgewater,EDGEWATER
601799519,Air Pollution Work Order,2857 E 96TH ST,2857,E,96TH,ST,451826.0,2026-02-24,Rotten Egg Smell,DEPT. OF PUBLIC HEALTH,Complaint Valid,2026-02-26,41.720793194507,-87.55429616267979,"{'type': 'Point', 'coordinates': [-87.55429616268, 41.720793194507]}",2026-02-24,Tuesday,2,Calumet Heights 3,599.1,South Deering,SOUTHEAST SIDE
601799525,Air Pollution Work Order,3043 W JACKSON BLVD,3043,W,JACKSON,BLVD,443615.0,2026-02-24,,DEPT. OF PUBLIC HEALTH,Alleged violation not found,2026-02-25,41.877244503622165,-87.70276933508882,"{'type': 'Point', 'coordinates': [-87.702769335089, 41.877244503622]}",2026-02-24,Tuesday,2,East Garfield Park 2,130.1,Garfield Park,GARFIELD PARK
601800035,Air Pollution Work Order,5811 S ELLIS AVE,5811,S,ELLIS,AVE,437489.0,2026-02-25,The food trucks run noisy gas generators and run their vehicles constantly. This is next to a hospital and is a school. Thisshould not continue.,DEPT. OF PUBLIC HEALTH,Alleged violation not found,2026-02-26,41.78924933410045,-87.60110843868813,"{'type': 'Point', 'coordinates': [-87.601108438688, 41.7892493341]}",2026-02-25,Wednesday,2,Hyde Park 4,315.4,Hyde Park,HYDE PARK
601800057,Air Pollution Work Order,853 W GEORGE ST,853,W,GEORGE,ST,379542.0,2026-02-25,More debris and when removing garage roofing they took away the screen and still let dust fly. Why didn’t they leavescreen up i don’t know . We’ve already had tar dust all over our yard from them,DEPT. OF PUBLIC HEALTH,Resolved,2026-03-09,41.934393560095,-87.65114683924111,"{'type': 'Point', 'coordinates': [-87.651146839241, 41.934393560095]}",2026-02-25,Wednesday,2,Lake View 4,269.1,Lake View,LAKE VIEW
601807831,Air Pollution Work Order,1311 W 18TH ST,1311,W,18TH,ST,249349.0,2026-02-25,,DEPT. OF PUBLIC HEALTH,Complaint Valid,2026-02-25,41.85779542320371,-87.65945226651687,"{'type': 'Point', 'coordinates': [-87.659452266517, 41.857795423204]}",2026-02-25,Wednesday,2,Lower West Side 3,779.4,Lower West Side,LOWER WEST SIDE
601800040,Air Pollution Work Order,4146 N CLARENDON AVE,4146,N,CLARENDON,AVE,249349.0,2026-02-26,There is a smell in the air of burning plastic or some kind of chemical,DEPT. OF PUBLIC HEALTH,Alleged violation not found,2026-02-26,41.95700411672349,-87.64991866777802,"{'type': 'Point', 'coordinates': [-87.649918667778, 41.957004116723]}",2026-02-26,Thursday,2,Uptown 3,665.6,Uptown,UPTOWN
601800478,Air Pollution Work Order,3012 N WATERLOO CT,3012,N,WATERLOO,CT,249349.0,2026-02-26,"There is a general chemical burning smell in the air. I read online that this has been an issue recently, but today the smell is very strong like a burning house or chemical fire Problem Timetable: Smelled at 8am on 2/26/2026",DEPT. OF PUBLIC HEALTH,Alleged violation not found,2026-02-27,41.93681859979256,-87.64614481198005,"{'type': 'Point', 'coordinates': [-87.64614481198, 41.936818599793]}",2026-02-26,Thursday,2,Lake View 4,699.8,Lake View,LAKE VIEW
601800369,Air Pollution Work Order,4103 N DRAKE AVE,4103,N,DRAKE,AVE,249349.0,2026-02-26,,DEPT. OF PUBLIC HEALTH,Alleged violation unfounded,2026-02-27,41.95577416233809,-87.71649936207197,"{'type': 'Point', 'coordinates': [-87.716499362072, 41.955774162338]}",2026-02-26,Thursday,2,Albany Park 2,984.3,Irving Park,"IRVING PARK,AVONDALE"
601800469,Air Pollution Work Order,6200 N WAYNE AVE,6200,N,WAYNE,AVE,249349.0,2026-02-26,"There is a chemical smell in the air this morning throughout the entire neighborhood, it is not at this specific location only. This occurred previously on certain days a couple weeks ago and it was present again this morning on 2/26/26.",DEPT. OF PUBLIC HEALTH,Alleged violation not found,2026-02-27,41.99460043983111,-87.6642442404439,"{'type': 'Point', 'coordinates': [-87.664244240444, 41.994600439831]}",2026-02-26,Thursday,2,Edgewater 1,888.5,Edgewater,EDGEWATER
601800045,Air Pollution Work Order,3547 N CLAREMONT AVE,3547,N,CLAREMONT,AVE,451826.0,2026-02-26,,DEPT. OF PUBLIC HEALTH,Alleged violation not found,2026-02-26,41.94632273849549,-87.68688384352848,"{'type': 'Point', 'coordinates': [-87.686883843528, 41.946322738495]}",2026-02-26,Thursday,2,North Center 1,389.8,North Center,NORTH CENTER
601800376,Air Pollution Work Order,2262 W 47TH ST,2262,W,47TH,ST,13776.0,2026-02-26,Brookfield PropertiesResident reports dust and pollution entering home from demolition happening on 47/western site of former wheatland tube,DEPT. OF PUBLIC HEALTH,Alleged violation not found,2026-02-27,41.80854455968601,-87.6818815138804,"{'type': 'Point', 'coordinates': [-87.68188151388, 41.808544559686]}",2026-02-26,Thursday,2,Gage Park 2,768.0,New City,BACK OF THE YARDS
601800055,Air Pollution Work Order,912 W WINONA ST,912,W,WINONA,ST,249349.0,2026-02-26,Logging this to report a strange chlorine / chemical smell in the air throughout Uptown. Seems related to the complaintsshared earlier in February across the city. I don't expect a resolution in 311 app. Just reporting.Logging this entry to report a strange chlorine / chemical smell in the air throughout Uptownthis morning. Seems related to the complaints shared earlier in February across the city.,DEPT. OF PUBLIC HEALTH,Alleged violation not found,2026-02-26,41.975420277089135,-87.65316935095231,"{'type': 'Point', 'coordinates': [-87.653169350952, 41.975420277089]}",2026-02-26,Thursday,2,Uptown 2,60.8,Uptown,UPTOWN
601800051,Air Pollution Work Order,1511 W IRVING PARK RD,1511,W,IRVING PARK,RD,249349.0,2026-02-26,I dont know where its coming from because its so widespread and incredibly strong chemical smell in the air like burningplastic. Its strong enough that I can't be outside,DEPT. OF PUBLIC HEALTH,Alleged violation not found,2026-02-26,41.95419392220816,-87.66802341637649,"{'type': 'Point', 'coordinates': [-87.668023416376, 41.954193922208]}",2026-02-26,Thursday,2,Lake View 1,709.6,Lake View,LAKE VIEW
601800039,Air Pollution Work Order,4160 N ROCKWELL ST,4160,N,ROCKWELL,ST,249349.0,2026-02-26,Chemical smell all over the neighborhood. Seems like it blew in from afar. Same thing happened a few weeks ago.Someone is discharging pollution overnight,DEPT. OF PUBLIC HEALTH,Alleged violation not found,2026-02-26,41.95754640766706,-87.6934767647882,"{'type': 'Point', 'coordinates': [-87.693476764788, 41.957546407667]}",2026-02-26,Thursday,2,Lincoln Square 2,595.3,North Center,NORTH CENTER
601802413,Air Pollution Work Order,6971 N GREENVIEW AVE,6971,N,GREENVIEW,AVE,249349.0,2026-02-26,&nbsp;Strong and persistent chemical smell in Rogers Park and surrounding neighborhoods according to everyone I spoke to today. It gave me a headache and I felt irritation in my throat and chest after breathing it during my walk to work,DEPT. OF PUBLIC HEALTH,Alleged violation not found,2026-03-03,42.00878619632473,-87.667746870442,"{'type': 'Point', 'coordinates': [-87.667746870442, 42.008786196325]}",2026-02-26,Thursday,2,Rogers Park 2,751.3,Rogers Park,ROGERS PARK
601800032,Air Pollution Work Order,6121 N SHERIDAN RD,6121,N,SHERIDAN,RD,431068.0,2026-02-26,,DEPT. OF PUBLIC HEALTH,Alleged violation not found,2026-03-03,41.99300417811769,-87.6553303230888,"{'type': 'Point', 'coordinates': [-87.655330323089, 41.993004178118]}",2026-02-26,Thursday,2,Edgewater 2,788.7,Edgewater,EDGEWATER
601800056,Air Pollution Work Order,901 S PLYMOUTH CT,901,S,PLYMOUTH,CT,443615.0,2026-02-26,Walking outside going home from my gym class and there is a gross chemical /burning smell in the air. It doesn’t seemlocalized. What is it?,DEPT. OF PUBLIC HEALTH,Complaint Valid,2026-02-26,41.87050091076191,-87.6284461002255,"{'type': 'Point', 'coordinates': [-87.628446100225, 41.870500910762]}",2026-02-26,Thursday,2,Near West Side 4,811.0,Printers Row,PRINTERS ROW
601800041,Air Pollution Work Order,4116 N GREENVIEW AVE,4116,N,GREENVIEW,AVE,249349.0,2026-02-26,,DEPT. OF PUBLIC HEALTH,Alleged violation not found,2026-02-26,41.956653007228326,-87.66775048215352,"{'type': 'Point', 'coordinates': [-87.667750482154, 41.956653007228]}",2026-02-26,Thursday,2,Uptown 4,717.3,Lake View,LAKE VIEW
601802415,Air Pollution Work Order,1640 W DIVISION ST,1640,W,DIVISION,ST,249349.0,2026-02-26,"Smell of burning plastic, noticed in streeterville and wicker park. Causing headaches.&nbsp;",DEPT. OF PUBLIC HEALTH,Alleged violation not found,2026-03-03,41.903429063255984,-87.66912960627097,"{'type': 'Point', 'coordinates': [-87.669129606271, 41.903429063256]}",2026-02-26,Thursday,2,West Town 2,609.3,Wicker Park,"WICKER PARK,WEST TOWN"
601800060,Air Pollution Work Order,744 W GORDON TER,744,W,GORDON,TER,417337.0,2026-02-26,,DEPT. OF PUBLIC HEALTH,Alleged violation not found,2026-02-26,41.95796528551364,-87.64915911227052,"{'type': 'Point', 'coordinates': [-87.649159112271, 41.957965285514]}",2026-02-26,Thursday,2,Uptown 3,618.0,Uptown,UPTOWN
601802420,Air Pollution Work Order,424 W DIVERSEY PKWY,424,W,DIVERSEY,PKWY,249349.0,2026-02-26,Awful chemical smell that lingered for many hours in the morning&nbsp;,DEPT. OF PUBLIC HEALTH,Alleged violation not found,2026-03-03,41.93300098709317,-87.64033768594203,"{'type': 'Point', 'coordinates': [-87.640337685942, 41.933000987093]}",2026-02-26,Thursday,2,Lake View 3,389.3,Lake View,LAKE VIEW
601802376,Air Pollution Work Order,2430 N ALBANY AVE,2430,N,ALBANY,AVE,249349.0,2026-02-26,strong chemical/burning smell and haziness throughout the neighborhood outside,DEPT. OF PUBLIC HEALTH,Alleged violation not found,2026-03-03,41.92545552904365,-87.70522257507263,"{'type': 'Point', 'coordinates': [-87.705222575073, 41.925455529044]}",2026-02-26,Thursday,2,Logan Square 1,1226.0,Logan Square,LOGAN SQUARE
601802410,Air Pollution Work Order,6221 N WAYNE AVE,6221,N,WAYNE,AVE,249349.0,2026-02-26,Chemical smell in the air this morning throughout our neighborhood. This occurred another day a couple weeks ago or so and was back this morning. It is very noticeable and very concerning. I have seen an article that you are aware of this a few weeks ago but do not know what it is. Do you know what it is now? Is there any update? It is awful and brings health concerns for us all,DEPT. OF PUBLIC HEALTH,Alleged violation not found,2026-03-03,41.99517276394613,-87.66396883092308,"{'type': 'Point', 'coordinates': [-87.663968830923, 41.995172763946]}",2026-02-26,Thursday,2,Edgewater 1,948.3,Edgewater,EDGEWATER
601802390,Air Pollution Work Order,3829 N SOUTHPORT AVE,3829,N,SOUTHPORT,AVE,249349.0,2026-02-26,,DEPT. OF PUBLIC HEALTH,Alleged violation not found,2026-03-03,41.95161710287012,-87.66399628770961,"{'type': 'Point', 'coordinates': [-87.66399628771, 41.95161710287]}",2026-02-26,Thursday,2,Lake View 1,758.2,Wrigleyville,WRIGLEYVILLE
601802420,Air Pollution Work Order,424 W DIVERSEY PKWY,424,W,DIVERSEY,PKWY,249349.0,2026-02-26,Awful chemical smell that lingered for many hours in the morning&nbsp;,DEPT. OF PUBLIC HEALTH,Alleged violation not found,2026-03-03,41.93300098709317,-87.64033768594203,"{'type': 'Point', 'coordinates': [-87.640337685942, 41.933000987093]}",2026-02-26,Thursday,2,Lake View 3,389.3,Lake View,LAKE VIEW
601800375,Air Pollution Work Order,2159 W ARGYLE ST,2159,W,ARGYLE,ST,249349.0,2026-02-26,,DEPT. OF PUBLIC HEALTH,Alleged violation not found,2026-02-27,41.97221619006136,-87.6841046814915,"{'type': 'Point', 'coordinates': [-87.684104681491, 41.972216190061]}",2026-02-26,Thursday,2,Lincoln Square 1,626.6,Lincoln Square,LINCOLN SQUARE
601800037,Air Pollution Work Order,5300 N MAGNOLIA AVE,5300,N,MAGNOLIA,AVE,249349.0,2026-02-26,"VERY STRONG CHLORINE SMELL*** ODOR COMING FROM 5400 THRU 5300 N MAGNOLIA ***ODORSMELLED BEFORE, ALWAYS IN THE MORNING, MAKES RESIDENT WONDERS IF SOMEONE IS DUMPING A LOT OFBLEACH SOMEWHERE",DEPT. OF PUBLIC HEALTH,Alleged violation not found,2026-02-26,41.978215259117015,-87.66134137435702,"{'type': 'Point', 'coordinates': [-87.661341374357, 41.978215259117]}",2026-02-26,Thursday,2,Uptown 2,683.1,Andersonville,ANDERSONVILLE
601802423,Air Pollution Work Order,2011 W HURON ST,2011,W,HURON,ST,249349.0,2026-02-27,There continues to be a chemical smell permeating the neighborhoods this has been ongoing for a month now. Winds from the SE. who is emitting it,DEPT. OF PUBLIC HEALTH,Alleged violation not found,2026-03-03,41.89397556201177,-87.67749994611768,"{'type': 'Point', 'coordinates': [-87.677499946118, 41.893975562012]}",2026-02-27,Friday,2,West Town 4,403.4,West Town,"WICKER PARK,WEST TOWN"
601801734,Air Pollution Work Order,2857 E 96TH ST,2857,E,96TH,ST,3308.0,2026-02-27,,DEPT. OF PUBLIC HEALTH,Alleged violation not found,2026-03-03,41.720793194507,-87.55429616267979,"{'type': 'Point', 'coordinates': [-87.55429616268, 41.720793194507]}",2026-02-27,Friday,2,Calumet Heights 3,599.1,South Deering,SOUTHEAST SIDE
601802424,Air Pollution Work Order,6325 N SHERIDAN RD,6325,N,SHERIDAN,RD,249349.0,2026-02-27,A Very Strong Chemical / Electrical Burning Smell in the Air,DEPT. OF PUBLIC HEALTH,Alleged violation not found,2026-03-03,41.99711380537217,-87.65545501225975,"{'type': 'Point', 'coordinates': [-87.65545501226, 41.997113805372]}",2026-02-27,Friday,2,Edgewater 2,1244.7,Edgewater,EDGEWATER
601801746,Air Pollution Work Order,1428 W FARGO AVE,1428,W,FARGO,AVE,443615.0,2026-02-27,per caller gas,DEPT. OF PUBLIC HEALTH,Resolved,2026-03-03,42.01725429546275,-87.6666092773441,"{'type': 'Point', 'coordinates': [-87.666609277344, 42.017254295463]}",2026-02-27,Friday,2,Rogers Park 1,424.1,Rogers Park,ROGERS PARK
601801650,Air Pollution Work Order,10855 S AVENUE F,10855,S,AVENUE F,,13776.0,2026-02-28,comes and goes smells like burning wood,DEPT. OF PUBLIC HEALTH,Alleged violation not found,2026-03-03,41.697611103343846,-87.530308654993,"{'type': 'Point', 'coordinates': [-87.530308654993, 41.697611103344]}",2026-02-28,Saturday,2,East Side 3,596.9,East Side,SOUTHEAST SIDE
601801659,Air Pollution Work Order,5404 S WASHTENAW AVE,5404,S,WASHTENAW,AVE,417325.0,2026-02-28,Black minivan leaking engine oil. Large puddle of oil coming out of engine.Owners Keep dumping more oil,DEPT. OF PUBLIC HEALTH,Refer to StreetsSanitation,2026-03-03,41.79535175354428,-87.69155384081596,"{'type': 'Point', 'coordinates': [-87.691553840816, 41.795351753544]}",2026-02-28,Saturday,2,Gage Park 3,733.1,Gage Park,"MARQUETTE PARK,GAGE PARK"
601801654,Air Pollution Work Order,5847 N KILBOURN AVE,5847,N,KILBOURN,AVE,437489.0,2026-03-01,SR26-00347407,DEPT. OF PUBLIC HEALTH,Alleged violation not found,2026-03-03,41.98664826701656,-87.7405658182261,"{'type': 'Point', 'coordinates': [-87.740565818226, 41.986648267017]}",2026-03-01,Sunday,3,Forest Glen 3,452.0,"Sauganash,Forest Glen","SAUGANASH,FOREST GLEN"
601801700,Air Pollution Work Order,3912 N NOTTINGHAM AVE,3912,N,NOTTINGHAM,AVE,417337.0,2026-03-01,It smells in my apartment like sewer and rotten eggs. I called peoples gas for a gas leak they then stated it wasn’t naturalgas but methane gas from sewer and possible fecal matter,DEPT. OF PUBLIC HEALTH,Refer to other Depts,2026-03-03,41.95120517366156,-87.80492345476331,"{'type': 'Point', 'coordinates': [-87.804923454763, 41.951205173662]}",2026-03-01,Sunday,3,Dunning 3,493.1,Dunning,DUNNING
601801660,Air Pollution Work Order,5404 S WASHTENAW AVE,5404,S,WASHTENAW,AVE,417325.0,2026-03-02,Black Dodge minivan leaking engine oil. Puddle of oil coming out of minivan. Has beenreported many times. Please remove this van off the street.,DEPT. OF PUBLIC HEALTH,Refer to StreetsSanitation,2026-03-03,41.79535175354428,-87.69155384081596,"{'type': 'Point', 'coordinates': [-87.691553840816, 41.795351753544]}",2026-03-02,Monday,3,Gage Park 3,733.1,Gage Park,"MARQUETTE PARK,GAGE PARK"
601801778,Air Pollution Work Order,355 E RIVERWALK,355,E,RIVERWALK,,249349.0,2026-03-02,New huts are venting toxic smoke. Who approved this on the river walk?,DEPT. OF PUBLIC HEALTH,Alleged violation not found,2026-03-03,41.88780560547408,-87.61788171685379,"{'type': 'Point', 'coordinates': [-87.617881716854, 41.887805605474]}",2026-03-02,Monday,3,Loop 2,771.0,Loop,LOOP
601801667,Air Pollution Work Order,4222 W FOSTER AVE,4222,W,FOSTER,AVE,417337.0,2026-03-02,,DEPT. OF PUBLIC HEALTH,Referred to another agency,2026-03-03,41.97557749255851,-87.73433970709839,"{'type': 'Point', 'coordinates': [-87.734339707098, 41.975577492559]}",2026-03-02,Monday,3,Albany Park 1,725.1,North Park,"NORTH PARK,ALBANY PARK"
601801739,Air Pollution Work Order,2717 S DRAKE AVE,2717,S,DRAKE,AVE,470070.0,2026-03-02,,DEPT. OF PUBLIC HEALTH,Alleged violation founded,2026-03-03,41.84202533894224,-87.71336129791901,"{'type': 'Point', 'coordinates': [-87.713361297919, 41.842025338942]}",2026-03-02,Monday,3,South Lawndale 3,565.2,Little Village,LITTLE VILLAGE
601801739,Air Pollution Work Order,2717 S DRAKE AVE,2717,S,DRAKE,AVE,470070.0,2026-03-02,,DEPT. OF PUBLIC HEALTH,Alleged violation founded,2026-03-03,41.84202533894224,-87.71336129791901,"{'type': 'Point', 'coordinates': [-87.713361297919, 41.842025338942]}",2026-03-02,Monday,3,South Lawndale 3,565.2,Little Village,LITTLE VILLAGE
601801752,Air Pollution Work Order,969 E 130TH ST,969,E,130TH,ST,13776.0,2026-03-02,Smells very bad daily smells like dead animals rotten eggs garbage all types of disgusting smells all in the air,DEPT. OF PUBLIC HEALTH,Alleged violation not found,2026-03-03,41.65921187552984,-87.59874435377881,"{'type': 'Point', 'coordinates': [-87.598744353779, 41.65921187553]}",2026-03-02,Monday,3,Riverdale 2,748.3,Riverdale,RIVERDALE
601802115,Air Pollution Work Order,1457 N HALSTED ST,1457,N,HALSTED,ST,443615.0,2026-03-03,,DEPT. OF PUBLIC HEALTH,Resolved,2026-02-26,41.908002954607774,-87.64805061743297,"{'type': 'Point', 'coordinates': [-87.648050617433, 41.908002954608]}",2026-03-03,Tuesday,3,Near North Side 1,555.4,River North,RIVER NORTH
601802223,Air Pollution Work Order,301 S LAVERGNE AVE,301,S,LAVERGNE,AVE,451826.0,2026-03-03,CALLER FREQUENTLY SMELLS BLEACH/CHEMICAL ODORS IN THE AUSTIN NEIGHBORHOOD. SAYS ITSRANGES FROM MILD TO SUPER-STRONG.,DEPT. OF PUBLIC HEALTH,Alleged violation not found,2026-03-05,41.87668942011128,-87.74913351509299,"{'type': 'Point', 'coordinates': [-87.749133515093, 41.876689420111]}",2026-03-03,Tuesday,3,Austin 4,401.0,Austin,AUSTIN
601802367,Air Pollution Work Order,2501 W 109TH PL,2501,W,109TH,PL,443615.0,2026-03-03,"Good morning. For well over a year, on and off, there has been a strong chemical smell in the air around our home and in Chicagoland in general. It smells to me a mixture of fertilizer and plastics. I was once told it was from resin being cured in the city gas or water lines they are fixing. I don’t think this is the case, as it continued all through winter when work wasn’t happening.&nbsp; I understand I am one of many with the same complaint but what is the source and what is being done about it? Can I even go out to garden/or be active without risking future cancer and lung issues? Are my children safe? This can’t be good for our health. It smells too “chemical” to be healthy for humans. We haven’t opened our windows since 2024. Please advise.",DEPT. OF PUBLIC HEALTH,Alleged violation not found,2026-03-04,41.69439958379989,-87.68384736372332,"{'type': 'Point', 'coordinates': [-87.683847363723, 41.6943995838]}",2026-03-03,Tuesday,3,Morgan Park 1,781.4,Morgan Park,"MOUNT GREENWOOD,MORGAN PARK"
601802115,Air Pollution Work Order,1457 N HALSTED ST,1457,N,HALSTED,ST,443615.0,2026-03-03,,DEPT. OF PUBLIC HEALTH,Resolved,2026-02-26,41.908002954607774,-87.64805061743297,"{'type': 'Point', 'coordinates': [-87.648050617433, 41.908002954608]}",2026-03-03,Tuesday,3,Near North Side 1,555.4,River North,RIVER NORTH
601802228,Air Pollution Work Order,727 N TROY ST,727,N,TROY,ST,431068.0,2026-03-03,TOWING CARS TO RESIDENTIAL HOME GARAGE TO REPAIR THEM DURING THE EVENING HOURSTHERE ARE FUMES EMITTING IN THE AREA,DEPT. OF PUBLIC HEALTH,Alleged violation not found,2026-03-04,41.894568553285055,-87.70514874326358,"{'type': 'Point', 'coordinates': [-87.705148743264, 41.894568553285]}",2026-03-03,Tuesday,3,Humboldt Park 3,434.4,Humboldt Park,HUMBOLDT PARK
601802356,Air Pollution Work Order,4118 N PULASKI RD,4118,N,PULASKI,RD,249349.0,2026-03-03,"BACP REFERRAL FROM ORIGINAL ALDERMAN'S REQUEST: A constituent reached out to report a business at4118 N Pulaski Rd, Thom?s Four Wheel Drive &amp; Auto Service. They have reported that the business appears to be burning motor fueland miscellaneous items beginning just before 8am through the afternoon hours in the back of their business. It creates large plumes ofsmoke, usually white, but sometimes grey and black and fills the homes of the apartment buildings behind the business. Attached arescreenshots from 3 videos he showed our office ? the videos were too large to send via email.",DEPT. OF PUBLIC HEALTH,Complaint Valid,2026-03-05,41.95607456100937,-87.72783256627929,"{'type': 'Point', 'coordinates': [-87.727832566279, 41.956074561009]}",2026-03-03,Tuesday,3,Albany Park 3,723.1,Irving Park,"IRVING PARK,AVONDALE"
601802235,Air Pollution Work Order,1424 N HALSTED ST,1424,N,HALSTED,ST,10937.0,2026-03-03,"British International School Chicago, Lincoln Park parents + staff smells the burning/chemical emissions for years.",DEPT. OF PUBLIC HEALTH,Alleged violation not found,2026-03-04,41.90716939799408,-87.64833138907878,"{'type': 'Point', 'coordinates': [-87.648331389079, 41.907169397994]}",2026-03-03,Tuesday,3,Near North Side 1,541.7,River North,RIVER NORTH
601802235,Air Pollution Work Order,1424 N HALSTED ST,1424,N,HALSTED,ST,10937.0,2026-03-03,"British International School Chicago, Lincoln Park parents + staff smells the burning/chemical emissions for years.",DEPT. OF PUBLIC HEALTH,Alleged violation not found,2026-03-04,41.90716939799408,-87.64833138907878,"{'type': 'Point', 'coordinates': [-87.648331389079, 41.907169397994]}",2026-03-03,Tuesday,3,Near North Side 1,541.7,River North,RIVER NORTH
601802947,Air Pollution Work Order,22 E CHICAGO AVE,22,E,CHICAGO,AVE,417337.0,2026-03-04,,DEPT. OF PUBLIC HEALTH,Resolved,2026-03-05,41.89679861905508,-87.62726628946932,"{'type': 'Point', 'coordinates': [-87.627266289469, 41.896798619055]}",2026-03-04,Wednesday,3,Near North Side 3,761.8,Rush & Division,RUSH & DIVISION
601802362,Air Pollution Work Order,8300 S ELIZABETH ST,8300,S,ELIZABETH,ST,437489.0,2026-03-04,THE SMELL OF NATRUAL GAS IN THE AIR AND VERYSTRONG.,DEPT. OF PUBLIC HEALTH,Resolved,2026-03-04,41.7431023686645,-87.65489940077077,"{'type': 'Point', 'coordinates': [-87.654899400771, 41.743102368665]}",2026-03-04,Wednesday,3,Auburn Gresham 4,448.9,Auburn Gresham,AUBURN GRESHAM
601802917,Air Pollution Work Order,2941 N LOCKWOOD AVE,2941,N,LOCKWOOD,AVE,437489.0,2026-03-04,,DEPT. OF PUBLIC HEALTH,Alleged violation not found,2026-03-05,41.934448596656665,-87.75882665534513,"{'type': 'Point', 'coordinates': [-87.758826655345, 41.934448596657]}",2026-03-04,Wednesday,3,Belmont Cragin 2,371.0,Belmont Cragin,"BELMONT CRAGIN,HERMOSA"
601803134,Air Pollution Work Order,4958 S PULASKI RD,4958,S,PULASKI,RD,437489.0,2026-03-05,Caller says that he smells a burning electrical smell in the neighborhood. Caller is unsure where the smell is coming from.,DEPT. OF PUBLIC HEALTH,Alleged violation not found,2026-03-06,41.802409323238734,-87.72357398307932,"{'type': 'Point', 'coordinates': [-87.723573983079, 41.802409323239]}",2026-03-05,Thursday,3,Archer Heights 3,238.1,Archer Heights,"ARCHER HEIGHTS,WEST ELSDON"
601803156,Air Pollution Work Order,4955 S HALSTED ST,4955,S,HALSTED,ST,129151.0,2026-03-05,Trucking company on east side of street is burning materials. Emitting chemical and burning smell into home.,DEPT. OF PUBLIC HEALTH,Alleged violation not found,2026-03-06,41.80357731631648,-87.6452519588983,"{'type': 'Point', 'coordinates': [-87.645251958898, 41.803577316316]}",2026-03-05,Thursday,3,New City 4,648.7,New City,BACK OF THE YARDS
601802888,Air Pollution Work Order,4210 W VAN BUREN ST,4210,W,VAN BUREN,ST,249349.0,2026-03-05,,DEPT. OF PUBLIC HEALTH,Alleged violation not found,2026-03-05,41.87530942681926,-87.73089124982863,"{'type': 'Point', 'coordinates': [-87.730891249829, 41.875309426819]}",2026-03-05,Thursday,3,West Garfield Park 1,560.9,Garfield Park,GARFIELD PARK
601802882,Air Pollution Work Order,10258 S WOODLAWN AVE,10258,S,WOODLAWN,AVE,443615.0,2026-03-05,Roof replacement with toxic chemicals and fumes invading work spaces. Employees are forces to work in unsafe andhealth air hazardous conditions,DEPT. OF PUBLIC HEALTH,Resolved,2026-03-05,41.70767826237203,-87.59431872183056,"{'type': 'Point', 'coordinates': [-87.594318721831, 41.707678262372]}",2026-03-05,Thursday,3,Pullman 2,1023.0,Pullman,PULLMAN
601803121,Air Pollution Work Order,9504 S HAMILTON AVE,9504,S,HAMILTON,AVE,417337.0,2026-03-05,Per caller- Beverly area has a strong smell in the air. Unsure of the point of origin.,DEPT. OF PUBLIC HEALTH,Alleged violation not found,2026-03-06,41.72082119546245,-87.67614565711871,"{'type': 'Point', 'coordinates': [-87.676145657119, 41.720821195462]}",2026-03-05,Thursday,3,Beverly 2,239.6,Beverly,BEVERLY
601803281,Air Pollution Work Order,3147 W HOWARD ST,3147,W,HOWARD,ST,451826.0,2026-03-05,SEWAGE SMELL KEDZIE AND HOWARD AND PRATT,DEPT. OF PUBLIC HEALTH,Refer to other Depts,2026-03-06,42.01903937249538,-87.70848217948209,"{'type': 'Point', 'coordinates': [-87.708482179482, 42.019039372495]}",2026-03-05,Thursday,3,West Ridge 1,270.9,West Ridge,WEST RIDGE
601803122,Air Pollution Work Order,5729 S NATCHEZ AVE,5729,S,NATCHEZ,AVE,443615.0,2026-03-05,,DEPT. OF PUBLIC HEALTH,Resolved,2026-03-06,41.78775097133179,-87.78393560447844,"{'type': 'Point', 'coordinates': [-87.783935604478, 41.787750971332]}",2026-03-05,Thursday,3,Garfield Ridge 3,177.6,Garfield Ridge,MIDWAY AIRPORT
601803177,Air Pollution Work Order,4610 W VAN BUREN ST,4610,W,VAN BUREN,ST,249349.0,2026-03-05,,DEPT. OF PUBLIC HEALTH,Alleged violation not found,2026-03-06,41.875189221370725,-87.74044514363666,"{'type': 'Point', 'coordinates': [-87.740445143637, 41.875189221371]}",2026-03-05,Thursday,3,West Garfield Park 1,492.6,Austin,AUSTIN
601804242,Air Pollution Work Order,10833 S RIDGEWAY AVE,10833,S,RIDGEWAY,AVE,417337.0,2026-03-06,Strong smell of sulfur or gun powderEvenings especially on 3-4-26,DEPT. OF PUBLIC HEALTH,Alleged violation not found,2026-03-06,41.69584413730973,-87.7142591067323,"{'type': 'Point', 'coordinates': [-87.714259106732, 41.69584413731]}",2026-03-06,Friday,3,Mount Greenwood 2,478.9,Mount Greenwood,"MOUNT GREENWOOD,MORGAN PARK"
601804137,Air Pollution Work Order,2440 W WILSON AVE,2440,W,WILSON,AVE,437489.0,2026-03-06,,DEPT. OF PUBLIC HEALTH,Alleged violation not found,2026-03-09,41.96495269328571,-87.69046794133237,"{'type': 'Point', 'coordinates': [-87.690467941332, 41.964952693286]}",2026-03-06,Friday,3,Lincoln Square 2,293.7,Lincoln Square,LINCOLN SQUARE
601803899,Air Pollution Work Order,4727 N MALDEN ST,4727,N,MALDEN,ST,451826.0,2026-03-06,,DEPT. OF PUBLIC HEALTH,Alleged violation not found,2026-03-09,41.96799271299604,-87.66263240871102,"{'type': 'Point', 'coordinates': [-87.662632408711, 41.967992712996]}",2026-03-06,Friday,3,Uptown 3,959.3,Uptown,UPTOWN
601803293,Air Pollution Work Order,1224 W LUNT AVE,1224,W,LUNT,AVE,431068.0,2026-03-06,My neighbor is fixing up an old car and lets it run excessively where the whole alley fills up with the smell of gas,DEPT. OF PUBLIC HEALTH,Alleged violation not found,2026-03-06,42.009281231177,-87.66284946898648,"{'type': 'Point', 'coordinates': [-87.662849468986, 42.009281231177]}",2026-03-06,Friday,3,Rogers Park 2,1042.2,Rogers Park,ROGERS PARK
601803178,Air Pollution Work Order,4225 W 47TH ST,4225,W,47TH,ST,84397.0,2026-03-06,,DEPT. OF PUBLIC HEALTH,Alleged violation not found,2026-03-06,41.80768469489128,-87.72964242714635,"{'type': 'Point', 'coordinates': [-87.729642427146, 41.807684694891]}",2026-03-06,Friday,3,Archer Heights 4,842.3,Archer Heights,"ARCHER HEIGHTS,WEST ELSDON"
601804173,Air Pollution Work Order,10334 S WOOD ST,10334,S,WOOD,ST,417337.0,2026-03-06,"Chemical or plastic burning type smell. This has been going on and off for the past year. It can back yesterday and is still here this morning.On and off for over a year, yesterday it came back and is still here this morning",DEPT. OF PUBLIC HEALTH,Alleged violation not found,2026-03-06,41.70564600623309,-87.6672257792701,"{'type': 'Point', 'coordinates': [-87.66722577927, 41.705646006233]}",2026-03-06,Friday,3,Beverly 4,616.0,Beverly,BEVERLY
601803316,Air Pollution Work Order,9721 S WINCHESTER AVE,9721,S,WINCHESTER,AVE,417337.0,2026-03-06,"Strong chemical and/or burning smell Problem Description: At least once a week, typically in the evening, there is a strong chemical odor in the air. It is often accompanied by moisture. I have noticed that my children have runny noses, cough, and teary eyes on evenings that the smell persists.Problem Timetable: At least once a week, typically in the evening, there is a strong chemical odor in the air. It is often accompanied by moisture.",DEPT. OF PUBLIC HEALTH,Alleged violation not found,2026-03-06,41.71681386258543,-87.67048620439199,"{'type': 'Point', 'coordinates': [-87.670486204392, 41.716813862585]}",2026-03-06,Friday,3,Beverly 2,414.1,Beverly,BEVERLY
601803894,Air Pollution Work Order,6700 S SOUTH SHORE DR,6700,S,SOUTH SHORE,DR,10937.0,2026-03-08,Lakeshore,DEPT. OF PUBLIC HEALTH,Alleged violation not found,2026-03-09,41.77343856600946,-87.56689930583318,"{'type': 'Point', 'coordinates': [-87.566899305833, 41.773438566009]}",2026-03-08,Sunday,3,South Shore 2,1071.0,South Shore,"SOUTH SHORE, GRAND CROSSING"
601804087,Air Pollution Work Order,3433 W SCHOOL ST,3433,W,SCHOOL,ST,443615.0,2026-03-08,Constant burning of wood that is being removed from the house under construction at 3433 w school st. They have created an open fire pit in the back yard to burn wood at all hours of the day. Even with children &amp; animals preset in neighboring houses.,DEPT. OF PUBLIC HEALTH,Resolved,2026-03-09,41.94097358443393,-87.71392676930559,"{'type': 'Point', 'coordinates': [-87.713926769306, 41.940973584434]}",2026-03-08,Sunday,3,Avondale 1,373.8,Avondale,"IRVING PARK,AVONDALE"
601804106,Air Pollution Work Order,2701 E 100TH ST,2701,E,100TH,ST,84397.0,2026-03-08,,DEPT. OF PUBLIC HEALTH,Alleged violation not found,2026-03-09,41.71324291275156,-87.55803846897774,"{'type': 'Point', 'coordinates': [-87.558038468978, 41.713242912752]}",2026-03-08,Sunday,3,South Deering 2,442.3,South Deering,SOUTHEAST SIDE
601804084,Air Pollution Work Order,3843 W SCHOOL ST,3843,W,SCHOOL,ST,443615.0,2026-03-08,,DEPT. OF PUBLIC HEALTH,Alleged violation unfounded,2026-03-09,41.94084611349516,-87.72410161509609,"{'type': 'Point', 'coordinates': [-87.724101615096, 41.940846113495]}",2026-03-08,Sunday,3,Avondale 1,472.3,Avondale,"IRVING PARK,AVONDALE"
601804077,Air Pollution Work Order,4533 N GREENVIEW AVE,4533,N,GREENVIEW,AVE,451826.0,2026-03-09,Can't quite describe smell but it smells like sulfur. Happened a few times in the past few weeks,DEPT. OF PUBLIC HEALTH,Alleged violation not found,2026-03-09,41.964430794053165,-87.6676333012995,"{'type': 'Point', 'coordinates': [-87.667633301299, 41.964430794053]}",2026-03-09,Monday,3,Uptown 4,438.4,Uptown,UPTOWN
601804102,Air Pollution Work Order,2701 E 100TH ST,2701,E,100TH,ST,84397.0,2026-03-09,Rotten Egg Smell,DEPT. OF PUBLIC HEALTH,Alleged violation unfounded,2026-03-09,41.71324291275156,-87.55803846897774,"{'type': 'Point', 'coordinates': [-87.558038468978, 41.713242912752]}",2026-03-09,Monday,3,South Deering 2,442.3,South Deering,SOUTHEAST SIDE
601804396,Air Pollution Work Order,6644 N RICHMOND ST,6644,N,RICHMOND,ST,451826.0,2026-03-09,,DEPT. OF PUBLIC HEALTH,Alleged violation not found,2026-03-11,42.002471259218936,-87.70355777252759,"{'type': 'Point', 'coordinates': [-87.703557772528, 42.002471259219]}",2026-03-09,Monday,3,West Ridge 6,363.9,West Ridge,WEST RIDGE
601804405,Air Pollution Work Order,6558 N MAPLEWOOD AVE,6558,N,MAPLEWOOD,AVE,451826.0,2026-03-09,Our entire neighborhood smells like sewer gas! The boundaries are Touhy/Kedzie/Western/Devon.This is unacceptable. It is a public health issue. It doesn't smell in other areas so it must be able to be remediated.,DEPT. OF PUBLIC HEALTH,Alleged violation not found,2026-03-11,42.00120953794948,-87.6937822876875,"{'type': 'Point', 'coordinates': [-87.693782287687, 42.001209537949]}",2026-03-09,Monday,3,West Ridge 3,340.4,West Ridge,WEST RIDGE
601804447,Air Pollution Work Order,6758 N MAPLEWOOD AVE,6758,N,MAPLEWOOD,AVE,451826.0,2026-03-10,"sewage smell inside and outside the home, neighbors have noticed too",DEPT. OF PUBLIC HEALTH,Alleged violation not found,2026-03-11,42.00488102065989,-87.69387025446652,"{'type': 'Point', 'coordinates': [-87.693870254467, 42.00488102066]}",2026-03-10,Tuesday,3,West Ridge 3,364.8,West Ridge,WEST RIDGE
601804429,Air Pollution Work Order,1801 N CENTRAL PARK AVE,1801,N,CENTRAL PARK,AVE,10937.0,2026-03-10,Orlandi StatuaryThis business frequently emits strong fumes directly onto the Bloomingdale Trail,DEPT. OF PUBLIC HEALTH,Complaint Valid,2026-03-10,41.91371539035949,-87.71651374283202,"{'type': 'Point', 'coordinates': [-87.716513742832, 41.913715390359]}",2026-03-10,Tuesday,3,Logan Square 4,331.5,Logan Square,LOGAN SQUARE
601804418,Air Pollution Work Order,2958 W EASTWOOD AVE,2958,W,EASTWOOD,AVE,437489.0,2026-03-10,"Throughout the neighborhood, there are pockets of a bad chemical odor. It reminds me of the smell by the water plant on Lawrence and the river.",DEPT. OF PUBLIC HEALTH,Complaint Valid,2026-03-10,41.9657338933558,-87.70337303035731,"{'type': 'Point', 'coordinates': [-87.703373030357, 41.965733893356]}",2026-03-10,Tuesday,3,Albany Park 2,569.3,Albany Park,"NORTH PARK,ALBANY PARK"
601805205,Air Pollution Work Order,5114 N LINCOLN AVE,5114,N,LINCOLN,AVE,249349.0,2026-03-10,Dancen Korean Restaurant: This place apparently has open flame cooking but the odor and level of smoke is very unpleasant and unhealthy for allsurrounding residential buildings.,DEPT. OF PUBLIC HEALTH,Alleged violation not found,2026-03-13,41.97452873707269,-87.69233925845519,"{'type': 'Point', 'coordinates': [-87.692339258455, 41.974528737073]}",2026-03-10,Tuesday,3,Lincoln Square 1,225.3,Lincoln Square,LINCOLN SQUARE
601805403,Air Pollution Work Order,10715 S AVENUE O,10715,S,AVENUE O,,13776.0,2026-03-10,Rotten Egg Smell&nbsp;odor is coming from outside,DEPT. OF PUBLIC HEALTH,Alleged violation not found,2026-03-11,41.70046116300564,-87.53994142351257,"{'type': 'Point', 'coordinates': [-87.539941423513, 41.700461163006]}",2026-03-10,Tuesday,3,East Side 3,310.9,East Side,SOUTHEAST SIDE
601805404,Air Pollution Work Order,3434 W HENDERSON ST,3434,W,HENDERSON,ST,417337.0,2026-03-10,Walking past the abandoned warehouse it smells like raw sewage is coming out of somewhere,DEPT. OF PUBLIC HEALTH,Alleged violation not found,2026-03-11,41.94234252002921,-87.7139339508543,"{'type': 'Point', 'coordinates': [-87.713933950854, 41.942342520029]}",2026-03-10,Tuesday,3,Avondale 1,389.0,Avondale,"IRVING PARK,AVONDALE"
601805381,Air Pollution Work Order,3246 N ANCHOR DR,3246,N,ANCHOR,DR,417337.0,2026-03-10,,DEPT. OF PUBLIC HEALTH,Alleged violation not found,2026-03-11,41.94080643437809,-87.69656320628748,"{'type': 'Point', 'coordinates': [-87.696563206287, 41.940806434378]}",2026-03-10,Tuesday,3,Avondale 2,739.1,Avondale,"IRVING PARK,AVONDALE"
601805388,Air Pollution Work Order,1628 S WASHTENAW AVE,1628,S,WASHTENAW,AVE,431068.0,2026-03-10,&nbsp;The neighborhood smells like sewerage.,DEPT. OF PUBLIC HEALTH,Alleged violation not found,2026-03-11,41.85844763685733,-87.69334981393352,"{'type': 'Point', 'coordinates': [-87.693349813934, 41.858447636857]}",2026-03-10,Tuesday,3,Lower West Side 1,863.4,North Lawndale,NORTH LAWNDALE
601805227,Air Pollution Work Order,4801 N SACRAMENTO AVE,4801,N,SACRAMENTO,AVE,443615.0,2026-03-10,The whole mile wide area around the pumping station reeks of noxious sewer odor. Its putrid,DEPT. OF PUBLIC HEALTH,Resolved,2026-03-11,41.96857426139094,-87.70348586848235,"{'type': 'Point', 'coordinates': [-87.703485868482, 41.968574261391]}",2026-03-10,Tuesday,3,Albany Park 2,807.2,Albany Park,"NORTH PARK,ALBANY PARK"
601805312,Air Pollution Work Order,4325 W OGDEN AVE,4325,W,OGDEN,AVE,10937.0,2026-03-11,OGDEN FOODS&nbsp;,DEPT. OF PUBLIC HEALTH,Resolved,2026-03-12,41.84835576754522,-87.7321284739601,"{'type': 'Point', 'coordinates': [-87.73212847396, 41.848355767545]}",2026-03-11,Wednesday,3,North Lawndale 5,610.0,North Lawndale,NORTH LAWNDALE
601806255,Air Pollution Work Order,2701 E 100TH ST,2701,E,100TH,ST,84397.0,2026-03-12,Rotten Egg Smell,DEPT. OF PUBLIC HEALTH,Alleged violation unfounded,2026-03-13,41.71324291275156,-87.55803846897774,"{'type': 'Point', 'coordinates': [-87.558038468978, 41.713242912752]}",2026-03-12,Thursday,3,South Deering 2,442.3,South Deering,SOUTHEAST SIDE
601806260,Air Pollution Work Order,6550 N MAPLEWOOD AVE,6550,N,MAPLEWOOD,AVE,451826.0,2026-03-12,There has been a terrible odor from the Kedzie area all the way to our block. It seems to be from either the river or thewater treatment plant at Howard and McCormick but parts of our neighborhood smell horrific depending on the weather and the wind,DEPT. OF PUBLIC HEALTH,Alleged violation not found,2026-03-13,42.00098428550707,-87.69377657437651,"{'type': 'Point', 'coordinates': [-87.693776574377, 42.000984285507]}",2026-03-12,Thursday,3,West Ridge 3,354.5,West Ridge,WEST RIDGE
601806257,Air Pollution Work Order,1315 W 18TH ST,1315,W,18TH,ST,249349.0,2026-03-12,"Pollo expressHeavy smoke from burning charcoal/wood ovens blows directly into windows, very heavy thick smoke, trouble breathing",DEPT. OF PUBLIC HEALTH,Alleged violation founded,2026-03-13,41.85779264915341,-87.6596342606081,"{'type': 'Point', 'coordinates': [-87.659634260608, 41.857792649153]}",2026-03-12,Thursday,3,Lower West Side 3,790.7,Lower West Side,LOWER WEST SIDE
601806254,Air Pollution Work Order,2849 N NATCHEZ AVE,2849,N,NATCHEZ,AVE,3308.0,2026-03-13,CALLER REPORTS THAT HIS NEIGHBOR IS A LANDSCAPER AND THE SMELL OF FERTILIZER COULD BECOMING FROM THE EQUIPMENT STORED INSIDE OF HIS GARAGE AT 2847 N NATCHEZ,DEPT. OF PUBLIC HEALTH,Resolved,2026-03-13,41.932422803867055,-87.7880335675692,"{'type': 'Point', 'coordinates': [-87.788033567569, 41.932422803867]}",2026-03-13,Friday,3,Belmont Cragin 1,709.7,Belmont Cragin,"BELMONT CRAGIN,HERMOSA"
601806834,Air Pollution Work Order,1438 N BOSWORTH AVE,1438,N,BOSWORTH,AVE,417337.0,2026-03-13,APPL VICTOR DRAPSZO (773)772-2756 OTHER EMERGENCY CONTACT ROMANHANYUK (312)636-9246 OTHER OWNER 1438 BOSWORTH PROPERTIES LLC(773)895-3883,DEPT. OF PUBLIC HEALTH,Resolved,2026-03-16,41.90817143628417,-87.66654981208819,"{'type': 'Point', 'coordinates': [-87.666549812088, 41.908171436284]}",2026-03-13,Friday,3,West Town 2,515.6,West Town,"WICKER PARK,WEST TOWN"
601806830,Air Pollution Work Order,1635 S CENTRAL PARK AVE,1635,S,CENTRAL PARK,AVE,451826.0,2026-03-14,"Daily strong odor in the air that enters my home, especially mornings and evenings. Smells like food or meat production.Please investigate.i do not know the name of the business. I live at the address listed above. Every day there is a strong,unpleasant odor in the air that enters my home, especially mornings and evenings. Right now (9:15PM Saturday) the",DEPT. OF PUBLIC HEALTH,Alleged violation not found,2026-03-16,41.858006607597446,-87.71503509965858,"{'type': 'Point', 'coordinates': [-87.715035099659, 41.858006607597]}",2026-03-14,Saturday,3,North Lawndale 4,614.3,North Lawndale,NORTH LAWNDALE
601806821,Air Pollution Work Order,6127 N SHERIDAN RD,6127,N,SHERIDAN,RD,431068.0,2026-03-14,"Construction like crew blowing and dropping debris from rooftop into neighboring public park, garden, and into the lake",DEPT. OF PUBLIC HEALTH,Complaint Valid,2026-03-16,41.99316324831019,-87.65533574757538,"{'type': 'Point', 'coordinates': [-87.655335747575, 41.99316324831]}",2026-03-14,Saturday,3,Edgewater 2,806.3,Edgewater,EDGEWATER
601806823,Air Pollution Work Order,4859 N BERNARD ST,4859,N,BERNARD,ST,417337.0,2026-03-14,,DEPT. OF PUBLIC HEALTH,Resolved,2026-03-16,41.97012164428071,-87.71448794465695,"{'type': 'Point', 'coordinates': [-87.714487944657, 41.970121644281]}",2026-03-14,Saturday,3,North Park 2,842.6,Albany Park,"NORTH PARK,ALBANY PARK"
601806815,Air Pollution Work Order,10558 S TORRENCE AVE,10558,S,TORRENCE,AVE,10937.0,2026-03-15,,DEPT. OF PUBLIC HEALTH,Alleged violation not found,2026-03-16,41.70286624017627,-87.55975056538033,"{'type': 'Point', 'coordinates': [-87.55975056538, 41.702866240176]}",2026-03-15,Sunday,3,South Deering 3,572.9,South Deering,SOUTHEAST SIDE
601807044,Air Pollution Work Order,4900 N BERNARD ST,4900,N,BERNARD,ST,431068.0,2026-03-16,"Ambassador staff and residents smoke excessively creating a smoke cloud in the neighborhood around houses nearby and for pedestrians walking.Additionally, they leave 100s of cigarette butts and medical waste all over the ground outside the building, including on sidewalks and parkways",DEPT. OF PUBLIC HEALTH,Alleged violation not found,2026-03-16,41.97028669776743,-87.71478624955334,"{'type': 'Point', 'coordinates': [-87.714786249553, 41.970286697767]}",2026-03-16,Monday,3,North Park 2,843.7,Albany Park,"NORTH PARK,ALBANY PARK"
601807936,Air Pollution Work Order,1522 W BRYN MAWR AVE,1522,W,BRYN MAWR,AVE,3308.0,2026-03-17,"truck idling very loudly at 6:30am. much truck noise at this intersection in the residential alleys. neighbors have reportedtrucks idling and unloading at 6am at this intersection,&nbsp;some type of wholesale food company",DEPT. OF PUBLIC HEALTH,Alleged violation not found,2026-03-18,41.98360256007623,-87.66845443997603,"{'type': 'Point', 'coordinates': [-87.668454439976, 41.983602560076]}",2026-03-17,Tuesday,3,Edgewater 1,708.8,Edgewater,EDGEWATER
601807931,Air Pollution Work Order,2701 E 100TH ST,2701,E,100TH,ST,443615.0,2026-03-17,Per caller this is reoccurring odor throughout the neighborhood,DEPT. OF PUBLIC HEALTH,Complaint Valid,2026-03-18,41.71324291275156,-87.55803846897774,"{'type': 'Point', 'coordinates': [-87.558038468978, 41.713242912752]}",2026-03-17,Tuesday,3,South Deering 2,442.3,South Deering,SOUTHEAST SIDE
601808372,Air Pollution Work Order,661 N LA SALLE DR,661,N,LA SALLE,DR,249349.0,2026-03-18,"They are cooking meat from 10 AM till mid-night no proper smoke filter, living across the street, having strong breathingissues, cannot open the windows for fresh air. All my clothes, furniture smell burnt meat. Air purifier cannot clean much.&nbsp;",DEPT. OF PUBLIC HEALTH,Alleged violation not found,2026-03-19,41.8941247035236,-87.63251632012691,"{'type': 'Point', 'coordinates': [-87.632516320127, 41.894124703524]}",2026-03-18,Wednesday,3,Near North Side 4,345.7,River North,RIVER NORTH
601808341,Air Pollution Work Order,8101 S ARTESIAN AVE,8101,S,ARTESIAN,AVE,84397.0,2026-03-18,tenant is is spray painting vehicle in his garage and fumes are effecting caller who has asthma,DEPT. OF PUBLIC HEALTH,Alleged violation not found,2026-03-19,41.74635956500805,-87.68389193647326,"{'type': 'Point', 'coordinates': [-87.683891936473, 41.746359565008]}",2026-03-18,Wednesday,3,Ashburn 4,684.5,Ashburn,ASHBURN
601808373,Air Pollution Work Order,8153 S PAULINA ST,8153,S,PAULINA,ST,10937.0,2026-03-18,"Caller states there is a smell outside, that is burning her eyes and throat. States its coming from the rear of building",DEPT. OF PUBLIC HEALTH,Complaint Valid,2026-03-19,41.745125755808736,-87.66558897802301,"{'type': 'Point', 'coordinates': [-87.665588978023, 41.745125755809]}",2026-03-18,Wednesday,3,Auburn Gresham 5,772.1,Auburn Gresham,AUBURN GRESHAM
601808346,Air Pollution Work Order,4414 W CORTEZ ST,4414,W,CORTEZ,ST,417337.0,2026-03-19,"caller says odor is of ""burning tires""&nbsp;",DEPT. OF PUBLIC HEALTH,Alleged violation not found,2026-03-19,41.89987904344828,-87.73672863379096,"{'type': 'Point', 'coordinates': [-87.736728633791, 41.899879043448]}",2026-03-19,Thursday,3,Humboldt Park 1,424.6,Humboldt Park,HUMBOLDT PARK
601809096,Air Pollution Work Order,2432 W BARRY AVE,2432,W,BARRY,AVE,431068.0,2026-03-19,"Industrial crushing and heavy equipment processing has been re-occurring at 2432 W Barry Ave in Chicago, Illinois during and outside of allowing operating hours. The activity involves crushing of heavy machinery and other industrial equipment generating significant noise, vibration, and airborne particulate dust in a residential community with children, disables. and elders.This location is operating as a contractor yard, however the activity observed appears to exceed normal equipment storage or repair and resembles industrial material crushing or demolition processing of heavy machinery which typically contains chemical and other flammable fluids.&nbsp;The crushing activity generates loud continuous noise and vibrations dust emissions affecting the surrounds residential neighborhood. The activity appears to be occurring without visible dust control measures and may constitute an unpermitted pollution source.&nbsp;",DEPT. OF PUBLIC HEALTH,Resolved,2026-03-19,41.93774273875636,-87.68919534646047,"{'type': 'Point', 'coordinates': [-87.68919534646, 41.937742738756]}",2026-03-19,Thursday,3,Avondale 2,289.8,North Center,NORTH CENTER
601808369,Air Pollution Work Order,2701 E 100TH ST,2701,E,100TH,ST,443615.0,2026-03-19,Rotten Egg Smell&nbsp;,DEPT. OF PUBLIC HEALTH,Complaint Valid,2026-03-20,41.71324291275156,-87.55803846897774,"{'type': 'Point', 'coordinates': [-87.558038468978, 41.713242912752]}",2026-03-19,Thursday,3,South Deering 2,442.3,South Deering,SOUTHEAST SIDE
601808825,Air Pollution Work Order,10334 S WOOD ST,10334,S,WOOD,ST,249349.0,2026-03-19,I have reported this smell earlier this year but for over a year especially on mild weather days it has been smelling like a burned plastic or chemical smell. I also occasionally smell it where I work in the Scottdale,DEPT. OF PUBLIC HEALTH,Alleged violation unfounded,2026-03-23,41.70564600623309,-87.6672257792701,"{'type': 'Point', 'coordinates': [-87.66722577927, 41.705646006233]}",2026-03-19,Thursday,3,Beverly 4,616.0,Beverly,BEVERLY
601808829,Air Pollution Work Order,9751 S DAMEN AVE,9751,S,DAMEN,AVE,249349.0,2026-03-19,Strong chemical smell burning mouth and throat,DEPT. OF PUBLIC HEALTH,Alleged violation not found,2026-03-23,41.715944200770366,-87.67206563857732,"{'type': 'Point', 'coordinates': [-87.672065638577, 41.71594420077]}",2026-03-19,Thursday,3,Beverly 2,400.8,Beverly,BEVERLY
601808837,Air Pollution Work Order,3120 S KOSTNER AVE,3120,S,KOSTNER,AVE,443615.0,2026-03-20,"Primarily from all of the trucks. Also manufacturing/processing. The air is constantly thick and heavy around the school, often smelling bad. Outdoor smells from neighboring factories and the train yard. garbage and litter. Mauser. bway corporation. little village truck service. david architectural metals",DEPT. OF PUBLIC HEALTH,Alleged violation not found,2026-03-20,41.836019534753326,-87.73419465301697,"{'type': 'Point', 'coordinates': [-87.734194653017, 41.836019534753]}",2026-03-20,Friday,3,South Lawndale 6,563.8,Little Village,LITTLE VILLAGE
601809474,Air Pollution Work Order,4526 W AUGUSTA BLVD,4526,W,AUGUSTA,BLVD,417337.0,2026-03-20,"When my coworkers and I arrive or leave work at 1010 N. Kolmar, we are overwhelmed by a sickening smell that triggers nausea and migraines (smells like strong spray paint) coming from just south of our parking lot, which is on the east side of Kolmar.",DEPT. OF PUBLIC HEALTH,Alleged violation not found,2026-03-23,41.8989113995902,-87.7395816444033,"{'type': 'Point', 'coordinates': [-87.739581644403, 41.89891139959]}",2026-03-20,Friday,3,Humboldt Park 1,605.6,Humboldt Park,HUMBOLDT PARK
601809480,Air Pollution Work Order,10426 S TORRENCE AVE,10426,S,TORRENCE,AVE,13776.0,2026-03-20,,DEPT. OF PUBLIC HEALTH,Alleged violation not found,2026-03-23,41.705574705706006,-87.5597872471096,"{'type': 'Point', 'coordinates': [-87.55978724711, 41.705574705706]}",2026-03-20,Friday,3,South Deering 3,654.7,South Deering,SOUTHEAST SIDE
601809364,Air Pollution Work Order,1801 N CENTRAL PARK AVE,1801,N,CENTRAL PARK,AVE,417337.0,2026-03-20,More and more there's been chemical exhaust pumped to the 606 trail.,DEPT. OF PUBLIC HEALTH,Alleged violation unfounded,2026-03-23,41.91371539035949,-87.71651374283202,"{'type': 'Point', 'coordinates': [-87.716513742832, 41.913715390359]}",2026-03-20,Friday,3,Logan Square 4,331.5,Logan Square,LOGAN SQUARE
601809367,Air Pollution Work Order,1322 W ADDISON ST,1322,W,ADDISON,ST,443615.0,2026-03-21,Smell of natural gas down Addison for a few blocks.,DEPT. OF PUBLIC HEALTH,Alleged violation not found,2026-03-23,41.94720177611026,-87.66258216821878,"{'type': 'Point', 'coordinates': [-87.662582168219, 41.94720177611]}",2026-03-21,Saturday,3,Lake View 2,724.6,Wrigleyville,WRIGLEYVILLE
601809431,Air Pollution Work Order,3703 W 64TH PL,3703,W,64TH,PL,249349.0,2026-03-21,,DEPT. OF PUBLIC HEALTH,Alleged violation not found,2026-03-23,41.77592088156125,-87.71553142452933,"{'type': 'Point', 'coordinates': [-87.715531424529, 41.775920881561]}",2026-03-21,Saturday,3,West Lawn 2,438.0,West Lawn,WEST LAWN
601809372,Air Pollution Work Order,1939 S KEELER AVE,1939,S,KEELER,AVE,8386.0,2026-03-21,Large fire burning in backyard that smells like chemicals down the block,DEPT. OF PUBLIC HEALTH,Alleged violation founded,2026-03-23,41.85461181616666,-87.72957270811206,"{'type': 'Point', 'coordinates': [-87.729572708112, 41.854611816167]}",2026-03-21,Saturday,3,North Lawndale 5,595.2,North Lawndale,NORTH LAWNDALE
601809988,Air Pollution Work Order,2020 W PETERSON AVE,2020,W,PETERSON,AVE,10937.0,2026-03-23,Tender Care Laundry,DEPT. OF PUBLIC HEALTH,Alleged violation not found,2026-03-24,41.990770838884856,-87.68070715826387,"{'type': 'Point', 'coordinates': [-87.680707158264, 41.990770838885]}",2026-03-23,Monday,3,Edgewater 1,714.3,West Ridge,WEST RIDGE
601810590,Air Pollution Work Order,9828 S ESCANABA AVE,9828,S,ESCANABA,AVE,13776.0,2026-03-23,Rotten Egg Smell&nbsp;,DEPT. OF PUBLIC HEALTH,Resolved,2026-03-25,41.71639992976058,-87.55389482430928,"{'type': 'Point', 'coordinates': [-87.553894824309, 41.716399929761]}",2026-03-23,Monday,3,South Deering 2,341.0,South Deering,SOUTHEAST SIDE
601809986,Air Pollution Work Order,2616 N MENARD AVE,2616,N,MENARD,AVE,437489.0,2026-03-23,"They took down a wooden playground they had in their front yard. For the past week, every day after 6PM, this family burns the wood from the playground they took down. The flames are huge and causes lots of smoke and burning odor. Fire pit is in front.",DEPT. OF PUBLIC HEALTH,Complaint Valid,2026-03-24,41.92809900681578,-87.77114466226979,"{'type': 'Point', 'coordinates': [-87.77114466227, 41.928099006816]}",2026-03-23,Monday,3,Belmont Cragin 2,1078.2,Belmont Cragin,"BELMONT CRAGIN,HERMOSA"
601810141,Air Pollution Work Order,5525 S EVERETT AVE,5525,S,EVERETT,AVE,249349.0,2026-03-24,"Horrible noxious smell on South side of Chicago, like tired burning. I'm having headaches and my cat is having asthma attacks. Wind is from the south today, so source is likely from Indiana.",DEPT. OF PUBLIC HEALTH,Alleged violation not found,2026-03-24,41.79448285770137,-87.58237410903972,"{'type': 'Point', 'coordinates': [-87.58237410904, 41.794482857701]}",2026-03-24,Tuesday,3,Hyde Park 2,571.4,Hyde Park,HYDE PARK
601810569,Air Pollution Work Order,2701 E 100TH ST,2701,E,100TH,ST,13776.0,2026-03-24,Rotten Egg Smell,DEPT. OF PUBLIC HEALTH,Complaint Valid,2026-03-25,41.71324291275156,-87.55803846897774,"{'type': 'Point', 'coordinates': [-87.558038468978, 41.713242912752]}",2026-03-24,Tuesday,3,South Deering 2,442.3,South Deering,SOUTHEAST SIDE
601811313,Air Pollution Work Order,2701 E 100TH ST,2701,E,100TH,ST,443615.0,2026-03-25,Food|Rotten Egg Smell,DEPT. OF PUBLIC HEALTH,Complaint Valid,2026-03-26,41.71324291275156,-87.55803846897774,"{'type': 'Point', 'coordinates': [-87.558038468978, 41.713242912752]}",2026-03-25,Wednesday,3,South Deering 2,442.3,South Deering,SOUTHEAST SIDE
601811273,Air Pollution Work Order,9700 S COMMERCIAL AVE,9700,S,COMMERCIAL,AVE,443615.0,2026-03-25,Per caller the area is a mix of industrial and residential,DEPT. OF PUBLIC HEALTH,Alleged violation not found,2026-03-26,41.71902418756446,-87.5511757397381,"{'type': 'Point', 'coordinates': [-87.551175739738, 41.719024187564]}",2026-03-25,Wednesday,3,South Deering 2,631.7,South Deering,SOUTHEAST SIDE
601811319,Air Pollution Work Order,2135 W CARROLL AVE,2135,W,CARROLL,AVE,417337.0,2026-03-25,Great Lakes surface hardeningThe business has and exposed pipe from metal sandblasting. There is a massive rust plume that is emanating from therooftop. My brand new car is covered in rust from parking near my work,DEPT. OF PUBLIC HEALTH,Alleged violation not found,2026-03-26,41.88750210261508,-87.68067148399705,"{'type': 'Point', 'coordinates': [-87.680671483997, 41.887502102615]}",2026-03-25,Wednesday,3,West Town 5,582.0,United Center,UNITED CENTER
601811305,Air Pollution Work Order,2701 E 100TH ST,2701,E,100TH,ST,443615.0,2026-03-25,PER CALLER SMELL OF ROTTEN FISH EMITTING FROM THE FACTORY FOR SEVERAL BLOCKS GOESBACK TO 98TH AND COMMERCIAL,DEPT. OF PUBLIC HEALTH,Complaint Valid,2026-03-26,41.71324291275156,-87.55803846897774,"{'type': 'Point', 'coordinates': [-87.558038468978, 41.713242912752]}",2026-03-25,Wednesday,3,South Deering 2,442.3,South Deering,SOUTHEAST SIDE
601811281,Air Pollution Work Order,2701 E 100TH ST,2701,E,100TH,ST,443615.0,2026-03-25,,DEPT. OF PUBLIC HEALTH,Complaint Valid,2026-03-26,41.71324291275156,-87.55803846897774,"{'type': 'Point', 'coordinates': [-87.558038468978, 41.713242912752]}",2026-03-25,Wednesday,3,South Deering 2,442.3,South Deering,SOUTHEAST SIDE
601811270,Air Pollution Work Order,9859 S MUSKEGON AVE,9859,S,MUSKEGON,AVE,443615.0,2026-03-25,Smell coming from 2701 East 100th street. Smell pushes thru sewer up in the air/processes,DEPT. OF PUBLIC HEALTH,Alleged violation not found,2026-03-26,41.71553714132895,-87.55496835776317,"{'type': 'Point', 'coordinates': [-87.554968357763, 41.715537141329]}",2026-03-25,Wednesday,3,South Deering 2,296.9,South Deering,SOUTHEAST SIDE
601811772,Air Pollution Work Order,2701 E 100TH ST,2701,E,100TH,ST,443615.0,2026-03-26,,DEPT. OF PUBLIC HEALTH,Complaint Valid,2026-03-27,41.71324291275156,-87.55803846897774,"{'type': 'Point', 'coordinates': [-87.558038468978, 41.713242912752]}",2026-03-26,Thursday,3,South Deering 2,442.3,South Deering,SOUTHEAST SIDE
601811796,Air Pollution Work Order,47 E ELM ST,47,E,ELM,ST,379542.0,2026-03-26,: John Singler (john.singler@cityofchicago.org) dealt with similar issues previously,DEPT. OF PUBLIC HEALTH,Resolved,2026-03-27,41.90310369861281,-87.62679817511798,"{'type': 'Point', 'coordinates': [-87.626798175118, 41.903103698613]}",2026-03-26,Thursday,3,Near North Side 2,990.1,Gold Coast,GOLD COAST
601811338,Air Pollution Work Order,12100 S STONY ISLAND AVE,12100,S,STONY ISLAND,AVE,129151.0,2026-03-26,Liquid environmental solutions or that fertilizer company,DEPT. OF PUBLIC HEALTH,Refer to Dept of Environment,2026-03-26,41.67538462666333,-87.57553071866162,"{'type': 'Point', 'coordinates': [-87.575530718662, 41.675384626663]}",2026-03-26,Thursday,3,South Deering 6,1033.9,South Deering,SOUTHEAST SIDE
601811268,Air Pollution Work Order,9965 S ESCANABA AVE,9965,S,ESCANABA,AVE,443615.0,2026-03-26,Rotten Egg Smell,DEPT. OF PUBLIC HEALTH,Alleged violation not found,2026-03-26,41.71353533947205,-87.55355789370799,"{'type': 'Point', 'coordinates': [-87.553557893708, 41.713535339472]}",2026-03-26,Thursday,3,South Deering 2,70.2,South Deering,SOUTHEAST SIDE
601811751,Air Pollution Work Order,2701 E 100TH ST,2701,E,100TH,ST,443615.0,2026-03-26,Smell at 10am pushes thru sewer .Heavy dead fish smell.And wind pushing the smell around,DEPT. OF PUBLIC HEALTH,Complaint Valid,2026-03-27,41.71324291275156,-87.55803846897774,"{'type': 'Point', 'coordinates': [-87.558038468978, 41.713242912752]}",2026-03-26,Thursday,3,South Deering 2,442.3,South Deering,SOUTHEAST SIDE
601811748,Air Pollution Work Order,3804 W NORTH AVE,3804,W,NORTH,AVE,3308.0,2026-03-26,,DEPT. OF PUBLIC HEALTH,Alleged violation not found,2026-03-27,41.91004568244127,-87.72172471343974,"{'type': 'Point', 'coordinates': [-87.72172471344, 41.910045682441]}",2026-03-26,Thursday,3,Logan Square 4,713.8,Humboldt Park,HUMBOLDT PARK
601813067,Air Pollution Work Order,2031 W SUMMERDALE AVE,2031,W,SUMMERDALE,AVE,417337.0,2026-03-27,"A masonry company was cutting conrete in the back patio without water, and then using a leaf blower to blow the concretedust away from his workspace. It created clouds of concrete dust that blew all over",DEPT. OF PUBLIC HEALTH,Resolved,2026-03-30,41.97863163335237,-87.6807442916928,"{'type': 'Point', 'coordinates': [-87.680744291693, 41.978631633352]}",2026-03-27,Friday,3,Uptown 1,794.2,Lincoln Square,LINCOLN SQUARE
601812571,Air Pollution Work Order,3746 S PARNELL AVE,3746,S,PARNELL,AVE,425726.0,2026-03-27,"The City's contractor is having a sewer main construction on the block from 37th St to 38th St on Parnell Ave. Dust goeseverywhere, causing health hazards to human and dogs.",DEPT. OF PUBLIC HEALTH,Resolved,2026-03-31,41.82578923207454,-87.64004284365,"{'type': 'Point', 'coordinates': [-87.64004284365, 41.825789232075]}",2026-03-27,Friday,3,Armour Square 3,527.8,Bridgeport,BRIDGEPORT
601813046,Air Pollution Work Order,3030 N BROADWAY,3030,N,BROADWAY,,443615.0,2026-03-27,,DEPT. OF PUBLIC HEALTH,Resolved,2026-03-31,41.93733843730944,-87.64445647150518,"{'type': 'Point', 'coordinates': [-87.644456471505, 41.937338437309]}",2026-03-27,Friday,3,Lake View 3,711.5,Lake View,LAKE VIEW
601812566,Air Pollution Work Order,4033 N ROCKWELL ST,4033,N,ROCKWELL,ST,417337.0,2026-03-27,,DEPT. OF PUBLIC HEALTH,Alleged violation founded,2026-03-30,41.95499893048668,-87.69310697984758,"{'type': 'Point', 'coordinates': [-87.693106979848, 41.954998930487]}",2026-03-27,Friday,3,North Center 1,735.6,North Center,NORTH CENTER
601812517,Air Pollution Work Order,10000 S TORRENCE AVE,10000,S,TORRENCE,AVE,437489.0,2026-03-27,,DEPT. OF PUBLIC HEALTH,Complaint Valid,2026-04-03,41.71337385747979,-87.55989468233284,"{'type': 'Point', 'coordinates': [-87.559894682333, 41.71337385748]}",2026-03-27,Friday,3,South Deering 2,595.8,South Deering,SOUTHEAST SIDE
601813064,Air Pollution Work Order,2701 E 100TH ST,2701,E,100TH,ST,437489.0,2026-03-27,Smells like fish and smells really bad. Resident can smell odor all the way down to 95th Street,DEPT. OF PUBLIC HEALTH,Complaint Valid,2026-04-03,41.71324291275156,-87.55803846897774,"{'type': 'Point', 'coordinates': [-87.558038468978, 41.713242912752]}",2026-03-27,Friday,3,South Deering 2,442.3,South Deering,SOUTHEAST SIDE
601813070,Air Pollution Work Order,1550 S BLUE ISLAND AVE,1550,S,BLUE ISLAND,AVE,249349.0,2026-03-27,"Locomotive trains frequently idle directly to the south of 1550 S Blue Island Avenue, exposing residents to toxic dieselfumes and noise pollution, for hours and sometimes days on end.",DEPT. OF PUBLIC HEALTH,Alleged violation not found,2026-04-01,41.86031018047444,-87.65924782181983,"{'type': 'Point', 'coordinates': [-87.65924782182, 41.860310180474]}",2026-03-27,Friday,3,Near West Side 5,853.1,"Little Italy, UIC","LITTLE ITALY, UIC"
601813075,Air Pollution Work Order,1530 S STATE ST,1530,S,STATE,ST,249349.0,2026-03-27,Canadian National locomotives frequently sit idling on track directly next to my residential building at1530 South State Street (St. Charles line). 5 locomotives sitting idle since 1030am cst 3/27/2026 over anhour now releasing diesel exhaust fumes,DEPT. OF PUBLIC HEALTH,Alleged violation not found,2026-04-01,41.861018239854175,-87.62741709999585,"{'type': 'Point', 'coordinates': [-87.627417099996, 41.861018239854]}",2026-03-27,Friday,3,Near West Side 4,799.0,Near South Side,NEAR SOUTH SIDE
601812518,Air Pollution Work Order,9819 S MUSKEGON AVE,9819,S,MUSKEGON,AVE,437489.0,2026-03-28,"Huge smell, you can't be outside.",DEPT. OF PUBLIC HEALTH,Complaint Valid,2026-04-03,41.71668320412582,-87.55498830394086,"{'type': 'Point', 'coordinates': [-87.554988303941, 41.716683204126]}",2026-03-28,Saturday,3,South Deering 2,404.8,South Deering,SOUTHEAST SIDE
601812568,Air Pollution Work Order,546 N DESPLAINES ST,546,N,DESPLAINES,ST,3308.0,2026-03-29,,DEPT. OF PUBLIC HEALTH,Alleged violation not found,2026-03-30,41.89219554838666,-87.64453319849657,"{'type': 'Point', 'coordinates': [-87.644533198497, 41.892195548387]}",2026-03-29,Sunday,3,Near North Side 4,702.8,West Town,"WICKER PARK,WEST TOWN"
601813157,Air Pollution Work Order,5917 W 64TH PL,5917,W,64TH,PL,249349.0,2026-03-30,Caller reported that she smells a chlorine smell coming from outside in her neighborhood. She says that the smell hasgotten into her home,DEPT. OF PUBLIC HEALTH,Alleged violation not found,2026-04-01,41.77506204352167,-87.76966934463853,"{'type': 'Point', 'coordinates': [-87.769669344639, 41.775062043522]}",2026-03-30,Monday,3,Clearing 2,303.6,Clearing,MIDWAY AIRPORT
601813058,Air Pollution Work Order,2922 E 96TH ST,2922,E,96TH,ST,437489.0,2026-03-30,We are Sacred Heart School in Vets Park and the smell today is just awful! This morning while greeting our students itwas pleasant then just after 8am the smell just washed over us and even into the building!,DEPT. OF PUBLIC HEALTH,Complaint Valid,2026-04-03,41.7210295580332,-87.55277247208237,"{'type': 'Point', 'coordinates': [-87.552772472082, 41.721029558033]}",2026-03-30,Monday,3,Calumet Heights 3,555.5,South Deering,SOUTHEAST SIDE
601813159,Air Pollution Work Order,6136 S MONITOR AVE,6136,S,MONITOR,AVE,249349.0,2026-03-30,SMELLS OF OLD YOGURT AND RANDOM SMELLS IN AREA,DEPT. OF PUBLIC HEALTH,Alleged violation not found,2026-04-01,41.78048486019746,-87.76807517770895,"{'type': 'Point', 'coordinates': [-87.768075177709, 41.780484860197]}",2026-03-30,Monday,3,Clearing 2,384.4,Clearing,MIDWAY AIRPORT
601813207,Air Pollution Work Order,9900 S TORRENCE AVE,9900,S,TORRENCE,AVE,437489.0,2026-03-30,9900 S Torrence Escanaba Indianapolis Bv,DEPT. OF PUBLIC HEALTH,Complaint Valid,2026-04-03,41.71530559876246,-87.55992036113129,"{'type': 'Point', 'coordinates': [-87.559920361131, 41.715305598762]}",2026-03-30,Monday,3,South Deering 2,632.0,South Deering,SOUTHEAST SIDE
601812521,Air Pollution Work Order,9524 S MUSKEGON AVE,9524,S,MUSKEGON,AVE,437489.0,2026-03-30,,DEPT. OF PUBLIC HEALTH,Complaint Valid,2026-04-03,41.7219445083441,-87.55535762114307,"{'type': 'Point', 'coordinates': [-87.555357621143, 41.721944508344]}",2026-03-30,Monday,3,Calumet Heights 3,509.4,South Deering,SOUTHEAST SIDE
601813050,Air Pollution Work Order,2922 E 96TH ST,2922,E,96TH,ST,437489.0,2026-03-30,"feet and garbage vomit smell, Sacred Heart School students and staff complaining about smell",DEPT. OF PUBLIC HEALTH,Complaint Valid,2026-04-03,41.7210295580332,-87.55277247208237,"{'type': 'Point', 'coordinates': [-87.552772472082, 41.721029558033]}",2026-03-30,Monday,3,Calumet Heights 3,555.5,South Deering,SOUTHEAST SIDE
601813154,Air Pollution Work Order,2700 E 100TH ST,2700,E,100TH,ST,437489.0,2026-03-30,My students are getting headaches from the terrible smell. Its a beautiful day and we can't have outdoor recess or open thewindows because the smell is horrendous,DEPT. OF PUBLIC HEALTH,Complaint Valid,2026-04-03,41.71346244482552,-87.55804031256568,"{'type': 'Point', 'coordinates': [-87.558040312566, 41.713462444826]}",2026-03-30,Monday,3,South Deering 2,441.7,South Deering,SOUTHEAST SIDE
601813152,Air Pollution Work Order,2701 E 100TH ST,2701,E,100TH,ST,437489.0,2026-03-30,,DEPT. OF PUBLIC HEALTH,Complaint Valid,2026-04-03,41.71324291275156,-87.55803846897774,"{'type': 'Point', 'coordinates': [-87.558038468978, 41.713242912752]}",2026-03-30,Monday,3,South Deering 2,442.3,South Deering,SOUTHEAST SIDE
601813187,Air Pollution Work Order,9851 S MUSKEGON AVE,9851,S,MUSKEGON,AVE,437489.0,2026-03-30,My daughter has asthma and I'm concerned about her health getting worse,DEPT. OF PUBLIC HEALTH,Complaint Valid,2026-04-03,41.71576638764152,-87.55497332521519,"{'type': 'Point', 'coordinates': [-87.554973325215, 41.715766387642]}",2026-03-30,Monday,3,South Deering 2,317.4,South Deering,SOUTHEAST SIDE
601813060,Air Pollution Work Order,2701 E 100TH ST,2701,E,100TH,ST,437489.0,2026-03-30,PER THE CALLER IT SMELLS LIKE A DEAD ANIMAL IN THE WHOLE SURROUNDING AREA OF THEFACTORY AND THE CALLER STATES HER CHILD IS ASTHMATIC,DEPT. OF PUBLIC HEALTH,Alleged violation founded,2026-03-31,41.71324291275156,-87.55803846897774,"{'type': 'Point', 'coordinates': [-87.558038468978, 41.713242912752]}",2026-03-30,Monday,3,South Deering 2,442.3,South Deering,SOUTHEAST SIDE
601813171,Air Pollution Work Order,9822 S EXCHANGE AVE,9822,S,EXCHANGE,AVE,437489.0,2026-03-30,The smell started 11:15am .Wind blowing smell towards the school(John L.Marsh E.S). Smell pushes up thru sewers,DEPT. OF PUBLIC HEALTH,Complaint Valid,2026-04-03,41.71657907873615,-87.5525199301892,"{'type': 'Point', 'coordinates': [-87.552519930189, 41.716579078736]}",2026-03-30,Monday,3,South Deering 2,347.0,South Deering,SOUTHEAST SIDE
601813693,Air Pollution Work Order,843 W GRACE ST,843,W,GRACE,ST,84397.0,2026-03-30,Unlawful open fire pit being used in the backyard of 843 West Grace Street,DEPT. OF PUBLIC HEALTH,Resolved,2026-03-31,41.95106560628989,-87.6513007342295,"{'type': 'Point', 'coordinates': [-87.651300734229, 41.95106560629]}",2026-03-30,Monday,3,Lake View 2,357.5,Lake View,LAKE VIEW
601813168,Air Pollution Work Order,9631 S MANISTEE AVE,9631,S,MANISTEE,AVE,437489.0,2026-03-30,Horrific horrendous smell coming from an animation. Smell like someone died in the sewer with rotten eggs,DEPT. OF PUBLIC HEALTH,Complaint Valid,2026-04-03,41.71989972094764,-87.55641584464277,"{'type': 'Point', 'coordinates': [-87.556415844643, 41.719899720948]}",2026-03-30,Monday,3,Calumet Heights 3,752.3,South Deering,SOUTHEAST SIDE
601812529,Air Pollution Work Order,9520 S ESCANABA AVE,9520,S,ESCANABA,AVE,437489.0,2026-03-30,"The smell outside it’s sickening. You can’t even go out or try to open the windows, today is a nice day to let the windowopen and it’s impossible to do that.",DEPT. OF PUBLIC HEALTH,Complaint Valid,2026-04-03,41.72207359058006,-87.55397951416293,"{'type': 'Point', 'coordinates': [-87.553979514163, 41.72207359058]}",2026-03-30,Monday,3,Calumet Heights 3,454.6,South Deering,SOUTHEAST SIDE
601813149,Air Pollution Work Order,2615 N SHEFFIELD AVE,2615,N,SHEFFIELD,AVE,417337.0,2026-03-31,There is a semi truck that idles along the street during a delivery with the engine running for hours throughout the night.Residents are exposed to truck fumes right outside their bedroom windows for hours on end.,DEPT. OF PUBLIC HEALTH,Resolved,2026-03-31,41.92949603500563,-87.65360439597545,"{'type': 'Point', 'coordinates': [-87.653604395975, 41.929496035006]}",2026-03-31,Tuesday,3,Lake View 4,622.0,Sheffield & DePaul,SHEFFIELD & DEPAUL
601813764,Air Pollution Work Order,5408 S WASHTENAW AVE,5408,S,WASHTENAW,AVE,417325.0,2026-03-31,Black Dodge minivan leaking engine oil. Puddle of oil polluting the ground. Platenumber z147184. School safe y,DEPT. OF PUBLIC HEALTH,Refer to other Depts,2026-04-01,41.79523865692845,-87.69155056642887,"{'type': 'Point', 'coordinates': [-87.691550566429, 41.795238656928]}",2026-03-31,Tuesday,3,Gage Park 3,722.6,Gage Park,"MARQUETTE PARK,GAGE PARK"
601813225,Air Pollution Work Order,10100 S TORRENCE AVE,10100,S,TORRENCE,AVE,437489.0,2026-03-31,It smell like an discomposing animal,DEPT. OF PUBLIC HEALTH,Complaint Valid,2026-04-03,41.71168005978167,-87.55987215361382,"{'type': 'Point', 'coordinates': [-87.559872153614, 41.711680059782]}",2026-03-31,Tuesday,3,South Deering 2,626.0,South Deering,SOUTHEAST SIDE
601813164,Air Pollution Work Order,9524 S MUSKEGON AVE,9524,S,MUSKEGON,AVE,437489.0,2026-03-31,,DEPT. OF PUBLIC HEALTH,Complaint Valid,2026-04-03,41.7219445083441,-87.55535762114307,"{'type': 'Point', 'coordinates': [-87.555357621143, 41.721944508344]}",2026-03-31,Tuesday,3,Calumet Heights 3,509.4,South Deering,SOUTHEAST SIDE
601813258,Air Pollution Work Order,1522 W HOLLYWOOD AVE,1522,W,HOLLYWOOD,AVE,437489.0,2026-03-31,"Y'all. The chemical smell in Chicago is stronger than ever. It doesn't help that it is now 60, everyone is outside, and the headaches linger. We need answers and solutions, please.&nbsp;It has been ongoing but it is currently 345pm on March 29th.&nbsp;",DEPT. OF PUBLIC HEALTH,Alleged violation not found,2026-03-31,41.98555376526316,-87.66846155947466,"{'type': 'Point', 'coordinates': [-87.668461559475, 41.985553765263]}",2026-03-31,Tuesday,3,Edgewater 1,523.5,Edgewater,EDGEWATER
601814474,Air Pollution Work Order,1220 N CICERO AVE,1220,N,CICERO,AVE,249349.0,2026-04-01,SR26-00583464,DEPT. OF PUBLIC HEALTH,Alleged violation founded,2026-04-02,41.90308046482977,-87.74613400218203,"{'type': 'Point', 'coordinates': [-87.746134002182, 41.90308046483]}",2026-04-01,Wednesday,4,Austin 2,572.2,Austin,AUSTIN
601814472,Air Pollution Work Order,4730 S KEELER AVE,4730,S,KEELER,AVE,425726.0,2026-04-01,,DEPT. OF PUBLIC HEALTH,Resolved,2026-04-06,41.80686432541712,-87.72859831014291,"{'type': 'Point', 'coordinates': [-87.728598310143, 41.806864325417]}",2026-04-01,Wednesday,4,Archer Heights 3,806.9,Archer Heights,"ARCHER HEIGHTS,WEST ELSDON"
601814886,Air Pollution Work Order,6040 N BROADWAY,6040,N,BROADWAY,,451826.0,2026-04-02,There are noxious fumes in the neighborhood making us ill in our home on Norwood. Not sure if this is hazardouschemical spill or something,DEPT. OF PUBLIC HEALTH,Alleged violation not found,2026-04-06,41.99205133464093,-87.66047931723071,"{'type': 'Point', 'coordinates': [-87.660479317231, 41.992051334641]}",2026-04-02,Thursday,4,Edgewater 2,778.0,Edgewater,EDGEWATER
601814880,Air Pollution Work Order,9907 S AVENUE N,9907,S,AVENUE N,,249349.0,2026-04-02,"MORTON SALT CLOUD OVER HOME FEBUARY 7,2026 WITHIN 50 FEET",DEPT. OF PUBLIC HEALTH,Alleged violation not found,2026-04-06,41.715058700204445,-87.5388003739854,"{'type': 'Point', 'coordinates': [-87.538800373985, 41.715058700204]}",2026-04-02,Thursday,4,East Side 2,311.6,East Side,SOUTHEAST SIDE
601814891,Air Pollution Work Order,2701 E 100TH ST,2701,E,100TH,ST,437489.0,2026-04-02,,DEPT. OF PUBLIC HEALTH,Complaint Valid,2026-04-03,41.71324291275156,-87.55803846897774,"{'type': 'Point', 'coordinates': [-87.558038468978, 41.713242912752]}",2026-04-02,Thursday,4,South Deering 2,442.3,South Deering,SOUTHEAST SIDE
601814888,Air Pollution Work Order,2701 E 100TH ST,2701,E,100TH,ST,437489.0,2026-04-02,Per caller smells like burning animals,DEPT. OF PUBLIC HEALTH,Complaint Valid,2026-04-03,41.71324291275156,-87.55803846897774,"{'type': 'Point', 'coordinates': [-87.558038468978, 41.713242912752]}",2026-04-02,Thursday,4,South Deering 2,442.3,South Deering,SOUTHEAST SIDE
601815464,Air Pollution Work Order,3529 N KILDARE AVE,3529,N,KILDARE,AVE,437489.0,2026-04-03,ELO EXTERIOR,DEPT. OF PUBLIC HEALTH,Alleged violation not found,2026-04-06,41.94533855162516,-87.73461112784243,"{'type': 'Point', 'coordinates': [-87.734611127842, 41.945338551625]}",2026-04-03,Friday,4,Irving Park 4,432.2,Irving Park,"IRVING PARK,AVONDALE"
601815445,Air Pollution Work Order,3566 N MILWAUKEE AVE,3566,N,MILWAUKEE,AVE,249349.0,2026-04-03,The building has limos in the back and they have been doing auto body work- including sanding of fiberglass and paintingthe lime which is causing horrible fumes in the area. They are not a licensed auto body business,DEPT. OF PUBLIC HEALTH,Alleged violation not found,2026-04-06,41.945449108966734,-87.73451095607766,"{'type': 'Point', 'coordinates': [-87.734510956078, 41.945449108967]}",2026-04-03,Friday,4,Irving Park 4,445.9,Irving Park,"IRVING PARK,AVONDALE"
601816098,Air Pollution Work Order,6018 N FRANCISCO AVE,6018,N,FRANCISCO,AVE,3308.0,2026-04-06,"gas smell in front of property, neighbor says there have been orange markings in front of the property recently&nbsp;",DEPT. OF PUBLIC HEALTH,Alleged violation not found,2026-04-07,41.99098365723029,-87.70199056725583,"{'type': 'Point', 'coordinates': [-87.701990567256, 41.99098365723]}",2026-04-06,Monday,4,West Ridge 5,534.8,West Ridge,WEST RIDGE
601816115,Air Pollution Work Order,1114 W CARROLL AVE,1114,W,CARROLL,AVE,417337.0,2026-04-06,"Ongoing smoke/VOC infiltration 8+ months, multiple floors. Building failed to resolve.",DEPT. OF PUBLIC HEALTH,Refer to Building Dept,2026-04-07,41.88783197779841,-87.6552068561226,"{'type': 'Point', 'coordinates': [-87.655206856123, 41.887831977798]}",2026-04-06,Monday,4,Near West Side 3,745.5,West Loop,WEST LOOP
601817085,Air Pollution Work Order,2819 W NELSON ST,2819,W,NELSON,ST,431068.0,2026-04-07,"neighbors at 2917 W Nelson reported large amounts of dust entering her home from the nearby construction at 2819 WNelson, she claims that she has had problems breathing.",DEPT. OF PUBLIC HEALTH,Alleged violation not found,2026-04-08,41.9365434599416,-87.69855313637238,"{'type': 'Point', 'coordinates': [-87.698553136372, 41.936543459942]}",2026-04-07,Tuesday,4,Avondale 2,627.0,Avondale,"IRVING PARK,AVONDALE"
601817101,Air Pollution Work Order,2701 E 100TH ST,2701,E,100TH,ST,3308.0,2026-04-07,,DEPT. OF PUBLIC HEALTH,Complaint Valid,2026-04-08,41.71324291275156,-87.55803846897774,"{'type': 'Point', 'coordinates': [-87.558038468978, 41.713242912752]}",2026-04-07,Tuesday,4,South Deering 2,442.3,South Deering,SOUTHEAST SIDE
601817060,Air Pollution Work Order,5718 N WINTHROP AVE,5718,N,WINTHROP,AVE,437489.0,2026-04-07,Volatile Organic Compounds picked up in my apartment and hallways. Quality Sensor readings are above recommendedlevels.,DEPT. OF PUBLIC HEALTH,Alleged violation not found,2026-04-08,41.98608114828178,-87.65823959474021,"{'type': 'Point', 'coordinates': [-87.65823959474, 41.986081148282]}",2026-04-07,Tuesday,4,Edgewater 2,191.7,Edgewater,EDGEWATER
601817104,Air Pollution Work Order,9730 S MARQUETTE AVE,9730,S,MARQUETTE,AVE,3308.0,2026-04-08,The smell very prevalent at my house,DEPT. OF PUBLIC HEALTH,Complaint Valid,2026-04-08,41.71811044409904,-87.55809387717083,"{'type': 'Point', 'coordinates': [-87.558093877171, 41.718110444099]}",2026-04-08,Wednesday,4,South Deering 2,682.9,South Deering,SOUTHEAST SIDE
601817463,Air Pollution Work Order,1953 W SUMMERDALE AVE,1953,W,SUMMERDALE,AVE,417337.0,2026-04-08,"Doing masonry work, grinding out bricks, blowing dust around, with no dust containment.",DEPT. OF PUBLIC HEALTH,Alleged violation founded,2026-04-09,41.97866548275911,-87.67859995978203,"{'type': 'Point', 'coordinates': [-87.678599959782, 41.978665482759]}",2026-04-08,Wednesday,4,Uptown 1,636.5,Lincoln Square,LINCOLN SQUARE
601817474,Air Pollution Work Order,9531 S MUSKEGON AVE,9531,S,MUSKEGON,AVE,3308.0,2026-04-08,Horrible rotten egg smell coming from Pullman Innovations every day. The stench was coming in from one small open window and was making the entire house stink,DEPT. OF PUBLIC HEALTH,Alleged violation not found,2026-04-09,41.72177704346984,-87.55506210373467,"{'type': 'Point', 'coordinates': [-87.555062103735, 41.72177704347]}",2026-04-08,Wednesday,4,Calumet Heights 3,515.7,South Deering,SOUTHEAST SIDE
601818001,Air Pollution Work Order,2009 W BYRON ST,2009,W,BYRON,ST,417337.0,2026-04-09,Per caller odor of dead rodents/ animals,DEPT. OF PUBLIC HEALTH,Resolved,2026-04-10,41.95221797487841,-87.6790974030941,"{'type': 'Point', 'coordinates': [-87.679097403094, 41.952217974878]}",2026-04-09,Thursday,4,Lake View 1,692.7,North Center,NORTH CENTER
601820870,Air Pollution Work Order,8173 S SOUTH CHICAGO AVE,8173,S,SOUTH CHICAGO,AVE,249349.0,2026-04-09,"I'm out delivering mail and I can't do my job. There is some kind of chemical company that is burning something and it's giving me a headache, coughing and endangering the people. Can hardly breathe and its messing with my lungs. Eyes running, making me dizzy. I was on Crandon, started coughing a lot, smelled like houses were on fire, couldn't even do their job. They were doing some welding, you could see the smoke on South Chicago. They had on masks, so they knew it was something they shouldn't be breathing, so why should we be breathing it.&nbsp;",DEPT. OF PUBLIC HEALTH,Alleged violation not found,2026-04-09,41.74634121191583,-87.5781975673976,"{'type': 'Point', 'coordinates': [-87.578197567398, 41.746341211916]}",2026-04-09,Thursday,4,Avalon Park 1,782.9,South Chicago,SOUTH CHICAGO
601818009,Air Pollution Work Order,1946 N CLARK ST,1946,N,CLARK,ST,10937.0,2026-04-09,Per caller gas&nbsp;,DEPT. OF PUBLIC HEALTH,Alleged violation not found,2026-04-10,41.91793514349685,-87.63594495113453,"{'type': 'Point', 'coordinates': [-87.635944951135, 41.917935143497]}",2026-04-09,Thursday,4,Lincoln Park 2,399.1,Old Town,OLD TOWN
601817981,Air Pollution Work Order,7305 N OCONTO AVE,7305,N,OCONTO,AVE,437489.0,2026-04-09,&nbsp;PERMANENT MARKER ODOR,DEPT. OF PUBLIC HEALTH,Alleged violation not found,2026-04-10,42.013699882136834,-87.8076872909405,"{'type': 'Point', 'coordinates': [-87.80768729094, 42.013699882137]}",2026-04-09,Thursday,4,Edison Park 1,816.1,Edison Park,EDISON PARK
601818884,Air Pollution Work Order,7248 N OCONTO AVE,7248,N,OCONTO,AVE,470070.0,2026-04-10,City of Chicago completed pipe lining work on our street of N Oconto. The strong chemical smell began coming up fromthe drains and vents. We have an infant and 2 small children. Had to leave home for safety,DEPT. OF PUBLIC HEALTH,Alleged violation founded,2026-09-10,42.01312713409842,-87.80798829179538,"{'type': 'Point', 'coordinates': [-87.807988291795, 42.013127134098]}",2026-04-10,Friday,4,Edison Park 1,825.4,Edison Park,EDISON PARK
601818955,Air Pollution Work Order,1220 N CICERO AVE,1220,N,CICERO,AVE,417337.0,2026-04-10,he says it is hazy and with the smoke there are particles coming outLa Bendicion ( he believes that is where it is coming from) and there is alsoAngel's Auto Service,DEPT. OF PUBLIC HEALTH,Alleged violation not found,2026-04-13,41.90308046482977,-87.74613400218203,"{'type': 'Point', 'coordinates': [-87.746134002182, 41.90308046483]}",2026-04-10,Friday,4,Austin 2,572.2,Austin,AUSTIN
601818895,Air Pollution Work Order,6522 S YALE AVE,6522,S,YALE,AVE,129151.0,2026-04-10,"Smoke from the neighboring property is entering the home at 6522 S Yale Ave and affecting indoor air quality. The smokeis seeping into multiple areas of the home and has been ongoing. This is causing serious health symptoms including coughing, breathing",DEPT. OF PUBLIC HEALTH,Alleged violation not found,2026-04-14,41.77584503000129,-87.63185603405051,"{'type': 'Point', 'coordinates': [-87.631856034051, 41.775845030001]}",2026-04-10,Friday,4,Englewood 3,359.0,Englewood,ENGLEWOOD
601818937,Air Pollution Work Order,2701 E 100TH ST,2701,E,100TH,ST,431068.0,2026-04-10,,DEPT. OF PUBLIC HEALTH,Resolved,2026-04-13,41.71324291275156,-87.55803846897774,"{'type': 'Point', 'coordinates': [-87.558038468978, 41.713242912752]}",2026-04-10,Friday,4,South Deering 2,442.3,South Deering,SOUTHEAST SIDE
601818884,Air Pollution Work Order,7248 N OCONTO AVE,7248,N,OCONTO,AVE,470070.0,2026-04-10,City of Chicago completed pipe lining work on our street of N Oconto. The strong chemical smell began coming up fromthe drains and vents. We have an infant and 2 small children. Had to leave home for safety,DEPT. OF PUBLIC HEALTH,Alleged violation founded,2026-09-10,42.01312713409842,-87.80798829179538,"{'type': 'Point', 'coordinates': [-87.807988291795, 42.013127134098]}",2026-04-10,Friday,4,Edison Park 1,825.4,Edison Park,EDISON PARK
601818960,Air Pollution Work Order,420 W BELMONT AVE,420,W,BELMONT,AVE,451826.0,2026-04-10,Company is doing cement work on rooftop of parking lot at the rear of building. Two large generators are emitting fumesinto address at the rear of address provided. Health concerns.,DEPT. OF PUBLIC HEALTH,Complaint Valid,2026-04-13,41.94021288733969,-87.64044977373753,"{'type': 'Point', 'coordinates': [-87.640449773738, 41.94021288734]}",2026-04-10,Friday,4,Lake View 3,668.7,Lake View,LAKE VIEW
601817999,Air Pollution Work Order,3136 N HALSTED ST,3136,N,HALSTED,ST,3308.0,2026-04-10,"Pursuant to Section 9-80-095 of Chicago's Municipal Code, diesel vehicles are not permitted to idle for more than 3 mins. Iobserved this vehicle idling from 2:58-3:24am in the receiving entrance of the Pointe at Clark.",DEPT. OF PUBLIC HEALTH,Alleged violation not found,2026-04-10,41.93894029765133,-87.64938176755292,"{'type': 'Point', 'coordinates': [-87.649381767553, 41.938940297651]}",2026-04-10,Friday,4,Lake View 4,590.7,Lake View,LAKE VIEW
601833663,Air Pollution Work Order,1233 N HOYNE AVE,1233,N,HOYNE,AVE,425726.0,2026-04-11,They are doing construction/demolition at the property. It appears they are breaking concrete or saw cutting. The dust is sothick I didn't want to get closer,DEPT. OF PUBLIC HEALTH,Resolved,2026-04-29,41.904190608345104,-87.67958281632762,"{'type': 'Point', 'coordinates': [-87.679582816328, 41.904190608345]}",2026-04-11,Saturday,4,West Town 2,717.3,Wicker Park,"WICKER PARK,WEST TOWN"
601818880,Air Pollution Work Order,9000 S ADA ST,9000,S,ADA,ST,84397.0,2026-04-11,gas,DEPT. OF PUBLIC HEALTH,Alleged violation unfounded,2026-04-13,41.730323086475934,-87.65697364580961,"{'type': 'Point', 'coordinates': [-87.65697364581, 41.730323086476]}",2026-04-11,Saturday,4,Washington Heights 1,503.1,Washington Heights,"WASHINGTON HEIGHTS,ROSELAND"
601818952,Air Pollution Work Order,1233 N HOYNE AVE,1233,N,HOYNE,AVE,425726.0,2026-04-11,They are doing construction/demolition at the property. It appears they are breaking concrete or saw cutting. The dust is sothick I didn't want to get closer,DEPT. OF PUBLIC HEALTH,Resolved,2026-04-13,41.904190608345104,-87.67958281632762,"{'type': 'Point', 'coordinates': [-87.679582816328, 41.904190608345]}",2026-04-11,Saturday,4,West Town 2,717.3,Wicker Park,"WICKER PARK,WEST TOWN"
601818879,Air Pollution Work Order,9400 W FOSTER AVE,9400,W,FOSTER,AVE,417337.0,2026-04-11,,DEPT. OF PUBLIC HEALTH,Alleged violation not found,2026-04-13,41.97341818560388,-87.86237263940959,"{'type': 'Point', 'coordinates': [-87.86237263941, 41.973418185604]}",2026-04-11,Saturday,4,O'Hare 1,855.9,O'Hare,OHARE
601818910,Air Pollution Work Order,6522 S YALE AVE,6522,S,YALE,AVE,129151.0,2026-04-12,"Ongoing smoke entering home from south side; causing coughing, breathing issues, and health symptoms. Requestinspection.",DEPT. OF PUBLIC HEALTH,Alleged violation not found,2026-04-14,41.77584503000129,-87.63185603405051,"{'type': 'Point', 'coordinates': [-87.631856034051, 41.775845030001]}",2026-04-12,Sunday,4,Englewood 3,359.0,Englewood,ENGLEWOOD
601818925,Air Pollution Work Order,5455 N SHERIDAN RD,5455,N,SHERIDAN,RD,10937.0,2026-04-12,"For the past two days a ""bubble gum"" smell has been coming from what I think is the sewer in front of the building. Iunderstand there was some work being done and they needed to cap it. They had to put chemical down there (I'm guessing hydrogensulfide)",DEPT. OF PUBLIC HEALTH,Alleged violation not found,2026-04-13,41.98154697487521,-87.65498348161402,"{'type': 'Point', 'coordinates': [-87.654983481614, 41.981546974875]}",2026-04-12,Sunday,4,Edgewater 2,493.1,Edgewater,EDGEWATER
601818924,Air Pollution Work Order,6000 N CLARK ST,6000,N,CLARK,ST,10937.0,2026-04-12,"The soap that they use for the cars is leaking all over the place and smelling up the air as well. In addition, they are causinga lot of noise pollution with the sound of their jets and blowers. I can hear it several bl",DEPT. OF PUBLIC HEALTH,Alleged violation not found,2026-04-13,41.99084010928407,-87.67017295334794,"{'type': 'Point', 'coordinates': [-87.670172953348, 41.990840109284]}",2026-04-12,Sunday,4,Edgewater 1,244.8,Edgewater,EDGEWATER
601818910,Air Pollution Work Order,6522 S YALE AVE,6522,S,YALE,AVE,129151.0,2026-04-12,"Ongoing smoke entering home from south side; causing coughing, breathing issues, and health symptoms. Requestinspection.",DEPT. OF PUBLIC HEALTH,Alleged violation not found,2026-04-14,41.77584503000129,-87.63185603405051,"{'type': 'Point', 'coordinates': [-87.631856034051, 41.775845030001]}",2026-04-12,Sunday,4,Englewood 3,359.0,Englewood,ENGLEWOOD
601819575,Air Pollution Work Order,2701 E 100TH ST,2701,E,100TH,ST,431068.0,2026-04-13,,DEPT. OF PUBLIC HEALTH,Resolved,2026-04-14,41.71324291275156,-87.55803846897774,"{'type': 'Point', 'coordinates': [-87.558038468978, 41.713242912752]}",2026-04-13,Monday,4,South Deering 2,442.3,South Deering,SOUTHEAST SIDE
601819582,Air Pollution Work Order,2701 E 100TH ST,2701,E,100TH,ST,431068.0,2026-04-13,Warm day and had to close my windows due to the horrific Oder.,DEPT. OF PUBLIC HEALTH,Resolved,2026-04-14,41.71324291275156,-87.55803846897774,"{'type': 'Point', 'coordinates': [-87.558038468978, 41.713242912752]}",2026-04-13,Monday,4,South Deering 2,442.3,South Deering,SOUTHEAST SIDE
601818934,Air Pollution Work Order,3428 W BELMONT AVE,3428,W,BELMONT,AVE,451826.0,2026-04-13,,DEPT. OF PUBLIC HEALTH,Alleged violation not found,2026-04-13,41.93936849337286,-87.71377283069413,"{'type': 'Point', 'coordinates': [-87.713772830694, 41.939368493373]}",2026-04-13,Monday,4,Avondale 1,440.7,Avondale,"IRVING PARK,AVONDALE"
601819565,Air Pollution Work Order,3005 W FRANKLIN BLVD,3005,W,FRANKLIN,BLVD,10937.0,2026-04-13,"fumes coming out, caller states she can taste fumes on her tongue",DEPT. OF PUBLIC HEALTH,Alleged violation not found,2026-04-14,41.89001883539864,-87.7018905231205,"{'type': 'Point', 'coordinates': [-87.70189052312, 41.890018835399]}",2026-04-13,Monday,4,Humboldt Park 3,139.5,Humboldt Park,HUMBOLDT PARK
601818933,Air Pollution Work Order,3817 S HONORE ST,3817,S,HONORE,ST,417337.0,2026-04-13,Smell is in the house and outside. It’s unusual that it’s this strong when it’s raining.,DEPT. OF PUBLIC HEALTH,Alleged violation not found,2026-04-13,41.8244294404609,-87.67130092649744,"{'type': 'Point', 'coordinates': [-87.671300926497, 41.824429440461]}",2026-04-13,Monday,4,McKinley Park 2,385.1,Mckinley Park,"BRIGHTON PARK,MCKINLEY PARK"
601820073,Air Pollution Work Order,2055 W PERSHING RD,2055,W,PERSHING,RD,417337.0,2026-04-14,"Burning asphalt smell throughout the neighborhood north of facilities. Causing nausea, headache, sore throat. Please shutthis plant down.",DEPT. OF PUBLIC HEALTH,Alleged violation not found,2026-04-15,41.822972765727336,-87.67702220737627,"{'type': 'Point', 'coordinates': [-87.677022207376, 41.822972765727]}",2026-04-14,Tuesday,4,McKinley Park 2,815.1,New City,BACK OF THE YARDS
601820072,Air Pollution Work Order,2055 W PERSHING RD,2055,W,PERSHING,RD,417337.0,2026-04-14,,DEPT. OF PUBLIC HEALTH,Alleged violation not found,2026-04-15,41.822972765727336,-87.67702220737627,"{'type': 'Point', 'coordinates': [-87.677022207376, 41.822972765727]}",2026-04-14,Tuesday,4,McKinley Park 2,815.1,New City,BACK OF THE YARDS
601819916,Air Pollution Work Order,9922 S EXCHANGE AVE,9922,S,EXCHANGE,AVE,431068.0,2026-04-14,The smell is in the air by the Marsh School &amp; the Vets park &amp; my son has asthma these kids have to deal with the smellwhen the warm weather we wanna be outside but the smell is horrible,DEPT. OF PUBLIC HEALTH,Resolved,2026-04-14,41.71472816085801,-87.55249157870817,"{'type': 'Point', 'coordinates': [-87.552491578708, 41.714728160858]}",2026-04-14,Tuesday,4,South Deering 2,142.1,South Deering,SOUTHEAST SIDE
601820069,Air Pollution Work Order,2701 E 100TH ST,2701,E,100TH,ST,431068.0,2026-04-14,,DEPT. OF PUBLIC HEALTH,Resolved,2026-04-14,41.71324291275156,-87.55803846897774,"{'type': 'Point', 'coordinates': [-87.558038468978, 41.713242912752]}",2026-04-14,Tuesday,4,South Deering 2,442.3,South Deering,SOUTHEAST SIDE
601820020,Air Pollution Work Order,3819 S HONORE ST,3819,S,HONORE,ST,417337.0,2026-04-14,Smell from asphalt plant is horrible. Makes it difficult to open the windows for a breeze.,DEPT. OF PUBLIC HEALTH,Alleged violation not found,2026-04-15,41.82437366715258,-87.67129953764069,"{'type': 'Point', 'coordinates': [-87.671299537641, 41.824373667153]}",2026-04-14,Tuesday,4,McKinley Park 2,390.7,Mckinley Park,"BRIGHTON PARK,MCKINLEY PARK"
601820044,Air Pollution Work Order,2913 E 96TH ST,2913,E,96TH,ST,431068.0,2026-04-14,,DEPT. OF PUBLIC HEALTH,Resolved,2026-04-14,41.72080570971906,-87.55321121391572,"{'type': 'Point', 'coordinates': [-87.553211213916, 41.720805709719]}",2026-04-14,Tuesday,4,Calumet Heights 3,582.6,South Deering,SOUTHEAST SIDE
601819942,Air Pollution Work Order,9719 S HOUSTON AVE,9719,S,HOUSTON,AVE,431068.0,2026-04-14,,DEPT. OF PUBLIC HEALTH,Resolved,2026-04-14,41.71853547842229,-87.54949021138765,"{'type': 'Point', 'coordinates': [-87.549490211388, 41.718535478422]}",2026-04-14,Tuesday,4,South Deering 2,624.6,South Deering,SOUTHEAST SIDE
601819914,Air Pollution Work Order,10900 S TORRENCE AVE,10900,S,TORRENCE,AVE,13776.0,2026-04-14,My house smells burning its giving me headaches and can't stand the smell. My eyes stop burningThe air pollution burning giving me headaches and eyes irritating the smellinside my house,DEPT. OF PUBLIC HEALTH,Alleged violation not found,2026-04-15,41.69764098469579,-87.55967873037926,"{'type': 'Point', 'coordinates': [-87.559678730379, 41.697640984696]}",2026-04-14,Tuesday,4,South Deering 3,804.4,South Deering,SOUTHEAST SIDE
601819590,Air Pollution Work Order,1514 W BRYN MAWR AVE,1514,W,BRYN MAWR,AVE,437489.0,2026-04-14,It’s some sort of produce truck that sits out in the front Bryn Mawr next to the alley of 1516 w Bryn Mawr. And idols andmakes extremely loud noise for about two hours in the morning from 6 AM to about 8 AM.,DEPT. OF PUBLIC HEALTH,Alleged violation not found,2026-04-14,41.98360939644692,-87.66812873942777,"{'type': 'Point', 'coordinates': [-87.668128739428, 41.983609396447]}",2026-04-14,Tuesday,4,Edgewater 1,720.6,Edgewater,EDGEWATER
601820824,Air Pollution Work Order,12100 S STONY ISLAND AVE,12100,S,STONY ISLAND,AVE,10937.0,2026-04-15,The entire park is smoked out. Field trips are not able to occur.,DEPT. OF PUBLIC HEALTH,Complaint Valid,2026-04-16,41.67538462666333,-87.57553071866162,"{'type': 'Point', 'coordinates': [-87.575530718662, 41.675384626663]}",2026-04-15,Wednesday,4,South Deering 6,1033.9,South Deering,SOUTHEAST SIDE
601820816,Air Pollution Work Order,12123 S STONY ISLAND AVE,12123,S,STONY ISLAND,AVE,10937.0,2026-04-15,"Any south wind above 20mph blows smoke into the South Deering community. With gusts above 35mph, the stench canreach over the Calumet River and into the East Side neighborhood. The smell is unmistakable",DEPT. OF PUBLIC HEALTH,Complaint Valid,2026-04-16,41.67476321784588,-87.57523381974174,"{'type': 'Point', 'coordinates': [-87.575233819742, 41.674763217846]}",2026-04-15,Wednesday,4,South Deering 6,961.7,South Deering,SOUTHEAST SIDE
601820837,Air Pollution Work Order,10442 S GREEN BAY AVE,10442,S,GREEN BAY,AVE,10937.0,2026-04-15,"Whole earth compost located at 2000 E. 122nd St. are causing air quality, air pollution, and dust",DEPT. OF PUBLIC HEALTH,Complaint Valid,2026-04-16,41.705124929056495,-87.54148613330898,"{'type': 'Point', 'coordinates': [-87.541486133309, 41.705124929056]}",2026-04-15,Wednesday,4,East Side 3,660.5,East Side,SOUTHEAST SIDE
601820065,Air Pollution Work Order,2701 E 100TH ST,2701,E,100TH,ST,431068.0,2026-04-15,,DEPT. OF PUBLIC HEALTH,Resolved,2026-04-14,41.71324291275156,-87.55803846897774,"{'type': 'Point', 'coordinates': [-87.558038468978, 41.713242912752]}",2026-04-15,Wednesday,4,South Deering 2,442.3,South Deering,SOUTHEAST SIDE
601820857,Air Pollution Work Order,2852 E 96TH ST,2852,E,96TH,ST,13776.0,2026-04-15,,DEPT. OF PUBLIC HEALTH,Alleged violation not found,2026-04-16,41.72101094864623,-87.55446649292129,"{'type': 'Point', 'coordinates': [-87.554466492921, 41.721010948646]}",2026-04-15,Wednesday,4,Calumet Heights 3,579.3,South Deering,SOUTHEAST SIDE
601820819,Air Pollution Work Order,2000 E 122ND ST,2000,E,122ND,ST,10937.0,2026-04-15,,DEPT. OF PUBLIC HEALTH,Complaint Valid,2026-04-16,41.67378835745285,-87.57352974030779,"{'type': 'Point', 'coordinates': [-87.573529740308, 41.673788357453]}",2026-04-15,Wednesday,4,South Deering 6,799.5,South Deering,SOUTHEAST SIDE
601820018,Air Pollution Work Order,5601 S NEENAH AVE,5601,S,NEENAH,AVE,10937.0,2026-04-15,CALLER REPORTS A BURNT PLASTIC SMELL OR BURNT TIRE SMELL. THEY SUSPECT THAT IT'SCOMINGH FROM A PLASTICS FACTORY ON 63RD ST. THE SMELL IS STRONGEST DURNING THE OVERNIGHT HOURS.CALLER CHOSE TO REMAIN ANONYMOUS BUT REPORTS THAT THIS SMELL HAS PERMEATED THEIR ENTIRE HOMEOF LISTED ADDRESS,DEPT. OF PUBLIC HEALTH,Alleged violation not found,2026-04-15,41.79036076447112,-87.78525403001687,"{'type': 'Point', 'coordinates': [-87.785254030017, 41.790360764471]}",2026-04-15,Wednesday,4,Garfield Ridge 3,443.1,Garfield Ridge,MIDWAY AIRPORT
601819940,Air Pollution Work Order,9742 S LEAVITT ST,9742,S,LEAVITT,ST,129151.0,2026-04-15,Very strong smell of wood smoke coming from outside,DEPT. OF PUBLIC HEALTH,Resolved,2026-04-15,41.71608861564632,-87.67721835910807,"{'type': 'Point', 'coordinates': [-87.677218359108, 41.716088615646]}",2026-04-15,Wednesday,4,Beverly 2,404.5,Beverly,BEVERLY
601820854,Air Pollution Work Order,6524 S YALE AVE,6524,S,YALE,AVE,129151.0,2026-04-15,Caller states smoke from neighboring property is coming into her and causing health issues for her and her mother. Shebelieves the pvc pipes installed in building may be what's causing the smoke to drift into her home. Please contact caller. Please refer toSR26-00662606 (photo of pvc pipe) and SR26-00654594 caller mistakenly provided her own address.,DEPT. OF PUBLIC HEALTH,Refer to Building Dept,2026-04-16,41.77578874941224,-87.63185476336875,"{'type': 'Point', 'coordinates': [-87.631854763369, 41.775788749412]}",2026-04-15,Wednesday,4,Englewood 3,361.2,Englewood,ENGLEWOOD
601820805,Air Pollution Work Order,2000 E 122ND ST,2000,E,122ND,ST,10937.0,2026-04-15,Unknown business but they’re burning something toxic. First it smelled like yard waste the last twodays. Today it smells like burning rubber and it’s making people nauseous. You can see cloud ofsmoke from above hillUnknown business but it looks like the yard waste recycling plant they’re burning something toxic. First it smelled likeyard waste the last two days. Today it smells like burning rubber and it’s making people nauseous.,DEPT. OF PUBLIC HEALTH,Complaint Valid,2026-04-16,41.67378835745285,-87.57352974030779,"{'type': 'Point', 'coordinates': [-87.573529740308, 41.673788357453]}",2026-04-15,Wednesday,4,South Deering 6,799.5,South Deering,SOUTHEAST SIDE
601820862,Air Pollution Work Order,2000 E 122ND ST,2000,E,122ND,ST,10937.0,2026-04-15,,DEPT. OF PUBLIC HEALTH,Complaint Valid,2026-04-16,41.67378835745285,-87.57352974030779,"{'type': 'Point', 'coordinates': [-87.573529740308, 41.673788357453]}",2026-04-15,Wednesday,4,South Deering 6,799.5,South Deering,SOUTHEAST SIDE
601820863,Air Pollution Work Order,2000 E 122ND ST,2000,E,122ND,ST,10937.0,2026-04-15,,DEPT. OF PUBLIC HEALTH,Complaint Valid,2026-04-16,41.67378835745285,-87.57352974030779,"{'type': 'Point', 'coordinates': [-87.573529740308, 41.673788357453]}",2026-04-15,Wednesday,4,South Deering 6,799.5,South Deering,SOUTHEAST SIDE
601820826,Air Pollution Work Order,11400 S TORRENCE AVE,11400,S,TORRENCE,AVE,10937.0,2026-04-15,,DEPT. OF PUBLIC HEALTH,Complaint Valid,2026-04-16,41.68816895344085,-87.55956367772468,"{'type': 'Point', 'coordinates': [-87.559563677725, 41.688168953441]}",2026-04-15,Wednesday,4,South Deering 4,525.4,South Deering,SOUTHEAST SIDE
601821271,Air Pollution Work Order,11633 S AVENUE N,11633,S,AVENUE N,,10937.0,2026-04-16,,DEPT. OF PUBLIC HEALTH,Complaint Valid,2026-04-20,41.68358316707618,-87.53871945440139,"{'type': 'Point', 'coordinates': [-87.538719454401, 41.683583167076]}",2026-04-16,Thursday,4,Washington HS Collocation 1,438.2,Hegewisch,SOUTHEAST SIDE
601822795,Air Pollution Work Order,2000 E 122ND ST,2000,E,122ND,ST,10937.0,2026-04-16,Initial complaint received 4/16 alleges that facility compost piles have been smoldering for 3 days with&nbsp; smoke blowing into Big Marsh Bike Park and surrounding neighborhoods.&nbsp;,DEPT. OF PUBLIC HEALTH,Complaint Valid,2026-04-24,41.67378835745285,-87.57352974030779,"{'type': 'Point', 'coordinates': [-87.573529740308, 41.673788357453]}",2026-04-16,Thursday,4,South Deering 6,799.5,South Deering,SOUTHEAST SIDE
601821303,Air Pollution Work Order,3842 E 112TH ST,3842,E,112TH,ST,10937.0,2026-04-16,,DEPT. OF PUBLIC HEALTH,Complaint Valid,2026-04-20,41.69193435596228,-87.52991133688646,"{'type': 'Point', 'coordinates': [-87.529911336886, 41.691934355962]}",2026-04-16,Thursday,4,East Side 4,700.4,East Side,SOUTHEAST SIDE
601821286,Air Pollution Work Order,11238 S GREEN BAY AVE,11238,S,GREEN BAY,AVE,10937.0,2026-04-16,,DEPT. OF PUBLIC HEALTH,Complaint Valid,2026-04-20,41.69070032550513,-87.5414585614252,"{'type': 'Point', 'coordinates': [-87.541458561425, 41.690700325505]}",2026-04-16,Thursday,4,Washington HS Collocation 1,453.4,East Side,SOUTHEAST SIDE
601821267,Air Pollution Work Order,12123 S STONY ISLAND AVE,12123,S,STONY ISLAND,AVE,10937.0,2026-04-16,,DEPT. OF PUBLIC HEALTH,Complaint Valid,2026-04-20,41.67476321784588,-87.57523381974174,"{'type': 'Point', 'coordinates': [-87.575233819742, 41.674763217846]}",2026-04-16,Thursday,4,South Deering 6,961.7,South Deering,SOUTHEAST SIDE
601821292,Air Pollution Work Order,7248 N OCONTO AVE,7248,N,OCONTO,AVE,470070.0,2026-04-16,InLiner Solutions pipelining project still causing chemical odor smells within our home,DEPT. OF PUBLIC HEALTH,Resolved,2026-09-28,42.01312713409842,-87.80798829179538,"{'type': 'Point', 'coordinates': [-87.807988291795, 42.013127134098]}",2026-04-16,Thursday,4,Edison Park 1,825.4,Edison Park,EDISON PARK
601822813,Air Pollution Work Order,11108 S AVENUE M,11108,S,AVENUE M,,10937.0,2026-04-16,"There are many industries around including:&nbsp; steel mill, factories, asphalt co, and dog food processing plant. These are all in a 5 mile radius. Were he lives last week there has been foul smells. The smell is very putrid. It smells like cigarettes in water, like a cigarette tray that has been rained on. The smell comes from the southside of the city, and blows East toward the lake. He notices the odor more in Spring. There is always a bit of an odor. In the last 3 days, the odor has been the strongest. He let the city know about his complaint, and they referred him to the fire department. The fire department thought maybe it was a gas leak, but that is not the case. He said others don’t complaint because maybe they don’t know who to go to.",DEPT. OF PUBLIC HEALTH,Complaint Valid,2026-04-24,41.69334957099568,-87.53784235512856,"{'type': 'Point', 'coordinates': [-87.537842355129, 41.693349570996]}",2026-04-16,Thursday,4,Washington HS Collocation 1,651.3,East Side,SOUTHEAST SIDE
601820838,Air Pollution Work Order,10351 S AVENUE L,10351,S,AVENUE L,,10937.0,2026-04-16,,DEPT. OF PUBLIC HEALTH,Complaint Valid,2026-04-16,41.706710755479335,-87.53634746071296,"{'type': 'Point', 'coordinates': [-87.536347460713, 41.706710755479]}",2026-04-16,Thursday,4,East Side 3,670.7,East Side,SOUTHEAST SIDE
601820856,Air Pollution Work Order,6150 N WINTHROP AVE,6150,N,WINTHROP,AVE,451826.0,2026-04-16,caller says chemical smell-burning pastic and burned fireworks,DEPT. OF PUBLIC HEALTH,Alleged violation not found,2026-04-17,41.993813623985936,-87.65847776073038,"{'type': 'Point', 'coordinates': [-87.65847776073, 41.993813623986]}",2026-04-16,Thursday,4,Edgewater 2,902.0,Edgewater,EDGEWATER
601820861,Air Pollution Work Order,2000 E 122ND ST,2000,E,122ND,ST,10937.0,2026-04-16,Smoke and pollution coming up again,DEPT. OF PUBLIC HEALTH,Complaint Valid,2026-04-16,41.67378835745285,-87.57352974030779,"{'type': 'Point', 'coordinates': [-87.573529740308, 41.673788357453]}",2026-04-16,Thursday,4,South Deering 6,799.5,South Deering,SOUTHEAST SIDE
601821356,Air Pollution Work Order,2000 E 122ND ST,2000,E,122ND,ST,10937.0,2026-04-16,"burning smell coming from Whole Earth Compost, 2000 East 122nd",DEPT. OF PUBLIC HEALTH,Complaint Valid,2026-04-20,41.67378835745285,-87.57352974030779,"{'type': 'Point', 'coordinates': [-87.573529740308, 41.673788357453]}",2026-04-16,Thursday,4,South Deering 6,799.5,South Deering,SOUTHEAST SIDE
601821292,Air Pollution Work Order,7248 N OCONTO AVE,7248,N,OCONTO,AVE,470070.0,2026-04-16,InLiner Solutions pipelining project still causing chemical odor smells within our home,DEPT. OF PUBLIC HEALTH,Resolved,2026-09-28,42.01312713409842,-87.80798829179538,"{'type': 'Point', 'coordinates': [-87.807988291795, 42.013127134098]}",2026-04-16,Thursday,4,Edison Park 1,825.4,Edison Park,EDISON PARK
601821289,Air Pollution Work Order,9719 S HOUSTON AVE,9719,S,HOUSTON,AVE,10937.0,2026-04-16,Compost piles have been smoldering for three days with the wind carrying the smoke and odors into the Big Marsh Parkand surrounding neighborhoods.,DEPT. OF PUBLIC HEALTH,Complaint Valid,2026-04-20,41.71853547842229,-87.54949021138765,"{'type': 'Point', 'coordinates': [-87.549490211388, 41.718535478422]}",2026-04-16,Thursday,4,South Deering 2,624.6,South Deering,SOUTHEAST SIDE
601822802,Air Pollution Work Order,7248 N OCONTO AVE,7248,N,OCONTO,AVE,470070.0,2026-04-16,"I am filing a complaint regarding InLiner Solutions, contracted by the City of Chicago, for a sewer pipelining project conducted on Thursday, April 9, 2026. During the curing process (which Chicago's Dept of public health, informed us had failed), caused a strong chemical odor to enter and stay in our home, waking us from sleep and causing headaches. Due to the severity of the fumes, we were forced to evacuate with our infant and two young children. This incident presents serious concerns about improper curing, hazardous emissions, and potential violations of environmental and public health regulations. We request that the EPA investigate this matter, assess any air quality impacts, and determine whether regulatory violations occurred. This incident has caused significant disruption and health concerns for our family. We have also reported this to local authorities, the Chicago Fire Dept, 311 with the City of Chicago, our homeowners insurance, and and are cooperating with any ongoing investigations. Best, Elizabeth Pasciak",DEPT. OF PUBLIC HEALTH,Alleged violation founded,2026-04-13,42.01312713409842,-87.80798829179538,"{'type': 'Point', 'coordinates': [-87.807988291795, 42.013127134098]}",2026-04-16,Thursday,4,Edison Park 1,825.4,Edison Park,EDISON PARK
601822802,Air Pollution Work Order,7248 N OCONTO AVE,7248,N,OCONTO,AVE,470070.0,2026-04-16,"I am filing a complaint regarding InLiner Solutions, contracted by the City of Chicago, for a sewer pipelining project conducted on Thursday, April 9, 2026. During the curing process (which Chicago's Dept of public health, informed us had failed), caused a strong chemical odor to enter and stay in our home, waking us from sleep and causing headaches. Due to the severity of the fumes, we were forced to evacuate with our infant and two young children. This incident presents serious concerns about improper curing, hazardous emissions, and potential violations of environmental and public health regulations. We request that the EPA investigate this matter, assess any air quality impacts, and determine whether regulatory violations occurred. This incident has caused significant disruption and health concerns for our family. We have also reported this to local authorities, the Chicago Fire Dept, 311 with the City of Chicago, our homeowners insurance, and and are cooperating with any ongoing investigations. Best, Elizabeth Pasciak",DEPT. OF PUBLIC HEALTH,Alleged violation founded,2026-04-13,42.01312713409842,-87.80798829179538,"{'type': 'Point', 'coordinates': [-87.807988291795, 42.013127134098]}",2026-04-16,Thursday,4,Edison Park 1,825.4,Edison Park,EDISON PARK
601821939,Air Pollution Work Order,9531 S MUSKEGON AVE,9531,S,MUSKEGON,AVE,10937.0,2026-04-17,Horrible rotten egg smell from Pullman Innovations. The stench is so bad it stunk up my house from only one small openwindow,DEPT. OF PUBLIC HEALTH,Complaint Valid,2026-04-20,41.72177704346984,-87.55506210373467,"{'type': 'Point', 'coordinates': [-87.555062103735, 41.72177704347]}",2026-04-17,Friday,4,Calumet Heights 3,515.7,South Deering,SOUTHEAST SIDE
601821291,Air Pollution Work Order,7719 S TROY ST,7719,S,TROY,ST,451826.0,2026-04-17,,DEPT. OF PUBLIC HEALTH,Alleged violation not found,2026-04-17,41.752883409506346,-87.70111729498059,"{'type': 'Point', 'coordinates': [-87.701117294981, 41.752883409506]}",2026-04-17,Friday,4,Ashburn 3,249.3,Ashburn,ASHBURN
601822440,Air Pollution Work Order,10350 S LUELLA AVE,10350,S,LUELLA,AVE,10937.0,2026-04-17,Whole earth compostThis is the third day in a row. My coworkers and I are going home sick from it not to mention neighbors. Please can you doanything,DEPT. OF PUBLIC HEALTH,Complaint Valid,2026-04-20,41.70716243574884,-87.56826743230523,"{'type': 'Point', 'coordinates': [-87.568267432305, 41.707162435749]}",2026-04-17,Friday,4,South Deering 10,664.2,South Deering,SOUTHEAST SIDE
601822037,Air Pollution Work Order,12644 S MANISTEE AVE,12644,S,MANISTEE,AVE,10937.0,2026-04-17,Whole Earth Compost,DEPT. OF PUBLIC HEALTH,Complaint Valid,2026-04-20,41.66513191360487,-87.55577475332159,"{'type': 'Point', 'coordinates': [-87.555774753322, 41.665131913605]}",2026-04-17,Friday,4,Hegewisch 6,304.4,Hegewisch,SOUTHEAST SIDE
601822033,Air Pollution Work Order,12100 S STONY ISLAND AVE,12100,S,STONY ISLAND,AVE,10937.0,2026-04-17,"&nbsp;Again, any winds over 25mph and Whole Earth Compost combusts. Their compost piles burn. And they’re actually losingmoney bcus compost requires bacteria to be alive and not dead. Sterile compost helps nobody.&nbsp;",DEPT. OF PUBLIC HEALTH,Complaint Valid,2026-04-20,41.67538462666333,-87.57553071866162,"{'type': 'Point', 'coordinates': [-87.575530718662, 41.675384626663]}",2026-04-17,Friday,4,South Deering 6,1033.9,South Deering,SOUTHEAST SIDE
601821954,Air Pollution Work Order,9900 S TORRENCE AVE,9900,S,TORRENCE,AVE,10937.0,2026-04-17,,DEPT. OF PUBLIC HEALTH,Complaint Valid,2026-04-20,41.71530559876246,-87.55992036113129,"{'type': 'Point', 'coordinates': [-87.559920361131, 41.715305598762]}",2026-04-17,Friday,4,South Deering 2,632.0,South Deering,SOUTHEAST SIDE
601821827,Air Pollution Work Order,1200 W 97TH PL,1200,W,97TH,PL,10937.0,2026-04-17,Per caller gas&nbsp;,DEPT. OF PUBLIC HEALTH,Complaint Valid,2026-04-20,41.71710365420985,-87.65297712807089,"{'type': 'Point', 'coordinates': [-87.652977128071, 41.71710365421]}",2026-04-17,Friday,4,Washington Heights 5,371.7,Washington Heights,"WASHINGTON HEIGHTS,ROSELAND"
601821888,Air Pollution Work Order,2701 E 100TH ST,2701,E,100TH,ST,10937.0,2026-04-17,only happens in the evenings and on the weekends,DEPT. OF PUBLIC HEALTH,Complaint Valid,2026-04-20,41.71324291275156,-87.55803846897774,"{'type': 'Point', 'coordinates': [-87.558038468978, 41.713242912752]}",2026-04-17,Friday,4,South Deering 2,442.3,South Deering,SOUTHEAST SIDE
601821814,Air Pollution Work Order,27 E 120TH PL,27,E,120TH,PL,13776.0,2026-04-17,PER CALLER STATES THERE IS A BURNING SMELL THAT WAKES CALLER UP AT 1AM -2AM ANDCAUSED CALLER TO CHOKE // THERE IS A FACTORY FINERY NEARBY,DEPT. OF PUBLIC HEALTH,Alleged violation not found,2026-04-20,41.67519418239784,-87.62146164110663,"{'type': 'Point', 'coordinates': [-87.621461641107, 41.675194182398]}",2026-04-17,Friday,4,West Pullman 3,136.6,West Pullman,WEST PULLMAN
601822974,Air Pollution Work Order,2000 E 122ND ST,2000,E,122ND,ST,84397.0,2026-04-17,They are burning things and that is greatly reducing our air quality. We have a newborn and the PM 2.5 numbers have tremendously increased (over 100) since they have been burning down there and that is very dangerous.&nbsp;,DEPT. OF PUBLIC HEALTH,Alleged violation unfounded,2026-04-20,41.67378835745285,-87.57352974030779,"{'type': 'Point', 'coordinates': [-87.573529740308, 41.673788357453]}",2026-04-17,Friday,4,South Deering 6,799.5,South Deering,SOUTHEAST SIDE
601822815,Air Pollution Work Order,10530 S HAMILTON AVE,10530,S,HAMILTON,AVE,249349.0,2026-04-17,"There is a horrific, burning, chemical smell permeating the air.",DEPT. OF PUBLIC HEALTH,Alleged violation not found,2026-04-24,41.7018783810864,-87.67558295859972,"{'type': 'Point', 'coordinates': [-87.6755829586, 41.701878381086]}",2026-04-17,Friday,4,Beverly 4,431.7,Beverly,BEVERLY
601821273,Air Pollution Work Order,11343 S ST LAWRENCE AVE,11343,S,ST LAWRENCE,AVE,10937.0,2026-04-17,There is a controlled burn occurring close to 106th &amp; Torrence. The smoke is here in Pullman. My significant other is 78years old and has asthma. This is not good for him or my elderly neighbors! Not good for any of us. Stop the burn. AIR QUALITYTEST!,DEPT. OF PUBLIC HEALTH,Complaint Valid,2026-04-20,41.68790024134463,-87.6081684103585,"{'type': 'Point', 'coordinates': [-87.608168410358, 41.687900241345]}",2026-04-17,Friday,4,Pullman 4,469.3,Pullman,PULLMAN
601821943,Air Pollution Work Order,9630 S EUCLID AVE,9630,S,EUCLID,AVE,84397.0,2026-04-17,"Per caller the neighbor is burning branches, tree rubbish, and garbage every typically in the evening.&nbsp;",DEPT. OF PUBLIC HEALTH,Alleged violation unfounded,2026-04-20,41.719685404481645,-87.576652827381,"{'type': 'Point', 'coordinates': [-87.576652827381, 41.719685404482]}",2026-04-17,Friday,4,South Deering 1,882.7,South Deering,SOUTHEAST SIDE
601821885,Air Pollution Work Order,2665 E 93RD ST,2665,E,93RD,ST,13776.0,2026-04-17,Rotten Egg Smell|Sewer|Garbage,DEPT. OF PUBLIC HEALTH,Alleged violation not found,2026-04-20,41.72622357769512,-87.5582243526717,"{'type': 'Point', 'coordinates': [-87.558224352672, 41.726223577695]}",2026-04-17,Friday,4,Calumet Heights 3,470.5,Calumet Heights,"AVALON PARK,CALUMET HEIGHTS"
601821895,Air Pollution Work Order,8823 S DORCHESTER AVE,8823,S,DORCHESTER,AVE,249349.0,2026-04-17,,DEPT. OF PUBLIC HEALTH,Alleged violation not found,2026-04-20,41.7343144360519,-87.5903660855079,"{'type': 'Point', 'coordinates': [-87.590366085508, 41.734314436052]}",2026-04-17,Friday,4,Avalon Park 3,626.4,Calumet Heights,"AVALON PARK,CALUMET HEIGHTS"
601821611,Air Pollution Work Order,9605 S HOYNE AVE,9605,S,HOYNE,AVE,249349.0,2026-04-17,,DEPT. OF PUBLIC HEALTH,Alleged violation not found,2026-04-20,41.71902314542733,-87.67459101982672,"{'type': 'Point', 'coordinates': [-87.674591019827, 41.719023145427]}",2026-04-17,Friday,4,Beverly 2,13.6,Beverly,BEVERLY
601821935,Air Pollution Work Order,12701 S DOTY AVE,12701,S,DOTY,AVE,10937.0,2026-04-17,I'm not certain if the odor originates from Pullman Innovations or the garbage mounds off 103 Stoney Island. The odor isvery offensive today.,DEPT. OF PUBLIC HEALTH,Complaint Valid,2026-04-20,41.6637864083872,-87.5915547409593,"{'type': 'Point', 'coordinates': [-87.591554740959, 41.663786408387]}",2026-04-17,Friday,4,South Deering 7,422.3,South Deering,SOUTHEAST SIDE
601821872,Air Pollution Work Order,2145 E 100TH ST,2145,E,100TH,ST,10937.0,2026-04-18,,DEPT. OF PUBLIC HEALTH,Complaint Valid,2026-04-20,41.71332887662411,-87.57100181491161,"{'type': 'Point', 'coordinates': [-87.571001814912, 41.713328876624]}",2026-04-18,Saturday,4,South Deering 1,122.8,South Deering,SOUTHEAST SIDE
601822036,Air Pollution Work Order,12600 S TORRENCE AVE,12600,S,TORRENCE,AVE,10937.0,2026-04-18,,DEPT. OF PUBLIC HEALTH,Complaint Valid,2026-04-20,41.66611299121115,-87.55900308026102,"{'type': 'Point', 'coordinates': [-87.559003080261, 41.666112991211]}",2026-04-18,Saturday,4,Hegewisch 6,574.3,Hegewisch,SOUTHEAST SIDE
601821876,Air Pollution Work Order,2206 E 75TH ST,2206,E,75TH,ST,249349.0,2026-04-18,Paint of paint thinner smell coming from business. Even gets strong to the point have to close windows and can get asstrong even with windows closed can still smell ot,DEPT. OF PUBLIC HEALTH,Complaint Valid,2026-04-20,41.75904729983293,-87.57093203752252,"{'type': 'Point', 'coordinates': [-87.570932037523, 41.759047299833]}",2026-04-18,Saturday,4,South Shore 2,564.9,South Shore,"SOUTH SHORE, GRAND CROSSING"
601821857,Air Pollution Work Order,1508 W SUPERIOR ST,1508,W,SUPERIOR,ST,443615.0,2026-04-18,There is tuckpointing going on and dust is flying everywhere. Onto the street and to our home two houses down,DEPT. OF PUBLIC HEALTH,Refer to Building Dept,2026-04-20,41.89528421736794,-87.66604373494573,"{'type': 'Point', 'coordinates': [-87.666043734946, 41.895284217368]}",2026-04-18,Saturday,4,West Town 4,558.5,West Town,"WICKER PARK,WEST TOWN"
601821862,Air Pollution Work Order,2027 N HALSTED ST,2027,N,HALSTED,ST,437489.0,2026-04-19,&nbsp;It smells many mornings outside our condo complex right across from baba reeba. Smells like rotten eggs&nbsp;,DEPT. OF PUBLIC HEALTH,Alleged violation not found,2026-04-20,41.91900515624042,-87.64839307342965,"{'type': 'Point', 'coordinates': [-87.64839307343, 41.91900515624]}",2026-04-19,Sunday,4,Lincoln Park 1,578.2,Lincoln Park,LINCOLN PARK
601821870,Air Pollution Work Order,2033 W PERSHING RD,2033,W,PERSHING,RD,417337.0,2026-04-19,It’s been happening the week of April 13th-18th so far,DEPT. OF PUBLIC HEALTH,Alleged violation not found,2026-04-20,41.82298056906498,-87.6763435190792,"{'type': 'Point', 'coordinates': [-87.676343519079, 41.822980569065]}",2026-04-19,Sunday,4,McKinley Park 2,771.6,New City,BACK OF THE YARDS
601821905,Air Pollution Work Order,5404 S WASHTENAW AVE,5404,S,WASHTENAW,AVE,84397.0,2026-04-19,Black Dodge minivan leaking engine oil. Area is polluted with oil. Owner plate number z147184,DEPT. OF PUBLIC HEALTH,Refer to StreetsSanitation,2026-04-20,41.79535175354428,-87.69155384081596,"{'type': 'Point', 'coordinates': [-87.691553840816, 41.795351753544]}",2026-04-19,Sunday,4,Gage Park 3,733.1,Gage Park,"MARQUETTE PARK,GAGE PARK"
601824097,Air Pollution Work Order,2701 E 100TH ST,2701,E,100TH,ST,84397.0,2026-04-21,,DEPT. OF PUBLIC HEALTH,Alleged violation unfounded,2026-04-22,41.71324291275156,-87.55803846897774,"{'type': 'Point', 'coordinates': [-87.558038468978, 41.713242912752]}",2026-04-21,Tuesday,4,South Deering 2,442.3,South Deering,SOUTHEAST SIDE
601824199,Air Pollution Work Order,9857 S MANISTEE AVE,9857,S,MANISTEE,AVE,84397.0,2026-04-21,,DEPT. OF PUBLIC HEALTH,Alleged violation unfounded,2026-04-22,41.71558358958087,-87.55634955547984,"{'type': 'Point', 'coordinates': [-87.55634955548, 41.715583589581]}",2026-04-21,Tuesday,4,South Deering 2,382.8,South Deering,SOUTHEAST SIDE
601824160,Air Pollution Work Order,8325 S CREGIER AVE,8325,S,CREGIER,AVE,3308.0,2026-04-21,,DEPT. OF PUBLIC HEALTH,Alleged violation founded,2026-04-22,41.743569446673206,-87.58056081022029,"{'type': 'Point', 'coordinates': [-87.58056081022, 41.743569446673]}",2026-04-21,Tuesday,4,Avalon Park 3,688.5,Avalon Park,"AVALON PARK,CALUMET HEIGHTS"
601824074,Air Pollution Work Order,1839 S KARLOV AVE,1839,S,KARLOV,AVE,431068.0,2026-04-21,&nbsp;fumes of vehicles being spray painted in garage of residential property,DEPT. OF PUBLIC HEALTH,Referred to another agency,2026-04-22,41.85586656404011,-87.72712774504261,"{'type': 'Point', 'coordinates': [-87.727127745043, 41.85586656404]}",2026-04-21,Tuesday,4,North Lawndale 4,716.5,North Lawndale,NORTH LAWNDALE
601828682,Air Pollution Work Order,10929 S LONGWOOD DR,10929,S,LONGWOOD,DR,425726.0,2026-04-21,"On multiple occasions, I have noticed a strong, nauseating chemical odor — described best as a sharp, burning smell — onour property following rain or increased moisture in the air.&nbsp;",DEPT. OF PUBLIC HEALTH,Resolved,2026-09-23,41.694873605850354,-87.67144336642805,"{'type': 'Point', 'coordinates': [-87.671443366428, 41.69487360585]}",2026-04-21,Tuesday,4,Morgan Park 1,409.9,Morgan Park,"MOUNT GREENWOOD,MORGAN PARK"
601824091,Air Pollution Work Order,2027 W PERSHING RD,2027,W,PERSHING,RD,417325.0,2026-04-21,&nbsp;Smells throughout the park at McKinley Park,DEPT. OF PUBLIC HEALTH,Alleged violation not found,2026-04-22,41.82298159389224,-87.67625435715586,"{'type': 'Point', 'coordinates': [-87.676254357156, 41.822981593892]}",2026-04-21,Tuesday,4,McKinley Park 2,766.0,New City,BACK OF THE YARDS
601823135,Air Pollution Work Order,3845 S DAMEN AVE,3845,S,DAMEN,AVE,417325.0,2026-04-21,Every morning it smells like burning tar and fumes are coming out from the plant,DEPT. OF PUBLIC HEALTH,Alleged violation not found,2026-04-21,41.82360885050362,-87.6749530409919,"{'type': 'Point', 'coordinates': [-87.674953040992, 41.823608850504]}",2026-04-21,Tuesday,4,McKinley Park 2,639.5,Mckinley Park,"BRIGHTON PARK,MCKINLEY PARK"
601824208,Air Pollution Work Order,10924 S AVENUE N,10924,S,AVENUE N,,13776.0,2026-04-21,There is a very strong chemical or gas smell. This was occurring about 6pm tonight. It’s making my eyes feel like they areburning and my husband feels the same as well.,DEPT. OF PUBLIC HEALTH,Alleged violation not found,2026-04-22,41.69653905911003,-87.53905206985596,"{'type': 'Point', 'coordinates': [-87.539052069856, 41.69653905911]}",2026-04-21,Tuesday,4,East Side 3,517.4,East Side,SOUTHEAST SIDE
601824200,Air Pollution Work Order,10500 S HOXIE AVE,10500,S,HOXIE,AVE,13776.0,2026-04-21,Per caller- Air smells like sulfur,DEPT. OF PUBLIC HEALTH,Alleged violation not found,2026-04-22,41.70449536195104,-87.56098038988297,"{'type': 'Point', 'coordinates': [-87.560980389883, 41.704495361951]}",2026-04-21,Tuesday,4,South Deering 3,701.5,South Deering,SOUTHEAST SIDE
601824046,Air Pollution Work Order,2141 W SUMMERDALE AVE,2141,W,SUMMERDALE,AVE,379542.0,2026-04-21,HOME IS BEING DEMOLISHED WIHTOUT PROTECTION FROM ASBESTOS SIDING,DEPT. OF PUBLIC HEALTH,Resolved,2026-04-21,41.978592444685205,-87.6835709470626,"{'type': 'Point', 'coordinates': [-87.683570947063, 41.978592444685]}",2026-04-21,Tuesday,4,Lincoln Square 1,629.1,Lincoln Square,LINCOLN SQUARE
601824094,Air Pollution Work Order,10929 S LONGWOOD DR,10929,S,LONGWOOD,DR,425726.0,2026-04-21,"On multiple occasions, I have noticed a strong, nauseating chemical odor — described best as a sharp, burning smell — onour property following rain or increased moisture in the air.&nbsp;",DEPT. OF PUBLIC HEALTH,Resolved,2026-04-22,41.694873605850354,-87.67144336642805,"{'type': 'Point', 'coordinates': [-87.671443366428, 41.69487360585]}",2026-04-21,Tuesday,4,Morgan Park 1,409.9,Morgan Park,"MOUNT GREENWOOD,MORGAN PARK"
601824075,Air Pollution Work Order,1950 W DEVON AVE,1950,W,DEVON,AVE,431068.0,2026-04-21,smell of something dead coming from sewer,DEPT. OF PUBLIC HEALTH,Alleged violation not found,2026-04-22,41.998029383084685,-87.67886206914608,"{'type': 'Point', 'coordinates': [-87.678862069146, 41.998029383085]}",2026-04-21,Tuesday,4,Rogers Park 2,778.9,West Ridge,WEST RIDGE
601824090,Air Pollution Work Order,2000 E 122ND ST,2000,E,122ND,ST,84397.0,2026-04-21,Whole Earth Compost,DEPT. OF PUBLIC HEALTH,Alleged violation not found,2026-04-22,41.67378835745285,-87.57352974030779,"{'type': 'Point', 'coordinates': [-87.573529740308, 41.673788357453]}",2026-04-21,Tuesday,4,South Deering 6,799.5,South Deering,SOUTHEAST SIDE
601824155,Air Pollution Work Order,8224 S KEDZIE AVE,8224,S,KEDZIE,AVE,84397.0,2026-04-21,American United Physical Therapy,DEPT. OF PUBLIC HEALTH,Alleged violation unfounded,2026-04-22,41.743550149388405,-87.7023661373627,"{'type': 'Point', 'coordinates': [-87.702366137363, 41.743550149388]}",2026-04-21,Tuesday,4,Ashburn 6,466.9,Ashburn,ASHBURN
601823125,Air Pollution Work Order,2701 E 100TH ST,2701,E,100TH,ST,84397.0,2026-04-21,Rotten Egg Smell,DEPT. OF PUBLIC HEALTH,Alleged violation unfounded,2026-04-21,41.71324291275156,-87.55803846897774,"{'type': 'Point', 'coordinates': [-87.558038468978, 41.713242912752]}",2026-04-21,Tuesday,4,South Deering 2,442.3,South Deering,SOUTHEAST SIDE
601824114,Air Pollution Work Order,2701 E 100TH ST,2701,E,100TH,ST,84397.0,2026-04-21,Rotten Egg Smell,DEPT. OF PUBLIC HEALTH,Alleged violation unfounded,2026-04-22,41.71324291275156,-87.55803846897774,"{'type': 'Point', 'coordinates': [-87.558038468978, 41.713242912752]}",2026-04-21,Tuesday,4,South Deering 2,442.3,South Deering,SOUTHEAST SIDE
601824123,Air Pollution Work Order,2701 E 100TH ST,2701,E,100TH,ST,84397.0,2026-04-21,Rotten Egg Smell&nbsp;,DEPT. OF PUBLIC HEALTH,Alleged violation unfounded,2026-04-22,41.71324291275156,-87.55803846897774,"{'type': 'Point', 'coordinates': [-87.558038468978, 41.713242912752]}",2026-04-21,Tuesday,4,South Deering 2,442.3,South Deering,SOUTHEAST SIDE
601824664,Air Pollution Work Order,9514 S NORMAL AVE,9514,S,NORMAL,AVE,8386.0,2026-04-22,Per caller-This area has been frequently smelling of chemicals.,DEPT. OF PUBLIC HEALTH,Alleged violation not found,2026-04-23,41.721101160887805,-87.63607085863305,"{'type': 'Point', 'coordinates': [-87.636070858633, 41.721101160888]}",2026-04-22,Wednesday,4,Washington Heights 2,579.3,Washington Heights,"WASHINGTON HEIGHTS,ROSELAND"
601824719,Air Pollution Work Order,11253 S AVENUE J,11253,S,AVENUE J,,13776.0,2026-04-22,,DEPT. OF PUBLIC HEALTH,Alleged violation not found,2026-04-22,41.69028247043953,-87.5339288840696,"{'type': 'Point', 'coordinates': [-87.53392888407, 41.69028247044]}",2026-04-22,Wednesday,4,East Side 4,347.7,East Side,SOUTHEAST SIDE
601824671,Air Pollution Work Order,1641 N SPRINGFIELD AVE,1641,N,SPRINGFIELD,AVE,425726.0,2026-04-22,A house is being rehabbed down the block and I think they are disturbing asbestos siding without proper equipment. Pleasesend someone out to make sure it is safe. Thanks.&nbsp;,DEPT. OF PUBLIC HEALTH,Resolved,2026-04-23,41.91113843877342,-87.72378031813311,"{'type': 'Point', 'coordinates': [-87.723780318133, 41.911138438773]}",2026-04-22,Wednesday,4,Logan Square 4,684.7,Humboldt Park,HUMBOLDT PARK
601824339,Air Pollution Work Order,11600 S AVENUE L,11600,S,AVENUE L,,84397.0,2026-04-22,"Strong unbearable odor all over the southeast side. Been going on for days. Can’t even open windows. Smells like burningrubber/oil, garbage. May be from the landfills by Big Marsh - an open compost burn or something.",DEPT. OF PUBLIC HEALTH,Alleged violation not found,2026-04-24,41.684487991179495,-87.53661218441248,"{'type': 'Point', 'coordinates': [-87.536612184412, 41.684487991179]}",2026-04-22,Wednesday,4,East Side 4,344.9,Hegewisch,SOUTHEAST SIDE
601824207,Air Pollution Work Order,10901 S AVENUE H,10901,S,AVENUE H,,13776.0,2026-04-22,,DEPT. OF PUBLIC HEALTH,Alleged violation not found,2026-04-22,41.69718689589024,-87.5327193594048,"{'type': 'Point', 'coordinates': [-87.532719359405, 41.69718689589]}",2026-04-22,Wednesday,4,East Side 3,484.5,East Side,SOUTHEAST SIDE
601824768,Air Pollution Work Order,8224 S KEDZIE AVE,8224,S,KEDZIE,AVE,8386.0,2026-04-23,Building smells like gas or fumes inside. Door is often opened to try and hide hide smell,DEPT. OF PUBLIC HEALTH,Alleged violation not found,2026-04-24,41.743550149388405,-87.7023661373627,"{'type': 'Point', 'coordinates': [-87.702366137363, 41.743550149388]}",2026-04-23,Thursday,4,Ashburn 6,466.9,Ashburn,ASHBURN
601863351,Air Pollution Work Order,10927 S AVENUE O,10927,S,AVENUE O,,10937.0,2026-04-23,Over the past weeks I have noticed the smell of something burning outside my house. The smell lingers over several blocks but I am unsure where it’s coming from,DEPT. OF PUBLIC HEALTH,Complaint Valid,2026-07-20,41.69648838415447,-87.53993395894871,"{'type': 'Point', 'coordinates': [-87.539933958949, 41.696488384154]}",2026-04-23,Thursday,4,East Side 3,559.3,East Side,SOUTHEAST SIDE
601824773,Air Pollution Work Order,3238 W OGDEN AVE,3238,W,OGDEN,AVE,249349.0,2026-04-23,Monday and Friday spray painting of cars. Fumes are coming into the homes and community,DEPT. OF PUBLIC HEALTH,Alleged violation not found,2026-04-24,41.85759184039149,-87.7068370665136,"{'type': 'Point', 'coordinates': [-87.706837066514, 41.857591840391]}",2026-04-23,Thursday,4,South Lawndale 1,604.2,North Lawndale,NORTH LAWNDALE
601826036,Air Pollution Work Order,3914 W SHAKESPEARE AVE,3914,W,SHAKESPEARE,AVE,417337.0,2026-04-23,"&nbsp;For several years the company has been releasing toxic chemicals in the air during weekdays between the hours of 7-9am, sometimes other times. The odor has a strong smell of varnish or paint thinner that I can smell inside of my home, especially when the windows are open. I made a complaint a couple of years ago and worked with an employee from the EPA to document the instances",DEPT. OF PUBLIC HEALTH,Alleged violation not found,2026-04-28,41.92004450133349,-87.72464406113808,"{'type': 'Point', 'coordinates': [-87.724644061138, 41.920044501333]}",2026-04-23,Thursday,4,Logan Square 4,646.0,Logan Square,LOGAN SQUARE
601824798,Air Pollution Work Order,10002 S TORRENCE AVE,10002,S,TORRENCE,AVE,84397.0,2026-04-23,Pullman Industries,DEPT. OF PUBLIC HEALTH,Alleged violation unfounded,2026-04-24,41.71332321880152,-87.5598940526423,"{'type': 'Point', 'coordinates': [-87.559894052642, 41.713323218802]}",2026-04-23,Thursday,4,South Deering 2,595.8,South Deering,SOUTHEAST SIDE
601824782,Air Pollution Work Order,1845 W RICE ST,1845,W,RICE,ST,417337.0,2026-04-23,Commercial Club Playground,DEPT. OF PUBLIC HEALTH,Alleged violation founded,2026-04-24,41.89676185577306,-87.67398363567585,"{'type': 'Point', 'coordinates': [-87.673983635676, 41.896761855773]}",2026-04-23,Thursday,4,West Town 4,237.1,East Village,UKRAINIAN VILLAGE AND EAST VILLAGE
601824775,Air Pollution Work Order,2945 E 95TH ST,2945,E,95TH,ST,129151.0,2026-04-23,strong burning smell coming from outside by alley,DEPT. OF PUBLIC HEALTH,Resolved,2026-04-24,41.72264504883598,-87.55203095289694,"{'type': 'Point', 'coordinates': [-87.552030952897, 41.722645048836]}",2026-04-23,Thursday,4,Calumet Heights 3,378.2,South Deering,SOUTHEAST SIDE
601824783,Air Pollution Work Order,2206 W LAWRENCE AVE,2206,W,LAWRENCE,AVE,437489.0,2026-04-23,,DEPT. OF PUBLIC HEALTH,Alleged violation founded,2026-04-24,41.968790025583736,-87.68435739289464,"{'type': 'Point', 'coordinates': [-87.684357392895, 41.968790025584]}",2026-04-23,Thursday,4,Lincoln Square 2,867.4,Lincoln Square,LINCOLN SQUARE
601825488,Air Pollution Work Order,6700 S PULASKI RD,6700,S,PULASKI,RD,8386.0,2026-04-24,"Caller states work is being done on the street, a huge amount of dust is being left behind.",DEPT. OF PUBLIC HEALTH,Alleged violation not found,2026-04-12,41.77132586520927,-87.72272137729382,"{'type': 'Point', 'coordinates': [-87.722721377294, 41.771325865209]}",2026-04-24,Friday,4,West Lawn 2,710.6,West Lawn,WEST LAWN
601825485,Air Pollution Work Order,6700 S PULASKI RD,6700,S,PULASKI,RD,8386.0,2026-04-24,"Caller states work is being done on the street, a huge amount of dust is being left behind.",DEPT. OF PUBLIC HEALTH,Alleged violation not found,2026-04-02,41.77132586520927,-87.72272137729382,"{'type': 'Point', 'coordinates': [-87.722721377294, 41.771325865209]}",2026-04-24,Friday,4,West Lawn 2,710.6,West Lawn,WEST LAWN
601825474,Air Pollution Work Order,11142 S AVENUE N,11142,S,AVENUE N,,3308.0,2026-04-24,,DEPT. OF PUBLIC HEALTH,Alleged violation not found,2026-04-28,41.692396883643305,-87.53904796410824,"{'type': 'Point', 'coordinates': [-87.539047964108, 41.692396883643]}",2026-04-24,Friday,4,Washington HS Collocation 1,550.9,East Side,SOUTHEAST SIDE
601825540,Air Pollution Work Order,116 S DAMEN AVE,116,S,DAMEN,AVE,417337.0,2026-04-24,,DEPT. OF PUBLIC HEALTH,Alleged violation not found,2026-04-27,41.87946724940327,-87.67674386980521,"{'type': 'Point', 'coordinates': [-87.676743869805, 41.879467249403]}",2026-04-24,Friday,4,Near West Side 2,697.9,United Center,UNITED CENTER
601825494,Air Pollution Work Order,6312 S PULASKI RD,6312,S,PULASKI,RD,8386.0,2026-04-24,PER CALLER FROM 6300 TO 6700 S PULASKI IS DUST BLOWING ALL OVER DUE TO CONSTRUCTIONWORK,DEPT. OF PUBLIC HEALTH,Alleged violation not found,2026-04-29,41.77822511689669,-87.72289535858397,"{'type': 'Point', 'coordinates': [-87.722895358584, 41.778225116897]}",2026-04-24,Friday,4,West Lawn 2,224.3,West Lawn,WEST LAWN
601825535,Air Pollution Work Order,2210 W PERSHING RD,2210,W,PERSHING,RD,417337.0,2026-04-24,Asphalt odor in McKinley park,DEPT. OF PUBLIC HEALTH,Alleged violation not found,2026-04-27,41.823152544283246,-87.68056214743277,"{'type': 'Point', 'coordinates': [-87.680562147433, 41.823152544283]}",2026-04-24,Friday,4,McKinley Park 1,673.0,Mckinley Park,"BRIGHTON PARK,MCKINLEY PARK"
601825533,Air Pollution Work Order,3300 S LOWE AVE,3300,S,LOWE,AVE,431068.0,2026-04-25,,DEPT. OF PUBLIC HEALTH,Alleged violation not found,2026-04-27,41.83434906116776,-87.64267950132727,"{'type': 'Point', 'coordinates': [-87.642679501327, 41.834349061168]}",2026-04-25,Saturday,4,Armour Square 2,863.2,Bridgeport,BRIDGEPORT
601825538,Air Pollution Work Order,1600 N MARSHFIELD AVE,1600,N,MARSHFIELD,AVE,451826.0,2026-04-26,Smell has been present throughout the day. Unsure of source but smells like burning plastic or formaldehyde. Pervasivethroughout surrounding blocks,DEPT. OF PUBLIC HEALTH,Alleged violation not found,2026-04-29,41.9107019649602,-87.66906113659977,"{'type': 'Point', 'coordinates': [-87.6690611366, 41.91070196496]}",2026-04-26,Sunday,4,West Town 2,415.8,Wicker Park,"WICKER PARK,WEST TOWN"
601825505,Air Pollution Work Order,4001 W FULLERTON AVE,4001,W,FULLERTON,AVE,443615.0,2026-04-26,Per caller- there is a strong chlorine smell in the air near Pulaski and Fullerton.,DEPT. OF PUBLIC HEALTH,Alleged violation not found,2026-04-27,41.92437352872389,-87.72681367807314,"{'type': 'Point', 'coordinates': [-87.726813678073, 41.924373528724]}",2026-04-26,Sunday,4,Logan Square 1,875.6,Hermosa,"BELMONT CRAIGIN,HERMOSA"
601825477,Air Pollution Work Order,9751 S DAMEN AVE,9751,S,DAMEN,AVE,249349.0,2026-04-26,,DEPT. OF PUBLIC HEALTH,Alleged violation not found,2026-04-27,41.715944200770366,-87.67206563857732,"{'type': 'Point', 'coordinates': [-87.672065638577, 41.71594420077]}",2026-04-26,Sunday,4,Beverly 2,400.8,Beverly,BEVERLY
601825475,Air Pollution Work Order,10600 S TORRENCE AVE,10600,S,TORRENCE,AVE,13776.0,2026-04-26,,DEPT. OF PUBLIC HEALTH,Alleged violation not found,2026-04-27,41.702685826640845,-87.55974770717654,"{'type': 'Point', 'coordinates': [-87.559747707177, 41.702685826641]}",2026-04-26,Sunday,4,South Deering 3,572.7,South Deering,SOUTHEAST SIDE
601825484,Air Pollution Work Order,8456 S EAST END AVE,8456,S,EAST END,AVE,425726.0,2026-04-27,CALLER IS A SENIOR CITIZEN,DEPT. OF PUBLIC HEALTH,Resolved,2026-04-28,41.7407033530663,-87.58297762392569,"{'type': 'Point', 'coordinates': [-87.582977623926, 41.740703353066]}",2026-04-27,Monday,4,Avalon Park 3,323.9,Avalon Park,"AVALON PARK,CALUMET HEIGHTS"
601825497,Air Pollution Work Order,6059 S TROY ST,6059,S,TROY,ST,84397.0,2026-04-27,Walking down the block smell of chemical,DEPT. OF PUBLIC HEALTH,Alleged violation not found,2026-04-28,41.78271861962776,-87.70187958412933,"{'type': 'Point', 'coordinates': [-87.701879584129, 41.782718619628]}",2026-04-27,Monday,4,Chicago Lawn 1,612.4,Chicago Lawn,"MARQUETTE PARK,GAGE PARK"
601826043,Air Pollution Work Order,11257 S GREEN BAY AVE,11257,S,GREEN BAY,AVE,3308.0,2026-04-28,EVERYWHERE YOU CAN SMELL IT,DEPT. OF PUBLIC HEALTH,Alleged violation not found,2026-04-28,41.69013721743704,-87.54116288687536,"{'type': 'Point', 'coordinates': [-87.541162886875, 41.690137217437]}",2026-04-28,Tuesday,4,Washington HS Collocation 1,389.5,East Side,SOUTHEAST SIDE
601826833,Air Pollution Work Order,9800 S COMMERCIAL AVE,9800,S,COMMERCIAL,AVE,443615.0,2026-04-28,CAUSING THINKS THIS ODOR SMELLS LIKE ROTTEN FISH MAY BE COMING FROM A FACTORY THATSON 106TH AND TORRENCE,DEPT. OF PUBLIC HEALTH,Alleged violation not found,2026-04-29,41.71721682051764,-87.55115018864568,"{'type': 'Point', 'coordinates': [-87.551150188646, 41.717216820518]}",2026-04-28,Tuesday,4,South Deering 2,437.4,South Deering,SOUTHEAST SIDE
601826797,Air Pollution Work Order,11142 S AVENUE N,11142,S,AVENUE N,,3308.0,2026-04-28,,DEPT. OF PUBLIC HEALTH,Alleged violation not found,2026-04-29,41.692396883643305,-87.53904796410824,"{'type': 'Point', 'coordinates': [-87.539047964108, 41.692396883643]}",2026-04-28,Tuesday,4,Washington HS Collocation 1,550.9,East Side,SOUTHEAST SIDE
601826838,Air Pollution Work Order,2701 E 100TH ST,2701,E,100TH,ST,443615.0,2026-04-28,,DEPT. OF PUBLIC HEALTH,Complaint Valid,2026-04-29,41.71324291275156,-87.55803846897774,"{'type': 'Point', 'coordinates': [-87.558038468978, 41.713242912752]}",2026-04-28,Tuesday,4,South Deering 2,442.3,South Deering,SOUTHEAST SIDE
601826834,Air Pollution Work Order,5848 S TRUMBULL AVE,5848,S,TRUMBULL,AVE,249349.0,2026-04-28,,DEPT. OF PUBLIC HEALTH,Alleged violation not found,2026-04-29,41.78652224504301,-87.709626869466,"{'type': 'Point', 'coordinates': [-87.709626869466, 41.786522245043]}",2026-04-28,Tuesday,4,Gage Park 4,669.9,Gage Park,"MARQUETTE PARK,GAGE PARK"
601827188,Air Pollution Work Order,2464 N CLARK ST,2464,N,CLARK,ST,249349.0,2026-04-29,"Neighbor near business complaining of very strong food smell that is making its way all the way to her window on a prettyhigh floor, she went by in person and said the odor is very bad and thinks they must not have proper filtration/ventilation",DEPT. OF PUBLIC HEALTH,Alleged violation not found,2026-04-30,41.927151434559896,-87.64157936056027,"{'type': 'Point', 'coordinates': [-87.64157936056, 41.92715143456]}",2026-04-29,Wednesday,4,Lincoln Park 2,742.2,Lincoln Park,LINCOLN PARK
601842283,Air Pollution Work Order,2200 W IOWA ST,2200,W,IOWA,ST,425726.0,2026-04-29,"Street cleaning operations near Iowa St, Leavitt St, and Oakley Ave in Ukrainian Village are creating massive clouds of dust. The entire neighborhood is covered in dust and visibility is significantly reduced. Residents are unable to keep windows open",DEPT. OF PUBLIC HEALTH,Resolved,2026-06-01,41.8977548800503,-87.68212516805085,"{'type': 'Point', 'coordinates': [-87.682125168051, 41.89775488005]}",2026-04-29,Wednesday,4,West Town 5,799.0,Ukrainian Village,UKRAINIAN VILLAGE AND EAST VILLAGE
601826921,Air Pollution Work Order,901 N KILPATRICK AVE,901,N,KILPATRICK,AVE,3308.0,2026-04-29,"&nbsp;The facility has large piles of recyclable materials that pose a significant fire hazard, especially during the summer months. They are also operating a shredder that generates noticeable emissions and excessive noise. It is unclear whether they have the proper permits or licenses for this equipment",DEPT. OF PUBLIC HEALTH,Resolved,2026-04-29,41.89694962066588,-87.74342445872753,"{'type': 'Point', 'coordinates': [-87.743424458728, 41.896949620666]}",2026-04-29,Wednesday,4,Humboldt Park 5,855.3,Austin,AUSTIN
601827691,Air Pollution Work Order,520 N HALSTED ST,520,N,HALSTED,ST,417337.0,2026-04-30,,DEPT. OF PUBLIC HEALTH,Complaint Valid,2026-05-01,41.89188848509332,-87.6477646275495,"{'type': 'Point', 'coordinates': [-87.647764627549, 41.891888485093]}",2026-04-30,Thursday,4,West Town 3,643.7,West Town,"WICKER PARK,WEST TOWN"
601827666,Air Pollution Work Order,3010 S PARNELL AVE,3010,S,PARNELL,AVE,3308.0,2026-04-30,Sanding brick,DEPT. OF PUBLIC HEALTH,Alleged violation not found,2026-05-01,41.83957045144261,-87.64037683003086,"{'type': 'Point', 'coordinates': [-87.640376830031, 41.839570451443]}",2026-04-30,Thursday,4,Armour Square 2,402.4,Bridgeport,BRIDGEPORT
601827674,Air Pollution Work Order,2206 W LAWRENCE AVE,2206,W,LAWRENCE,AVE,437489.0,2026-04-30,,DEPT. OF PUBLIC HEALTH,Alleged violation founded,2026-05-01,41.968790025583736,-87.68435739289464,"{'type': 'Point', 'coordinates': [-87.684357392895, 41.968790025584]}",2026-04-30,Thursday,4,Lincoln Square 2,867.4,Lincoln Square,LINCOLN SQUARE
601828745,Air Pollution Work Order,1107 W LAWRENCE AVE,1107,W,LAWRENCE,AVE,431068.0,2026-05-01,Live Nation,DEPT. OF PUBLIC HEALTH,Alleged violation not found,2026-05-05,41.96893838886728,-87.65793164805889,"{'type': 'Point', 'coordinates': [-87.657931648059, 41.968938388867]}",2026-05-01,Friday,5,Uptown 2,813.1,Uptown,UPTOWN
601828732,Air Pollution Work Order,1100 W LAWRENCE AVE,1100,W,LAWRENCE,AVE,431068.0,2026-05-01,Live Nationsemi truck idling for hours,DEPT. OF PUBLIC HEALTH,Alleged violation not found,2026-05-05,41.96916138280363,-87.65766799612113,"{'type': 'Point', 'coordinates': [-87.657667996121, 41.969161382804]}",2026-05-01,Friday,5,Uptown 2,781.6,Uptown,UPTOWN
601828771,Air Pollution Work Order,2028 W MOFFAT ST,2028,W,MOFFAT,ST,417337.0,2026-05-02,The gas smell like a very strong at 2030 W. Moffat,DEPT. OF PUBLIC HEALTH,Alleged violation not found,2026-05-04,41.91556085919789,-87.67876621690182,"{'type': 'Point', 'coordinates': [-87.678766216902, 41.915560859198]}",2026-05-02,Saturday,5,Logan Square 2,885.0,Bucktown,BUCKTOWN
601828707,Air Pollution Work Order,34 W 15TH ST,34,W,15TH,ST,379542.0,2026-05-02,"Construction activity for the new Chicago fire Stadium in the 78 development has been progressively getting worse. Dust,smoke, pollutants from the soil are following the Westerly winds on our residential neighborhood.",DEPT. OF PUBLIC HEALTH,Resolved,2026-05-04,41.862045822979326,-87.628541473614,"{'type': 'Point', 'coordinates': [-87.628541473614, 41.862045822979]}",2026-05-02,Saturday,5,Near West Side 4,657.7,Near South Side,NEAR SOUTH SIDE
601828699,Air Pollution Work Order,1300 N LAKE SHORE DR,1300,N,LAKE SHORE,DR,437489.0,2026-05-02,,DEPT. OF PUBLIC HEALTH,Alleged violation not found,2026-05-04,41.90588600275259,-87.62545055294856,"{'type': 'Point', 'coordinates': [-87.625450552949, 41.905886002753]}",2026-05-02,Saturday,5,Near North Side 2,970.0,Gold Coast,GOLD COAST
601828778,Air Pollution Work Order,12123 S STONY ISLAND AVE,12123,S,STONY ISLAND,AVE,10937.0,2026-05-03,Whole Earth Compost,DEPT. OF PUBLIC HEALTH,Complaint Valid,2026-05-04,41.67476321784588,-87.57523381974174,"{'type': 'Point', 'coordinates': [-87.575233819742, 41.674763217846]}",2026-05-03,Sunday,5,South Deering 6,961.7,South Deering,SOUTHEAST SIDE
601828773,Air Pollution Work Order,1632 W 99TH ST,1632,W,99TH,ST,249349.0,2026-05-03,The church at 99th and Prospect has a commercial semi trailer parked in its lot and it idles for hours and hours. I havevideo. The USDOT number is 2404871 and the plate is Ohio PXA7154.&nbsp;,DEPT. OF PUBLIC HEALTH,Alleged violation not found,2026-05-04,41.71404290914943,-87.66470006481627,"{'type': 'Point', 'coordinates': [-87.664700064816, 41.714042909149]}",2026-05-03,Sunday,5,Washington Heights 5,900.6,Beverly,BEVERLY
601836376,Air Pollution Work Order,4170 N MARINE DR,4170,N,MARINE,DR,451826.0,2026-05-04,,DEPT. OF PUBLIC HEALTH,Alleged violation founded,2026-05-04,41.95757265588964,-87.64640260453923,"{'type': 'Point', 'coordinates': [-87.646402604539, 41.95757265589]}",2026-05-04,Monday,5,Uptown 3,815.5,Uptown,UPTOWN
601829409,Air Pollution Work Order,2435 W 18TH ST,2435,W,18TH,ST,10937.0,2026-05-04,,DEPT. OF PUBLIC HEALTH,Alleged violation founded,2026-05-05,41.85740940000216,-87.68744717289165,"{'type': 'Point', 'coordinates': [-87.687447172892, 41.857409400002]}",2026-05-04,Monday,5,Lower West Side 1,535.5,Lower West Side,LOWER WEST SIDE
601829343,Air Pollution Work Order,2701 E 100TH ST,2701,E,100TH,ST,417337.0,2026-05-04,,DEPT. OF PUBLIC HEALTH,Alleged violation founded,2026-05-05,41.71324291275156,-87.55803846897774,"{'type': 'Point', 'coordinates': [-87.558038468978, 41.713242912752]}",2026-05-04,Monday,5,South Deering 2,442.3,South Deering,SOUTHEAST SIDE
601829337,Air Pollution Work Order,824 N LATROBE AVE,824,N,LATROBE,AVE,3308.0,2026-05-04,"Homeowner openly burns waste materials(painted wood, plastic) in a metal barrel on his side yard, time of day varies butthe smoke and fumes are nauseating since the wind tends to come from his direction and straight to our home",DEPT. OF PUBLIC HEALTH,Alleged violation founded,2026-05-05,41.895689860840406,-87.75699224400374,"{'type': 'Point', 'coordinates': [-87.756992244004, 41.89568986084]}",2026-05-04,Monday,5,Austin 3,615.3,Austin,AUSTIN
601828765,Air Pollution Work Order,3827 S HONORE ST,3827,S,HONORE,ST,417337.0,2026-05-04,Another beautiful day I can’t open my windows because asphalt permeates the whole block,DEPT. OF PUBLIC HEALTH,Alleged violation not found,2026-05-04,41.82415068482555,-87.67129372988381,"{'type': 'Point', 'coordinates': [-87.671293729884, 41.824150684826]}",2026-05-04,Monday,5,McKinley Park 2,413.3,Mckinley Park,"BRIGHTON PARK,MCKINLEY PARK"
601829392,Air Pollution Work Order,2820 E 98TH ST,2820,E,98TH,ST,417337.0,2026-05-04,Was at a PAC meeting at Veteran’s Memorial Park from 6-7pm. There was a southwest wind blowing and the smellpermeated the Fieldhouse and the park.,DEPT. OF PUBLIC HEALTH,Alleged violation founded,2026-05-05,41.71739698232611,-87.55556912647302,"{'type': 'Point', 'coordinates': [-87.555569126473, 41.717396982326]}",2026-05-04,Monday,5,South Deering 2,497.5,South Deering,SOUTHEAST SIDE
601830353,Air Pollution Work Order,4863 N PAULINA ST,4863,N,PAULINA,ST,451826.0,2026-05-05,,DEPT. OF PUBLIC HEALTH,Alleged violation not found,2026-05-06,41.970703989544255,-87.67092342843523,"{'type': 'Point', 'coordinates': [-87.670923428435, 41.970703989544]}",2026-05-05,Tuesday,5,Uptown 1,578.2,Uptown,UPTOWN
601830316,Air Pollution Work Order,2701 E 100TH ST,2701,E,100TH,ST,417337.0,2026-05-05,,DEPT. OF PUBLIC HEALTH,Alleged violation founded,2026-05-06,41.71324291275156,-87.55803846897774,"{'type': 'Point', 'coordinates': [-87.558038468978, 41.713242912752]}",2026-05-05,Tuesday,5,South Deering 2,442.3,South Deering,SOUTHEAST SIDE
601830268,Air Pollution Work Order,1632 N LUNA AVE,1632,N,LUNA,AVE,437489.0,2026-05-05,,DEPT. OF PUBLIC HEALTH,Alleged violation not found,2026-05-06,41.91038889338168,-87.76439778465716,"{'type': 'Point', 'coordinates': [-87.764397784657, 41.910388893382]}",2026-05-05,Tuesday,5,Austin 1,716.8,Austin,AUSTIN
601831043,Air Pollution Work Order,2000 E 122ND ST,2000,E,122ND,ST,10937.0,2026-05-06,RECLAMATION COMPANY BURNING OUTSIDE THE SMOKE AND ODORS IS TRAVELINGTHROUGHOUT THE AREA AFFECTING PEOPLE AND OTHER COMPANIES IN THE AREA -USUALLY TAKES PLACE DURING THE EVENING HOURS&nbsp;,DEPT. OF PUBLIC HEALTH,Complaint Valid,2026-05-07,41.67378835745285,-87.57352974030779,"{'type': 'Point', 'coordinates': [-87.573529740308, 41.673788357453]}",2026-05-06,Wednesday,5,South Deering 6,799.5,South Deering,SOUTHEAST SIDE
601831020,Air Pollution Work Order,3560 S WINCHESTER AVE,3560,S,WINCHESTER,AVE,417337.0,2026-05-06,Biking to work and the smell is blowing a good ways north this morning.&nbsp;,DEPT. OF PUBLIC HEALTH,Alleged violation not found,2026-05-07,41.828670667544415,-87.67416720419249,"{'type': 'Point', 'coordinates': [-87.674167204192, 41.828670667544]}",2026-05-06,Wednesday,5,McKinley Park 2,415.5,Mckinley Park,"BRIGHTON PARK,MCKINLEY PARK"
601830323,Air Pollution Work Order,2701 E 100TH ST,2701,E,100TH,ST,417337.0,2026-05-06,,DEPT. OF PUBLIC HEALTH,Alleged violation founded,2026-05-06,41.71324291275156,-87.55803846897774,"{'type': 'Point', 'coordinates': [-87.558038468978, 41.713242912752]}",2026-05-06,Wednesday,5,South Deering 2,442.3,South Deering,SOUTHEAST SIDE
601830759,Air Pollution Work Order,3523 S ASHLAND AVE,3523,S,ASHLAND,AVE,249349.0,2026-05-06,Strong smell of sulfur&nbsp; within a two block radius of the intersection of Ashland and Archer.,DEPT. OF PUBLIC HEALTH,Alleged violation not found,2026-05-07,41.82979082630757,-87.66540278660702,"{'type': 'Point', 'coordinates': [-87.665402786607, 41.829790826308]}",2026-05-06,Wednesday,5,McKinley Park 2,410.5,Mckinley Park,"BRIGHTON PARK,MCKINLEY PARK"
601830328,Air Pollution Work Order,2701 E 100TH ST,2701,E,100TH,ST,417337.0,2026-05-06,,DEPT. OF PUBLIC HEALTH,Alleged violation founded,2026-05-06,41.71324291275156,-87.55803846897774,"{'type': 'Point', 'coordinates': [-87.558038468978, 41.713242912752]}",2026-05-06,Wednesday,5,South Deering 2,442.3,South Deering,SOUTHEAST SIDE
601830909,Air Pollution Work Order,543 E 50TH ST,543,E,50TH,ST,425726.0,2026-05-06,,DEPT. OF PUBLIC HEALTH,Resolved,2026-05-12,41.80387888728435,-87.6121445180414,"{'type': 'Point', 'coordinates': [-87.612144518041, 41.803878887284]}",2026-05-06,Wednesday,5,Grand Boulevard 2,592.8,Grand Boulevard,BRONZEVILLE
601831832,Air Pollution Work Order,9965 S ESCANABA AVE,9965,S,ESCANABA,AVE,417337.0,2026-05-07,,DEPT. OF PUBLIC HEALTH,Alleged violation not found,2026-05-08,41.71353533947205,-87.55355789370799,"{'type': 'Point', 'coordinates': [-87.553557893708, 41.713535339472]}",2026-05-07,Thursday,5,South Deering 2,70.2,South Deering,SOUTHEAST SIDE
601831808,Air Pollution Work Order,7251 S PEORIA ST,7251,S,PEORIA,ST,451826.0,2026-05-07,,DEPT. OF PUBLIC HEALTH,Alleged violation not found,2026-05-08,41.76184407011686,-87.64660517549322,"{'type': 'Point', 'coordinates': [-87.646605175493, 41.761844070117]}",2026-05-07,Thursday,5,Englewood 5,621.1,Englewood,ENGLEWOOD
601831028,Air Pollution Work Order,3440 S WALLACE ST,3440,S,WALLACE,ST,443615.0,2026-05-07,,DEPT. OF PUBLIC HEALTH,Refer to Building Dept,2026-05-07,41.83138460579538,-87.64139398617331,"{'type': 'Point', 'coordinates': [-87.641393986173, 41.831384605795]}",2026-05-07,Thursday,5,Armour Square 3,655.5,Bridgeport,BRIDGEPORT
601831806,Air Pollution Work Order,2055 W PERSHING RD,2055,W,PERSHING,RD,417337.0,2026-05-08,"I’m outside at 7:30am, the smell of asphalt hits my nose. There is no wind today and MAT is polluting this residentialneighborhood again with no consequences. I live over 2,000 feet away from their site.",DEPT. OF PUBLIC HEALTH,Alleged violation not found,2026-05-08,41.822972765727336,-87.67702220737627,"{'type': 'Point', 'coordinates': [-87.677022207376, 41.822972765727]}",2026-05-08,Friday,5,McKinley Park 2,815.1,New City,BACK OF THE YARDS
601832474,Air Pollution Work Order,618 E 111TH ST,618,E,111TH,ST,13776.0,2026-05-08,,DEPT. OF PUBLIC HEALTH,Alleged violation not found,2026-05-11,41.69289721215507,-87.60825744163974,"{'type': 'Point', 'coordinates': [-87.60825744164, 41.692897212155]}",2026-05-08,Friday,5,Pullman 4,686.2,Pullman,PULLMAN
601832409,Air Pollution Work Order,3658 S DAMEN AVE,3658,S,DAMEN,AVE,417337.0,2026-05-08,I smell matt asphalt several times this week on my walk to Orange line down 37th street and around 730 am,DEPT. OF PUBLIC HEALTH,Alleged violation not found,2026-05-11,41.8268295747288,-87.67533075323192,"{'type': 'Point', 'coordinates': [-87.675330753232, 41.826829574729]}",2026-05-08,Friday,5,McKinley Park 2,500.8,Mckinley Park,"BRIGHTON PARK,MCKINLEY PARK"
601832358,Air Pollution Work Order,10800 S BENSLEY AVE,10800,S,BENSLEY,AVE,10937.0,2026-05-08,,DEPT. OF PUBLIC HEALTH,Complaint Valid,2026-05-11,41.699080480192336,-87.56332353265893,"{'type': 'Point', 'coordinates': [-87.563323532659, 41.699080480192]}",2026-05-08,Friday,5,South Deering 10,641.1,South Deering,SOUTHEAST SIDE
601832467,Air Pollution Work Order,810 N MARSHFIELD AVE,810,N,MARSHFIELD,AVE,249349.0,2026-05-08,"Heavy smoke and grease emitting from roof AHU. Smoke around the whole block, this is typical every day and affectingnearby residential homes.",DEPT. OF PUBLIC HEALTH,Alleged violation not found,2026-05-12,41.89641175668324,-87.66867222719841,"{'type': 'Point', 'coordinates': [-87.668672227198, 41.896411756683]}",2026-05-08,Friday,5,West Town 4,381.5,East Village,UKRAINIAN VILLAGE AND EAST VILLAGE
601831814,Air Pollution Work Order,2701 E 100TH ST,2701,E,100TH,ST,417337.0,2026-05-08,,DEPT. OF PUBLIC HEALTH,Alleged violation not found,2026-05-08,41.71324291275156,-87.55803846897774,"{'type': 'Point', 'coordinates': [-87.558038468978, 41.713242912752]}",2026-05-08,Friday,5,South Deering 2,442.3,South Deering,SOUTHEAST SIDE
601831811,Air Pollution Work Order,3658 S DAMEN AVE,3658,S,DAMEN,AVE,417337.0,2026-05-08,Smells like asphalt&nbsp;,DEPT. OF PUBLIC HEALTH,Alleged violation not found,2026-05-08,41.8268295747288,-87.67533075323192,"{'type': 'Point', 'coordinates': [-87.675330753232, 41.826829574729]}",2026-05-08,Friday,5,McKinley Park 2,500.8,Mckinley Park,"BRIGHTON PARK,MCKINLEY PARK"
601833205,Air Pollution Work Order,4700 S WESTERN AVE,4700,S,WESTERN,AVE,379542.0,2026-05-11,,DEPT. OF PUBLIC HEALTH,Resolved,2026-05-12,41.808378407946726,-87.68457071689552,"{'type': 'Point', 'coordinates': [-87.684570716896, 41.808378407947]}",2026-05-11,Monday,5,Gage Park 2,668.2,Brighton Park,"BRIGHTON PARK,MCKINLEY PARK"
601832475,Air Pollution Work Order,242 W 116TH ST,242,W,116TH,ST,13776.0,2026-05-11,,DEPT. OF PUBLIC HEALTH,Alleged violation not found,2026-05-11,41.68353109866793,-87.62931155167466,"{'type': 'Point', 'coordinates': [-87.629311551675, 41.683531098668]}",2026-05-11,Monday,5,Roseland 5,864.0,West Pullman,WEST PULLMAN
601833220,Air Pollution Work Order,2432 W BARRY AVE,2432,W,BARRY,AVE,376199.0,2026-05-11,This is an ongoing issue I have addy with the alderman’s office. I have many videos of this place polluting the air withunknown materials.,DEPT. OF PUBLIC HEALTH,Alleged violation founded,2026-05-12,41.93774273875636,-87.68919534646047,"{'type': 'Point', 'coordinates': [-87.68919534646, 41.937742738756]}",2026-05-11,Monday,5,Avondale 2,289.8,North Center,NORTH CENTER
601833220,Air Pollution Work Order,2432 W BARRY AVE,2432,W,BARRY,AVE,376199.0,2026-05-11,This is an ongoing issue I have addy with the alderman’s office. I have many videos of this place polluting the air withunknown materials.,DEPT. OF PUBLIC HEALTH,Alleged violation founded,2026-05-12,41.93774273875636,-87.68919534646047,"{'type': 'Point', 'coordinates': [-87.68919534646, 41.937742738756]}",2026-05-11,Monday,5,Avondale 2,289.8,North Center,NORTH CENTER
601833204,Air Pollution Work Order,8300 S LAFAYETTE AVE,8300,S,LAFAYETTE,AVE,84397.0,2026-05-11,,DEPT. OF PUBLIC HEALTH,Alleged violation not found,2026-05-12,41.74354184797457,-87.62577324146703,"{'type': 'Point', 'coordinates': [-87.625773241467, 41.743541847975]}",2026-05-11,Monday,5,Chatham 1,667.7,Chatham,"CHATHAM,BURNSIDE"
601833069,Air Pollution Work Order,8725 S ESSEX AVE,8725,S,ESSEX,AVE,13776.0,2026-05-12,odor is in the air,DEPT. OF PUBLIC HEALTH,Alleged violation not found,2026-05-12,41.73643070479909,-87.56348307229946,"{'type': 'Point', 'coordinates': [-87.563483072299, 41.736430704799]}",2026-05-12,Tuesday,5,Avalon Park 2,496.7,South Chicago,SOUTH CHICAGO
601833231,Air Pollution Work Order,600 S WELLS ST,600,S,WELLS,ST,249349.0,2026-05-12,"This building has an exhaust pipe pointing straight at the sidewalk, which is frequently turned on spewing out visiblesmoke and emissions. I don’t understand why a building would be burning oil diesel",DEPT. OF PUBLIC HEALTH,Alleged violation not found,2026-05-12,41.87442085683264,-87.6337743239037,"{'type': 'Point', 'coordinates': [-87.633774323904, 41.874420856833]}",2026-05-12,Tuesday,5,Loop 1,772.6,Loop,LOOP
601833630,Air Pollution Work Order,9134 S BRANDON AVE,9134,S,BRANDON,AVE,13776.0,2026-05-12,Odor in the air smells of sulfur and fish,DEPT. OF PUBLIC HEALTH,Alleged violation not found,2026-05-13,41.72906737120844,-87.54704928018546,"{'type': 'Point', 'coordinates': [-87.547049280185, 41.729067371208]}",2026-05-12,Tuesday,5,Calumet Heights 3,569.1,South Chicago,SOUTH CHICAGO
601833228,Air Pollution Work Order,2055 W PERSHING RD,2055,W,PERSHING,RD,417337.0,2026-05-12,"Walking thru McKinleyPark at 7:30am, the smell of asphalt is everywhere. How can the city ignore a polluter while peopletrying to breathe fresh air, walk their dog, and exercise, have to breathe this toxic air?",DEPT. OF PUBLIC HEALTH,Alleged violation founded,2026-05-12,41.822972765727336,-87.67702220737627,"{'type': 'Point', 'coordinates': [-87.677022207376, 41.822972765727]}",2026-05-12,Tuesday,5,McKinley Park 2,815.1,New City,BACK OF THE YARDS
601833588,Air Pollution Work Order,2701 E 100TH ST,2701,E,100TH,ST,417337.0,2026-05-12,,DEPT. OF PUBLIC HEALTH,Alleged violation founded,2026-05-13,41.71324291275156,-87.55803846897774,"{'type': 'Point', 'coordinates': [-87.558038468978, 41.713242912752]}",2026-05-12,Tuesday,5,South Deering 2,442.3,South Deering,SOUTHEAST SIDE
601833219,Air Pollution Work Order,3657 S HAMILTON AVE,3657,S,HAMILTON,AVE,417337.0,2026-05-12,Stinks along the Park of asphalt,DEPT. OF PUBLIC HEALTH,Alleged violation founded,2026-05-12,41.82685171993164,-87.67869963535635,"{'type': 'Point', 'coordinates': [-87.678699635356, 41.826851719932]}",2026-05-12,Tuesday,5,McKinley Park 1,605.7,Mckinley Park,"BRIGHTON PARK,MCKINLEY PARK"
601833583,Air Pollution Work Order,1924 S JEFFERSON ST,1924,S,JEFFERSON,ST,249349.0,2026-05-12,,DEPT. OF PUBLIC HEALTH,Complaint Valid,2026-05-13,41.85610363059056,-87.64195954029658,"{'type': 'Point', 'coordinates': [-87.641959540297, 41.856103630591]}",2026-05-12,Tuesday,5,Armour Square 1,672.6,Lower West Side,LOWER WEST SIDE
601833616,Air Pollution Work Order,4022 S CALIFORNIA AVE,4022,S,CALIFORNIA,AVE,437489.0,2026-05-12,,DEPT. OF PUBLIC HEALTH,Complaint Valid,2026-05-13,41.82021013256021,-87.69471963143612,"{'type': 'Point', 'coordinates': [-87.694719631436, 41.82021013256]}",2026-05-12,Tuesday,5,Brighton Park 3,906.6,Brighton Park,"BRIGHTON PARK,MCKINLEY PARK"
601834376,Air Pollution Work Order,10300 S TORRENCE AVE,10300,S,TORRENCE,AVE,417337.0,2026-05-13,The powerful chemical smell at 103rd and Torrence when I was waiting at the light made me call 311,DEPT. OF PUBLIC HEALTH,Alleged violation founded,2026-05-14,41.70807742904229,-87.55980687133224,"{'type': 'Point', 'coordinates': [-87.559806871332, 41.708077429042]}",2026-05-13,Wednesday,5,South Deering 3,825.4,South Deering,SOUTHEAST SIDE
601834356,Air Pollution Work Order,7700 N EASTLAKE TER,7700,N,EASTLAKE,TER,437489.0,2026-05-13,The crew demolishing the inside of this building is dumping everything in a truck in front of the building. There are clouds Description:of dust coming from the truck and from open windows inside the building. There is also debris on the sidewalk and street.,DEPT. OF PUBLIC HEALTH,Resolved,2026-05-19,42.02094210783487,-87.66523726489625,"{'type': 'Point', 'coordinates': [-87.665237264896, 42.020942107835]}",2026-05-13,Wednesday,5,Rogers Park 1,739.7,Rogers Park,ROGERS PARK
601834352,Air Pollution Work Order,8019 S YATES BLVD,8019,S,YATES,BLVD,13776.0,2026-05-13,THE CALLER STATED THAT ITS COMING FROM A HOLE WHERE THE CONES ARE SURROUNDING IT ANDIT SMELL REAL BAD LIKE GAS,DEPT. OF PUBLIC HEALTH,Alleged violation unfounded,2026-05-14,41.74925159262624,-87.56604370644334,"{'type': 'Point', 'coordinates': [-87.566043706443, 41.749251592626]}",2026-05-13,Wednesday,5,South Chicago 1,347.1,South Chicago,SOUTH CHICAGO
601834356,Air Pollution Work Order,7700 N EASTLAKE TER,7700,N,EASTLAKE,TER,437489.0,2026-05-13,The crew demolishing the inside of this building is dumping everything in a truck in front of the building. There are clouds Description:of dust coming from the truck and from open windows inside the building. There is also debris on the sidewalk and street.,DEPT. OF PUBLIC HEALTH,Resolved,2026-05-19,42.02094210783487,-87.66523726489625,"{'type': 'Point', 'coordinates': [-87.665237264896, 42.020942107835]}",2026-05-13,Wednesday,5,Rogers Park 1,739.7,Rogers Park,ROGERS PARK
601835954,Air Pollution Work Order,10929 S LONGWOOD DR,10929,S,LONGWOOD,DR,249349.0,2026-05-14,A burning/chemical/smoke odor continues to reappear in my neighborhood. Used to be only after precipitation but thistime it appeared out of nowhere. This is the second time I have filed a complaint for this odor.,DEPT. OF PUBLIC HEALTH,Alleged violation not found,2026-05-15,41.694873605850354,-87.67144336642805,"{'type': 'Point', 'coordinates': [-87.671443366428, 41.69487360585]}",2026-05-14,Thursday,5,Morgan Park 1,409.9,Morgan Park,"MOUNT GREENWOOD,MORGAN PARK"
601834342,Air Pollution Work Order,2701 E 100TH ST,2701,E,100TH,ST,417337.0,2026-05-14,,DEPT. OF PUBLIC HEALTH,Alleged violation founded,2026-05-14,41.71324291275156,-87.55803846897774,"{'type': 'Point', 'coordinates': [-87.558038468978, 41.713242912752]}",2026-05-14,Thursday,5,South Deering 2,442.3,South Deering,SOUTHEAST SIDE
601834890,Air Pollution Work Order,347 N CALIFORNIA AVE,347,N,CALIFORNIA,AVE,129151.0,2026-05-14,This business covers cars in dust all down Fulton. I work at Ayalytical and my car is covered in dust after just one Description:workday. They need to figure out how to mitigate dustTower Alloys,DEPT. OF PUBLIC HEALTH,Alleged violation not found,2026-05-18,41.88752398730311,-87.69631316053132,"{'type': 'Point', 'coordinates': [-87.696313160531, 41.887523987303]}",2026-05-14,Thursday,5,Humboldt Park 3,666.5,Garfield Park,GARFIELD PARK
601835939,Air Pollution Work Order,4036 W MONTROSE AVE,4036,W,MONTROSE,AVE,437489.0,2026-05-14,,DEPT. OF PUBLIC HEALTH,Resolved,2026-05-15,41.961040859839656,-87.72936732259618,"{'type': 'Point', 'coordinates': [-87.729367322596, 41.96104085984]}",2026-05-14,Thursday,5,Albany Park 3,294.6,Albany Park,"NORTH PARK,ALBANY PARK"
601834905,Air Pollution Work Order,29 W GARFIELD BLVD,29,W,GARFIELD,BLVD,8386.0,2026-05-14,&nbsp;Sewer smell and smell of feces all along the southside. Strongest at callers residence outside.,DEPT. OF PUBLIC HEALTH,Alleged violation founded,2026-05-15,41.794165092329166,-87.62683338669186,"{'type': 'Point', 'coordinates': [-87.626833386692, 41.794165092329]}",2026-05-14,Thursday,5,Washington Park 1,812.8,Washington Park,WASHINGTON PARK
601834913,Air Pollution Work Order,2210 W PERSHING RD,2210,W,PERSHING,RD,417337.0,2026-05-14,Rotten Egg Smell,DEPT. OF PUBLIC HEALTH,Alleged violation not found,2026-05-15,41.823152544283246,-87.68056214743277,"{'type': 'Point', 'coordinates': [-87.680562147433, 41.823152544283]}",2026-05-14,Thursday,5,McKinley Park 1,673.0,Mckinley Park,"BRIGHTON PARK,MCKINLEY PARK"
601834882,Air Pollution Work Order,2201 W 18TH ST,2201,W,18TH,ST,379542.0,2026-05-14,Trucks travelling through the alley creating a lot of dust and dropping rocks and debris damaging neighbors vehicle,DEPT. OF PUBLIC HEALTH,Resolved,2026-05-15,41.85749369313822,-87.68102027086931,"{'type': 'Point', 'coordinates': [-87.681020270869, 41.857493693138]}",2026-05-14,Thursday,5,Lower West Side 1,698.8,Lower West Side,LOWER WEST SIDE
601835778,Air Pollution Work Order,2857 E 96TH ST,2857,E,96TH,ST,249349.0,2026-05-15,,DEPT. OF PUBLIC HEALTH,Complaint Valid,2026-05-18,41.720793194507,-87.55429616267979,"{'type': 'Point', 'coordinates': [-87.55429616268, 41.720793194507]}",2026-05-15,Friday,5,Calumet Heights 3,599.1,South Deering,SOUTHEAST SIDE
601835775,Air Pollution Work Order,2701 E 100TH ST,2701,E,100TH,ST,249349.0,2026-05-15,,DEPT. OF PUBLIC HEALTH,Alleged violation founded,2026-05-18,41.71324291275156,-87.55803846897774,"{'type': 'Point', 'coordinates': [-87.558038468978, 41.713242912752]}",2026-05-15,Friday,5,South Deering 2,442.3,South Deering,SOUTHEAST SIDE
601834888,Air Pollution Work Order,656 N HALSTED ST,656,N,HALSTED,ST,431068.0,2026-05-15,"caller does not have exact address, states this is a casino that is being built. says there is a large cloud of dust as workersare at propertyBally's Casino",DEPT. OF PUBLIC HEALTH,Alleged violation not found,2026-05-15,41.89390348037838,-87.6478390583707,"{'type': 'Point', 'coordinates': [-87.647839058371, 41.893903480378]}",2026-05-15,Friday,5,West Town 3,566.4,West Town,"WICKER PARK,WEST TOWN"
601835796,Air Pollution Work Order,3757 S DAMEN AVE,3757,S,DAMEN,AVE,417337.0,2026-05-15,This asphalt company is polluting the air all around McKinley Park,DEPT. OF PUBLIC HEALTH,Alleged violation not found,2026-05-18,41.82504547701195,-87.67499268395356,"{'type': 'Point', 'coordinates': [-87.674992683954, 41.825045477012]}",2026-05-15,Friday,5,McKinley Park 2,544.4,Mckinley Park,"BRIGHTON PARK,MCKINLEY PARK"
601835761,Air Pollution Work Order,1231 W 37TH ST,1231,W,37TH,ST,451826.0,2026-05-15,It smells so horrible it hurts to breath.,DEPT. OF PUBLIC HEALTH,Resolved,2026-05-13,41.82659557029389,-87.65667537709291,"{'type': 'Point', 'coordinates': [-87.656675377093, 41.826595570294]}",2026-05-15,Friday,5,Bridgeport 2,402.8,Bridgeport,BRIDGEPORT
601835787,Air Pollution Work Order,3449 W 66TH PL,3449,W,66TH,PL,249349.0,2026-05-16,"A large metal barrel is being used to burn wood/household debris; heavy smoke is visible and isdrifting into neighboring yards. The fire is close to a tree and patio area and there are children’s toysnearby, creating a",DEPT. OF PUBLIC HEALTH,Alleged violation not found,2026-05-18,41.772390651883775,-87.70975720620632,"{'type': 'Point', 'coordinates': [-87.709757206206, 41.772390651884]}",2026-05-16,Saturday,5,Chicago Lawn 1,755.6,Chicago Lawn,"MARQUETTE PARK,GAGE PARK"
601835770,Air Pollution Work Order,1742 N WINCHESTER AVE,1742,N,WINCHESTER,AVE,10937.0,2026-05-17,"I believe the odor is coming from Sipi Metals on 1720 N Elston. I smell the same chemicalmetallic smell when I drive past it, but now I can smell it outside dummy front yard.",DEPT. OF PUBLIC HEALTH,Alleged violation not found,2026-05-18,41.91353027934692,-87.67645904003517,"{'type': 'Point', 'coordinates': [-87.676459040035, 41.913530279347]}",2026-05-17,Sunday,5,West Town 2,667.5,Wicker Park,"WICKER PARK,WEST TOWN"
601835788,Air Pollution Work Order,3459 S ASHLAND AVE,3459,S,ASHLAND,AVE,249349.0,2026-05-17,BETWEEN ASHLAND AND IRON ST,DEPT. OF PUBLIC HEALTH,Alleged violation not found,2026-05-18,41.83059532795145,-87.66542376401945,"{'type': 'Point', 'coordinates': [-87.665423764019, 41.830595327951]}",2026-05-17,Sunday,5,McKinley Park 2,468.4,Mckinley Park,"BRIGHTON PARK,MCKINLEY PARK"
601835767,Air Pollution Work Order,1601 S STATE ST,1601,S,STATE,ST,417337.0,2026-05-17,CALLER STATES THAT THERE IS A BURNING SMELL THAT THEY CANNOT IDENTIFY THAT IS COMINGFROM SOMEWHERE IN THE BUILDING.,DEPT. OF PUBLIC HEALTH,Refer to Building Dept,2026-05-17,41.860121221610186,-87.62711466837658,"{'type': 'Point', 'coordinates': [-87.627114668377, 41.86012122161]}",2026-05-17,Sunday,5,Near West Side 4,880.4,Near South Side,NEAR SOUTH SIDE
601835760,Air Pollution Work Order,905 W CARMEN AVE,905,W,CARMEN,AVE,379542.0,2026-05-17,Demolition is taking place at 905 W Carmen Ave. Workers are lowering garbage cans filled WTH debris from thewindows and dumping them in a truck parked on the street. Dust clouds getting into nearby residential windows.,DEPT. OF PUBLIC HEALTH,Resolved,2026-05-19,41.974220237587694,-87.65284581803314,"{'type': 'Point', 'coordinates': [-87.652845818033, 41.974220237588]}",2026-05-17,Sunday,5,Uptown 2,174.7,Uptown,UPTOWN
601835776,Air Pollution Work Order,2701 E 100TH ST,2701,E,100TH,ST,249349.0,2026-05-17,,DEPT. OF PUBLIC HEALTH,Alleged violation founded,2026-05-18,41.71324291275156,-87.55803846897774,"{'type': 'Point', 'coordinates': [-87.558038468978, 41.713242912752]}",2026-05-17,Sunday,5,South Deering 2,442.3,South Deering,SOUTHEAST SIDE
601835779,Air Pollution Work Order,2946 N SHEFFIELD AVE,2946,N,SHEFFIELD,AVE,437489.0,2026-05-17,,DEPT. OF PUBLIC HEALTH,Complaint Valid,2026-05-18,41.93584328516607,-87.65411531568076,"{'type': 'Point', 'coordinates': [-87.654115315681, 41.935843285166]}",2026-05-17,Sunday,5,Lake View 4,87.2,Lake View,LAKE VIEW
601835771,Air Pollution Work Order,1825 S BLUE ISLAND AVE,1825,S,BLUE ISLAND,AVE,443615.0,2026-05-17,,DEPT. OF PUBLIC HEALTH,Alleged violation not found,2026-05-18,41.85716402738337,-87.66158524753031,"{'type': 'Point', 'coordinates': [-87.66158524753, 41.857164027383]}",2026-05-17,Sunday,5,Lower West Side 2,773.8,Lower West Side,LOWER WEST SIDE
601835790,Air Pollution Work Order,3658 S DAMEN AVE,3658,S,DAMEN,AVE,417337.0,2026-05-18,There’s a stink in air from Matt asphalt in the morning again,DEPT. OF PUBLIC HEALTH,Alleged violation not found,2026-05-18,41.8268295747288,-87.67533075323192,"{'type': 'Point', 'coordinates': [-87.675330753232, 41.826829574729]}",2026-05-18,Monday,5,McKinley Park 2,500.8,Mckinley Park,"BRIGHTON PARK,MCKINLEY PARK"
601836189,Air Pollution Work Order,3724 S WOLCOTT AVE,3724,S,WOLCOTT,AVE,417337.0,2026-05-18,,DEPT. OF PUBLIC HEALTH,Alleged violation not found,2026-05-19,41.82599514905228,-87.67286164007479,"{'type': 'Point', 'coordinates': [-87.672861640075, 41.825995149052]}",2026-05-18,Monday,5,McKinley Park 2,338.7,Mckinley Park,"BRIGHTON PARK,MCKINLEY PARK"
601836188,Air Pollution Work Order,3730 S WOLCOTT AVE,3730,S,WOLCOTT,AVE,417337.0,2026-05-18,&nbsp;We cannot open windows due to the constant smell that Matt Asphalt omits. The radius of smell from Matt Asphalt isblocks worth &amp; it's a headache nightmare taking a stroll anywhere near McKinley Park. It's a cancer smell,DEPT. OF PUBLIC HEALTH,Alleged violation not found,2026-05-19,41.82582503718037,-87.67285659402314,"{'type': 'Point', 'coordinates': [-87.672856594023, 41.82582503718]}",2026-05-18,Monday,5,McKinley Park 2,348.6,Mckinley Park,"BRIGHTON PARK,MCKINLEY PARK"
601835811,Air Pollution Work Order,3803 S WOLCOTT AVE,3803,S,WOLCOTT,AVE,417337.0,2026-05-18,"Walking west from the 1800 block of 38th, the smell starts just before Wolcott and goes well into McKinley Park (theactual park).",DEPT. OF PUBLIC HEALTH,Alleged violation not found,2026-05-18,41.82480772652981,-87.67254487080712,"{'type': 'Point', 'coordinates': [-87.672544870807, 41.82480772653]}",2026-05-18,Monday,5,McKinley Park 2,405.2,Mckinley Park,"BRIGHTON PARK,MCKINLEY PARK"
601836194,Air Pollution Work Order,2701 W DEVON AVE,2701,W,DEVON,AVE,437489.0,2026-05-18,SMELL LIKE BURNING RUBBER,DEPT. OF PUBLIC HEALTH,Alleged violation not found,2026-05-19,41.9974911860381,-87.69726262041675,"{'type': 'Point', 'coordinates': [-87.697262620417, 41.997491186038]}",2026-05-18,Monday,5,West Ridge 3,829.7,West Ridge,WEST RIDGE
601835791,Air Pollution Work Order,3658 S DAMEN AVE,3658,S,DAMEN,AVE,417337.0,2026-05-18,There’s a stink in air from Matt asphalt in the morning again,DEPT. OF PUBLIC HEALTH,Alleged violation not found,2026-05-18,41.8268295747288,-87.67533075323192,"{'type': 'Point', 'coordinates': [-87.675330753232, 41.826829574729]}",2026-05-18,Monday,5,McKinley Park 2,500.8,Mckinley Park,"BRIGHTON PARK,MCKINLEY PARK"
601836224,Air Pollution Work Order,9907 S AVENUE N,9907,S,AVENUE N,,249349.0,2026-05-18,smell is coming from the rail road tracks,DEPT. OF PUBLIC HEALTH,Alleged violation not found,2026-05-19,41.715058700204445,-87.5388003739854,"{'type': 'Point', 'coordinates': [-87.538800373985, 41.715058700204]}",2026-05-18,Monday,5,East Side 2,311.6,East Side,SOUTHEAST SIDE
601836236,Air Pollution Work Order,2210 W PERSHING RD,2210,W,PERSHING,RD,417337.0,2026-05-18,There is a strong chemical smell throughout McKinley Park and Bridgeport along Pershing avenue and North to Archer avenue. It is a sweet and slightly fishy odor that is happening in the evenings after 7 pm. The smell is very strong and difficult to pinpoint from where it is,DEPT. OF PUBLIC HEALTH,Alleged violation not found,2026-05-19,41.823152544283246,-87.68056214743277,"{'type': 'Point', 'coordinates': [-87.680562147433, 41.823152544283]}",2026-05-18,Monday,5,McKinley Park 1,673.0,Mckinley Park,"BRIGHTON PARK,MCKINLEY PARK"
601836198,Air Pollution Work Order,2701 E 100TH ST,2701,E,100TH,ST,249349.0,2026-05-18,,DEPT. OF PUBLIC HEALTH,Alleged violation not found,2026-05-19,41.71324291275156,-87.55803846897774,"{'type': 'Point', 'coordinates': [-87.558038468978, 41.713242912752]}",2026-05-18,Monday,5,South Deering 2,442.3,South Deering,SOUTHEAST SIDE
601836994,Air Pollution Work Order,4901 W MONTROSE AVE,4901,W,MONTROSE,AVE,451826.0,2026-05-19,SKUNK ODOR PER CALLER IN THIS AREA,DEPT. OF PUBLIC HEALTH,Alleged violation not found,2026-05-20,41.96058442753232,-87.75003070826753,"{'type': 'Point', 'coordinates': [-87.750030708268, 41.960584427532]}",2026-05-19,Tuesday,5,Mayfair Collocation 1,464.9,Portage Park,PORTAGE PARK
601836995,Air Pollution Work Order,4640 S HALSTED ST,4640,S,HALSTED,ST,431068.0,2026-05-19,construction on parking lot,DEPT. OF PUBLIC HEALTH,Alleged violation not found,2026-05-20,41.80962976802204,-87.64570756512876,"{'type': 'Point', 'coordinates': [-87.645707565129, 41.809629768022]}",2026-05-19,Tuesday,5,New City 2,757.4,New City,BACK OF THE YARDS
601837721,Air Pollution Work Order,600 W DIVERSEY PKWY,600,W,DIVERSEY,PKWY,249349.0,2026-05-20,Caller states there is an odor coming from the restaurants in building. Caller also states construction being done in buildingand causing a dust issue. States he complained to building management but nothing has been done.,DEPT. OF PUBLIC HEALTH,Refer to other Depts,2026-05-21,41.93292145205261,-87.64434854414748,"{'type': 'Point', 'coordinates': [-87.644348544147, 41.932921452053]}",2026-05-20,Wednesday,5,Lake View 3,691.8,Lake View,LAKE VIEW
601837028,Air Pollution Work Order,2206 W LAWRENCE AVE,2206,W,LAWRENCE,AVE,437489.0,2026-05-20,LONGFORD CONSTRUCTION,DEPT. OF PUBLIC HEALTH,Alleged violation founded,2026-05-20,41.968790025583736,-87.68435739289464,"{'type': 'Point', 'coordinates': [-87.684357392895, 41.968790025584]}",2026-05-20,Wednesday,5,Lincoln Square 2,867.4,Lincoln Square,LINCOLN SQUARE
601837722,Air Pollution Work Order,7710 N EASTLAKE TER,7710,N,EASTLAKE,TER,437489.0,2026-05-20,"Constituent Chris Borrelli reported a get rehab occurring on the 7700 block of N Eastlake Terrace. Dust from the rehab isflying into neighboring buildings. Permit number is 101076835. Per the municipal code: 7-28-460 Substances that scatter in wind. Nolime, ashes, coal, dry sand, hair, feathers, or other substance that may be scattered by the wind, shall be sifted through a sieve, agitated,or exposed. No usual or reasonable precaution shall be omitted by any person to prevent fragments or other substances from falling, ordust and light material from flying, into any public way or into any place or building from any building or structure while the same isbeing altered, repaired, or demolished. Any person who violates this section shall be subject to a fine of not less than $300.00 and notmore than $1,000.00 for each offense.&nbsp;",DEPT. OF PUBLIC HEALTH,Resolved,2026-05-21,42.021209861273135,-87.66534665447455,"{'type': 'Point', 'coordinates': [-87.665346654475, 42.021209861273]}",2026-05-20,Wednesday,5,Rogers Park 1,754.9,Rogers Park,ROGERS PARK
601837686,Air Pollution Work Order,1449 W 16TH ST,1449,W,16TH,ST,379542.0,2026-05-20,"Caller mentioned work was being done on 16th St from Laflin to Ashland. Caller resides on 17th street and dust is comingfrom across the alley into yards, garages, etc.",DEPT. OF PUBLIC HEALTH,Resolved,2026-05-21,41.85954545901588,-87.66330501552738,"{'type': 'Point', 'coordinates': [-87.663305015527, 41.859545459016]}",2026-05-20,Wednesday,5,Near West Side 6,827.2,Lower West Side,LOWER WEST SIDE
601837684,Air Pollution Work Order,1604 S LAFLIN ST,1604,S,LAFLIN,ST,379542.0,2026-05-20,They are not containing the dust with water. It’s been an issue for a long time. Our yards are covered in dust. We can’topen our windows or allow the kids/pets to go to the yard,DEPT. OF PUBLIC HEALTH,Resolved,2026-05-21,41.85947379857507,-87.66394904689585,"{'type': 'Point', 'coordinates': [-87.663949046896, 41.859473798575]}",2026-05-20,Wednesday,5,Near West Side 6,806.9,Lower West Side,LOWER WEST SIDE
601837651,Air Pollution Work Order,4405 N RICHMOND ST,4405,N,RICHMOND,ST,3308.0,2026-05-20,,DEPT. OF PUBLIC HEALTH,Alleged violation not found,2026-05-21,41.96143419893052,-87.70199371557852,"{'type': 'Point', 'coordinates': [-87.701993715579, 41.961434198931]}",2026-05-20,Wednesday,5,Albany Park 2,553.9,Albany Park,"NORTH PARK,ALBANY PARK"
601837735,Air Pollution Work Order,359 W 47TH ST,359,W,47TH,ST,443615.0,2026-05-21,they are creating a lot of dust in the community. There are several senior citizens who live in the block adjacent which have been breathing in all the dust McDonough is creating.,DEPT. OF PUBLIC HEALTH,Alleged violation not found,2026-05-21,41.808939933664696,-87.63564878051457,"{'type': 'Point', 'coordinates': [-87.635648780515, 41.808939933665]}",2026-05-21,Thursday,5,Fuller Park 1,646.0,Fuller Park,BACK OF THE YARDS
601837843,Air Pollution Work Order,4522 W 16TH ST,4522,W,16TH,ST,249349.0,2026-05-21,"The owner of the railroad tracks mulches railroad ties out in the open air. The gray space along the&nbsp; railroad tracks is where the mulching takes place. The land is raised here, but he did get a video of it by&nbsp; sitting on a truck. There is an excavator that picks up the railroad ties and drops them into a mulcher.&nbsp; There are only two locations where mulching railroad ties are allowed to take place in Chicago, and both&nbsp; locations are covered. The concern is people nearby could get cancer later because of the petroleum&nbsp; based coating on the railroad ties. There are thousands of railroad ties at this location.",DEPT. OF PUBLIC HEALTH,Alleged violation founded,2026-05-22,41.85878455278818,-87.73816956500538,"{'type': 'Point', 'coordinates': [-87.738169565005, 41.858784552788]}",2026-05-21,Thursday,5,North Lawndale 5,677.1,North Lawndale,NORTH LAWNDALE
601837633,Air Pollution Work Order,10324 S PROSPECT AVE,10324,S,PROSPECT,AVE,13776.0,2026-05-21,There is a toxic smell in the air. Smells like burning rubber or other chemical burning. It has happened a couple of times before this spring.,DEPT. OF PUBLIC HEALTH,Alleged violation not found,2026-05-21,41.70590023577571,-87.66220377911273,"{'type': 'Point', 'coordinates': [-87.662203779113, 41.705900235776]}",2026-05-21,Thursday,5,Beverly 3,438.7,Beverly,BEVERLY
601840169,Air Pollution Work Order,3729 S ALBANY AVE,3729,S,ALBANY,AVE,84397.0,2026-05-22,infinity concrete mixers,DEPT. OF PUBLIC HEALTH,Alleged violation not found,2026-05-27,41.82542256883966,-87.70188557082143,"{'type': 'Point', 'coordinates': [-87.701885570821, 41.82542256884]}",2026-05-22,Friday,5,Brighton Park 1,281.0,Brighton Park,"BRIGHTON PARK,MCKINLEY PARK"
601839676,Air Pollution Work Order,5956 W CORTLAND ST,5956,W,CORTLAND,ST,437489.0,2026-05-22,,DEPT. OF PUBLIC HEALTH,Complaint Valid,2026-05-26,41.91435194985497,-87.77518084133574,"{'type': 'Point', 'coordinates': [-87.775180841336, 41.914351949855]}",2026-05-22,Friday,5,Austin 1,519.6,Austin,AUSTIN
601840272,Air Pollution Work Order,1900 N AUSTIN AVE,1900,N,AUSTIN,AVE,451826.0,2026-05-22,There is a Garbage/Junk Lot that starts directly east of Austin Viaduct that burns something toxic through out the day andnight each day creating breathing issues in my home and back yard,DEPT. OF PUBLIC HEALTH,Complaint Valid,2026-05-27,41.91482042670598,-87.77555966968384,"{'type': 'Point', 'coordinates': [-87.775559669684, 41.914820426706]}",2026-05-22,Friday,5,Austin 1,537.1,Galewood,"MONTCLARE, GALEWOOD"
601840073,Air Pollution Work Order,4555 S WESTERN BLVD,4555,S,WESTERN,BLVD,379542.0,2026-05-22,THIS IS A VACANT LOT THEY ARE GOING TO START BUILDING SOMETHING,DEPT. OF PUBLIC HEALTH,Resolved,2026-05-26,41.81045154616481,-87.68377440132318,"{'type': 'Point', 'coordinates': [-87.683774401323, 41.810451546165]}",2026-05-22,Friday,5,Brighton Park 2,552.7,New City,BACK OF THE YARDS
601840171,Air Pollution Work Order,3700 S PARNELL AVE,3700,S,PARNELL,AVE,425726.0,2026-05-22,,DEPT. OF PUBLIC HEALTH,Resolved,2026-05-27,41.82708989124902,-87.64007026236281,"{'type': 'Point', 'coordinates': [-87.640070262363, 41.827089891249]}",2026-05-22,Friday,5,Armour Square 3,469.5,Bridgeport,BRIDGEPORT
601840449,Air Pollution Work Order,800 N HALSTED ST,800,N,HALSTED,ST,431068.0,2026-05-22,Caller states dust from the Bally's Construction site is causing dust to fly around the area. Landing on cars and people,DEPT. OF PUBLIC HEALTH,Resolved,2026-05-27,41.896474017804366,-87.64789499266344,"{'type': 'Point', 'coordinates': [-87.647894992663, 41.896474017804]}",2026-05-22,Friday,5,West Town 3,592.4,West Town,"WICKER PARK,WEST TOWN"
601840167,Air Pollution Work Order,3748 N SACRAMENTO AVE,3748,N,SACRAMENTO,AVE,437489.0,2026-05-22,,DEPT. OF PUBLIC HEALTH,Alleged violation not found,2026-05-26,41.94992671068174,-87.70316223601054,"{'type': 'Point', 'coordinates': [-87.703162236011, 41.949926710682]}",2026-05-22,Friday,5,Irving Park 2,429.1,Irving Park,"IRVING PARK,AVONDALE"
601840256,Air Pollution Work Order,2206 W LAWRENCE AVE,2206,W,LAWRENCE,AVE,437489.0,2026-05-23,,DEPT. OF PUBLIC HEALTH,Complaint Valid,2026-06-01,41.968790025583736,-87.68435739289464,"{'type': 'Point', 'coordinates': [-87.684357392895, 41.968790025584]}",2026-05-23,Saturday,5,Lincoln Square 2,867.4,Lincoln Square,LINCOLN SQUARE
601839679,Air Pollution Work Order,5110 N MAJOR AVE,5110,N,MAJOR,AVE,451826.0,2026-05-23,Dry cutting mortar on side of building. Huge dust cloud is filling the whole block,DEPT. OF PUBLIC HEALTH,Resolved,2026-05-27,41.974197290233,-87.77108310159066,"{'type': 'Point', 'coordinates': [-87.771083101591, 41.974197290233]}",2026-05-23,Saturday,5,Jefferson Park 2,724.7,Jefferson Park,JEFFERSON PARK
601839484,Air Pollution Work Order,11140 S MARSHFIELD AVE,11140,S,MARSHFIELD,AVE,249349.0,2026-05-24,smells like a dead body,DEPT. OF PUBLIC HEALTH,Alleged violation not found,2026-05-27,41.69096890454834,-87.66141107645204,"{'type': 'Point', 'coordinates': [-87.661411076452, 41.690968904548]}",2026-05-24,Sunday,5,Morgan Park 2,650.5,Morgan Park,"MOUNT GREENWOOD,MORGAN PARK"
601840418,Air Pollution Work Order,1515 W ROSEMONT AVE,1515,W,ROSEMONT,AVE,431068.0,2026-05-24,Construction workers dumping plaster down open chute sending up clouds of plaster dust resulting in thick fog in the rearof at least two buildings on either side. Contractor dismissive when I reached out and plan to resume dumping plaster on Tuesday 5/26,DEPT. OF PUBLIC HEALTH,Alleged violation not found,2026-05-28,41.99630050050864,-87.6684345913177,"{'type': 'Point', 'coordinates': [-87.668434591318, 41.996300500509]}",2026-05-24,Sunday,5,Rogers Park 2,779.0,Edgewater,EDGEWATER
601839681,Air Pollution Work Order,5055 N WESTERN AVE,5055,N,WESTERN,AVE,376199.0,2026-05-25,we were in our backyard on Memorial Day eating dinner. The illegal auto repair business in the garage at 5055.Northwestern started working around 8:30 PM causing an industrial smell that filled the neighborhood. On Sa,DEPT. OF PUBLIC HEALTH,Alleged violation not found,2026-05-27,41.97379213228445,-87.6889290654857,"{'type': 'Point', 'coordinates': [-87.688929065486, 41.973792132284]}",2026-05-25,Monday,5,Lincoln Square 1,230.2,Lincoln Square,LINCOLN SQUARE
601840085,Air Pollution Work Order,4058 W 59TH ST,4058,W,59TH,ST,84397.0,2026-05-25,GAS ODOR,DEPT. OF PUBLIC HEALTH,Resolved,2026-05-27,41.78602188402376,-87.72534728828806,"{'type': 'Point', 'coordinates': [-87.725347288288, 41.786021884024]}",2026-05-25,Monday,5,West Elsdon 2,614.7,West Elsdon,"ARCHER HEIGHTS,WEST ELSDON"
601839527,Air Pollution Work Order,9500 S JEFFERY AVE,9500,S,JEFFERY,AVE,10937.0,2026-05-25,Per caller- Fishy smell from 95th &amp; Jeffery to 10300 Torrence,DEPT. OF PUBLIC HEALTH,Complaint Valid,2026-05-27,41.72237590704101,-87.57549990332795,"{'type': 'Point', 'coordinates': [-87.575499903328, 41.722375907041]}",2026-05-25,Monday,5,Calumet Heights 2,633.4,South Deering,SOUTHEAST SIDE
601839487,Air Pollution Work Order,9859 S COMMERCIAL AVE,9859,S,COMMERCIAL,AVE,10937.0,2026-05-25,The entire neighborhood smells like burning wood. Had to close windows and door.,DEPT. OF PUBLIC HEALTH,Alleged violation not found,2026-05-26,41.715555101387,-87.55083095807511,"{'type': 'Point', 'coordinates': [-87.550830958075, 41.715555101387]}",2026-05-25,Monday,5,South Deering 2,280.6,South Deering,SOUTHEAST SIDE
601840412,Air Pollution Work Order,1600 S LAFLIN ST,1600,S,LAFLIN,ST,379542.0,2026-05-25,We cant keep up with cleaning. Our lower level tenants cant open their windows and are developing health issues. Theworkers have to use water and clean this is insane&nbsp;,DEPT. OF PUBLIC HEALTH,Resolved,2026-05-26,41.85959869767849,-87.66395288488546,"{'type': 'Point', 'coordinates': [-87.663952884885, 41.859598697678]}",2026-05-25,Monday,5,Near West Side 6,794.6,Lower West Side,LOWER WEST SIDE
601840236,Air Pollution Work Order,3100 N LAKE SHORE DR,3100,N,LAKE SHORE,DR,443615.0,2026-05-25,,DEPT. OF PUBLIC HEALTH,Refer to Building Dept,2026-05-26,41.93777126333811,-87.63745597579715,"{'type': 'Point', 'coordinates': [-87.637455975797, 41.937771263338]}",2026-05-25,Monday,5,Lake View 3,320.8,Lake View,LAKE VIEW
601839681,Air Pollution Work Order,5055 N WESTERN AVE,5055,N,WESTERN,AVE,376199.0,2026-05-25,we were in our backyard on Memorial Day eating dinner. The illegal auto repair business in the garage at 5055.Northwestern started working around 8:30 PM causing an industrial smell that filled the neighborhood. On Sa,DEPT. OF PUBLIC HEALTH,Alleged violation not found,2026-05-27,41.97379213228445,-87.6889290654857,"{'type': 'Point', 'coordinates': [-87.688929065486, 41.973792132284]}",2026-05-25,Monday,5,Lincoln Square 1,230.2,Lincoln Square,LINCOLN SQUARE
601840466,Air Pollution Work Order,9751 S DAMEN AVE,9751,S,DAMEN,AVE,249349.0,2026-05-26,,DEPT. OF PUBLIC HEALTH,Alleged violation not found,2026-05-27,41.715944200770366,-87.67206563857732,"{'type': 'Point', 'coordinates': [-87.672065638577, 41.71594420077]}",2026-05-26,Tuesday,5,Beverly 2,400.8,Beverly,BEVERLY
601839682,Air Pollution Work Order,4822 S KEDZIE AVE,4822,S,KEDZIE,AVE,84397.0,2026-05-26,The smell of garbage is horrible coming from the WM - ChicagoRecycling Services&nbsp;,DEPT. OF PUBLIC HEALTH,Resolved,2026-05-27,41.80560873234714,-87.70405309394464,"{'type': 'Point', 'coordinates': [-87.704053093945, 41.805608732347]}",2026-05-26,Tuesday,5,Gage Park 1,308.5,Brighton Park,"BRIGHTON PARK,MCKINLEY PARK"
601840827,Air Pollution Work Order,630 N HALSTED ST,630,N,HALSTED,ST,431068.0,2026-05-26,Under bridges on Ancona and Halsted is dusty and debris leftbehindExcessive dust under bridge,DEPT. OF PUBLIC HEALTH,Resolved,2026-05-27,41.89333172619298,-87.6478209821489,"{'type': 'Point', 'coordinates': [-87.647820982149, 41.893331726193]}",2026-05-26,Tuesday,5,West Town 3,580.4,West Town,"WICKER PARK,WEST TOWN"
601840824,Air Pollution Work Order,2212 W 37TH ST,2212,W,37TH,ST,443615.0,2026-05-26,Smells very bad today,DEPT. OF PUBLIC HEALTH,Alleged violation not found,2026-05-27,41.82679214063016,-87.6806993507918,"{'type': 'Point', 'coordinates': [-87.680699350792, 41.82679214063]}",2026-05-26,Tuesday,5,McKinley Park 1,444.3,Mckinley Park,"BRIGHTON PARK,MCKINLEY PARK"
601840456,Air Pollution Work Order,2 S DAMEN AVE,2,S,DAMEN,AVE,443615.0,2026-05-26,I'm standing in the park directly across from Pershing and Damen. The wind is blowing to the north across the mat asphaltproperty into the park. The air smells like petroleum / asphalt,DEPT. OF PUBLIC HEALTH,Alleged violation not found,2026-05-27,41.88124766708017,-87.67678783014348,"{'type': 'Point', 'coordinates': [-87.676787830143, 41.88124766708]}",2026-05-26,Tuesday,5,Near West Side 2,774.2,United Center,UNITED CENTER
601847762,Air Pollution Work Order,1900 N AUSTIN AVE,1900,N,AUSTIN,AVE,437489.0,2026-05-26,,DEPT. OF PUBLIC HEALTH,Alleged violation founded,2026-05-27,41.91482042670598,-87.77555966968384,"{'type': 'Point', 'coordinates': [-87.775559669684, 41.914820426706]}",2026-05-26,Tuesday,5,Austin 1,537.1,Galewood,"MONTCLARE, GALEWOOD"
601839499,Air Pollution Work Order,9819 S MUSKEGON AVE,9819,S,MUSKEGON,AVE,249349.0,2026-05-26,"Causing breathing issues, strong Order",DEPT. OF PUBLIC HEALTH,Alleged violation not found,2026-05-27,41.71668320412582,-87.55498830394086,"{'type': 'Point', 'coordinates': [-87.554988303941, 41.716683204126]}",2026-05-26,Tuesday,5,South Deering 2,404.8,South Deering,SOUTHEAST SIDE
601840465,Air Pollution Work Order,10000 S TORRENCE AVE,10000,S,TORRENCE,AVE,249349.0,2026-05-26,,DEPT. OF PUBLIC HEALTH,Alleged violation founded,2026-05-27,41.71337385747979,-87.55989468233284,"{'type': 'Point', 'coordinates': [-87.559894682333, 41.71337385748]}",2026-05-26,Tuesday,5,South Deering 2,595.8,South Deering,SOUTHEAST SIDE
601840247,Air Pollution Work Order,2701 E 100TH ST,2701,E,100TH,ST,249349.0,2026-05-26,extremely bad odor in the area,DEPT. OF PUBLIC HEALTH,Alleged violation founded,2026-05-27,41.71324291275156,-87.55803846897774,"{'type': 'Point', 'coordinates': [-87.558038468978, 41.713242912752]}",2026-05-26,Tuesday,5,South Deering 2,442.3,South Deering,SOUTHEAST SIDE
601840832,Air Pollution Work Order,535 W 37TH ST,535,W,37TH,ST,376199.0,2026-05-27,,DEPT. OF PUBLIC HEALTH,Complaint Valid,2026-05-27,41.82707111940842,-87.640067937238,"{'type': 'Point', 'coordinates': [-87.640067937238, 41.827071119408]}",2026-05-27,Wednesday,5,Armour Square 3,469.9,Bridgeport,BRIDGEPORT
601840832,Air Pollution Work Order,535 W 37TH ST,535,W,37TH,ST,376199.0,2026-05-27,,DEPT. OF PUBLIC HEALTH,Complaint Valid,2026-05-27,41.82707111940842,-87.640067937238,"{'type': 'Point', 'coordinates': [-87.640067937238, 41.827071119408]}",2026-05-27,Wednesday,5,Armour Square 3,469.9,Bridgeport,BRIDGEPORT
601840927,Air Pollution Work Order,4959 W ALTGELD ST,4959,W,ALTGELD,ST,437489.0,2026-05-27,&nbsp;Per caller a gas odor,DEPT. OF PUBLIC HEALTH,Alleged violation not found,2026-05-28,41.92592217665759,-87.75116709028977,"{'type': 'Point', 'coordinates': [-87.75116709029, 41.925922176658]}",2026-05-27,Wednesday,5,Belmont Cragin 3,354.3,Belmont Cragin,"BELMONT CRAGIN,HERMOSA"
601840828,Air Pollution Work Order,537 W 37TH ST,537,W,37TH,ST,376199.0,2026-05-27,,DEPT. OF PUBLIC HEALTH,Complaint Valid,2026-05-27,41.82707007749671,-87.64015212822386,"{'type': 'Point', 'coordinates': [-87.640152128224, 41.827070077497]}",2026-05-27,Wednesday,5,Armour Square 3,476.6,Bridgeport,BRIDGEPORT
601841459,Air Pollution Work Order,5100 S MCVICKER AVE,5100,S,MCVICKER,AVE,10937.0,2026-05-28,,DEPT. OF PUBLIC HEALTH,Alleged violation not found,2026-05-29,41.79974740434097,-87.77364044840512,"{'type': 'Point', 'coordinates': [-87.773640448405, 41.799747404341]}",2026-05-28,Thursday,5,Garfield Ridge 2,1073.5,Garfield Ridge,MIDWAY AIRPORT
601840909,Air Pollution Work Order,2701 E 100TH ST,2701,E,100TH,ST,249349.0,2026-05-28,caller says bad odor that makes people sick is coming from this industrial site,DEPT. OF PUBLIC HEALTH,Alleged violation founded,2026-05-28,41.71324291275156,-87.55803846897774,"{'type': 'Point', 'coordinates': [-87.558038468978, 41.713242912752]}",2026-05-28,Thursday,5,South Deering 2,442.3,South Deering,SOUTHEAST SIDE
601843267,Air Pollution Work Order,5555 N SHERIDAN RD,5555,N,SHERIDAN,RD,417325.0,2026-05-29,NO WATER BEING USED - NO CONTAINMENT,DEPT. OF PUBLIC HEALTH,Alleged violation not found,2026-06-02,41.9834191460581,-87.65503159576343,"{'type': 'Point', 'coordinates': [-87.655031595763, 41.983419146058]}",2026-05-29,Friday,5,Edgewater 2,288.4,Edgewater,EDGEWATER
601842030,Air Pollution Work Order,9800 S MARQUETTE AVE,9800,S,MARQUETTE,AVE,249349.0,2026-05-29,,DEPT. OF PUBLIC HEALTH,Alleged violation not found,2026-06-01,41.71718351561565,-87.55805592520483,"{'type': 'Point', 'coordinates': [-87.558055925205, 41.717183515616]}",2026-05-29,Friday,5,South Deering 2,606.3,South Deering,SOUTHEAST SIDE
601842404,Air Pollution Work Order,3649 S SEELEY AVE,3649,S,SEELEY,AVE,10937.0,2026-05-29,"Smells like burning plastic/electrical fire from Seeley to Honore. This smell has previously come from Innova’s stacks. No Description: visible fumes by the time I got to the plant, just dog food smell. Video shows plant running.",DEPT. OF PUBLIC HEALTH,Alleged violation not found,2026-06-01,41.82710623463471,-87.67626631563517,"{'type': 'Point', 'coordinates': [-87.676266315635, 41.827106234635]}",2026-05-29,Friday,5,McKinley Park 2,573.7,Mckinley Park,"BRIGHTON PARK,MCKINLEY PARK"
601842332,Air Pollution Work Order,1437 W 37TH ST,1437,W,37TH,ST,10937.0,2026-05-29,,DEPT. OF PUBLIC HEALTH,Complaint Valid,2026-06-01,41.82678927915715,-87.66204808157613,"{'type': 'Point', 'coordinates': [-87.662048081576, 41.826789279157]}",2026-05-29,Friday,5,McKinley Park 2,613.1,Mckinley Park,"BRIGHTON PARK,MCKINLEY PARK"
601843269,Air Pollution Work Order,11326 S AVENUE H,11326,S,AVENUE H,,249349.0,2026-05-29,Cargill,DEPT. OF PUBLIC HEALTH,Alleged violation not found,2026-06-01,41.68919651457708,-87.5330160053081,"{'type': 'Point', 'coordinates': [-87.533016005308, 41.689196514577]}",2026-05-29,Friday,5,East Side 4,306.0,East Side,SOUTHEAST SIDE
601843264,Air Pollution Work Order,5557 N CENTRAL AVE,5557,N,CENTRAL,AVE,417337.0,2026-05-30,&nbsp;Per caller- there is a smoke smell coming from the east window and the north window. She does not know where thesmoke smell is coming from but she would like it to be investigated,DEPT. OF PUBLIC HEALTH,Alleged violation not found,2026-06-01,41.98279084115948,-87.76819985857072,"{'type': 'Point', 'coordinates': [-87.768199858571, 41.982790841159]}",2026-05-30,Saturday,5,Jefferson Park 1,815.4,Jefferson Park,JEFFERSON PARK
601843249,Air Pollution Work Order,10242 S TORRENCE AVE,10242,S,TORRENCE,AVE,249349.0,2026-05-30,It smells horrible again!,DEPT. OF PUBLIC HEALTH,Alleged violation founded,2026-06-01,41.70873951264716,-87.55982526986975,"{'type': 'Point', 'coordinates': [-87.55982526987, 41.708739512647]}",2026-05-30,Saturday,5,South Deering 2,789.8,South Deering,SOUTHEAST SIDE
601842386,Air Pollution Work Order,4546 N KENTON AVE,4546,N,KENTON,AVE,425726.0,2026-05-30,major fumes while sealing driveway.,DEPT. OF PUBLIC HEALTH,Resolved,2026-06-01,41.96399622149092,-87.74285745312909,"{'type': 'Point', 'coordinates': [-87.742857453129, 41.963996221491]}",2026-05-30,Saturday,5,Irving Park 1,209.1,Irving Park,"IRVING PARK,AVONDALE"
601843273,Air Pollution Work Order,2343 N SEELEY AVE,2343,N,SEELEY,AVE,417337.0,2026-05-30,"I live in 2343 n Seeley ave apt 4A, owned by Wilmot.My living room windows and bedroom windows face the new construction site. I have been coughing this week from the concrete dust that is blowing into my apartmen",DEPT. OF PUBLIC HEALTH,Alleged violation founded,2026-06-01,41.924152850213645,-87.6789445885406,"{'type': 'Point', 'coordinates': [-87.678944588541, 41.924152850214]}",2026-05-30,Saturday,5,Logan Square 2,583.8,Bucktown,BUCKTOWN
601842369,Air Pollution Work Order,1636 W CHICAGO AVE,1636,W,CHICAGO,AVE,376199.0,2026-05-31,&nbsp;Rotten poultry and meat smell emitting from rear livestock/poultry house.,DEPT. OF PUBLIC HEALTH,Complaint Valid,2026-06-01,41.89616060997896,-87.66866280570812,"{'type': 'Point', 'coordinates': [-87.668662805708, 41.896160609979]}",2026-05-31,Sunday,5,West Town 4,370.2,East Village,UKRAINIAN VILLAGE AND EAST VILLAGE
601843248,Air Pollution Work Order,11106 S AVENUE H,11106,S,AVENUE H,,249349.0,2026-05-31,The smell tends to arise usually in the evenings anywhere from 6 PM to 11 PM originating from the property’s garage. Therotten and consistent unpleasant odor drifts into my backyard and home through the windows.,DEPT. OF PUBLIC HEALTH,Alleged violation not found,2026-06-01,41.69339079798578,-87.53301614871498,"{'type': 'Point', 'coordinates': [-87.533016148715, 41.693390797986]}",2026-05-31,Sunday,5,East Side 4,694.0,East Side,SOUTHEAST SIDE
601842420,Air Pollution Work Order,2701 E 100TH ST,2701,E,100TH,ST,249349.0,2026-05-31,Caller states it smells like feces and dead animals,DEPT. OF PUBLIC HEALTH,Complaint Valid,2026-06-01,41.71324291275156,-87.55803846897774,"{'type': 'Point', 'coordinates': [-87.558038468978, 41.713242912752]}",2026-05-31,Sunday,5,South Deering 2,442.3,South Deering,SOUTHEAST SIDE
601842378,Air Pollution Work Order,4648 N KENTON AVE,4648,N,KENTON,AVE,425726.0,2026-05-31,"&nbsp;Sealing double wide, long driveway for second day in a row. The smell is incredibly terrible and disturbing.",DEPT. OF PUBLIC HEALTH,Resolved,2026-06-01,41.96588013600744,-87.74291647365233,"{'type': 'Point', 'coordinates': [-87.742916473652, 41.965880136007]}",2026-05-31,Sunday,5,Irving Park 1,390.3,Irving Park,"IRVING PARK,AVONDALE"
601843049,Air Pollution Work Order,10537 S MICHIGAN AVE,10537,S,MICHIGAN,AVE,249349.0,2026-06-01,,DEPT. OF PUBLIC HEALTH,Alleged violation not found,2026-06-08,41.70242985443254,-87.62059775319925,"{'type': 'Point', 'coordinates': [-87.620597753199, 41.702429854433]}",2026-06-01,Monday,6,Roseland 3,133.8,Roseland,"WASHINGTON HEIGHTS,ROSELAND"
601845093,Air Pollution Work Order,2701 E 100TH ST,2701,E,100TH,ST,417337.0,2026-06-02,,DEPT. OF PUBLIC HEALTH,Alleged violation not found,2026-06-02,41.71324291275156,-87.55803846897774,"{'type': 'Point', 'coordinates': [-87.558038468978, 41.713242912752]}",2026-06-02,Tuesday,6,South Deering 2,442.3,South Deering,SOUTHEAST SIDE
601843691,Air Pollution Work Order,1224 W WINNEMAC AVE,1224,W,WINNEMAC,AVE,3308.0,2026-06-02,"Masonry work has been going on at this building for the past several weeks. Major dust emissions from demolishingexisting mortar have been occurring on and off throughout, with no attempts to mitigate.",DEPT. OF PUBLIC HEALTH,Alleged violation founded,2026-06-03,41.97373845817125,-87.66081682786107,"{'type': 'Point', 'coordinates': [-87.660816827861, 41.973738458171]}",2026-06-02,Tuesday,6,Uptown 2,610.6,Uptown,UPTOWN
601843711,Air Pollution Work Order,1531 W HADDON AVE,1531,W,HADDON,AVE,425726.0,2026-06-02,The resident in Unit 2 is performing heavy mechanical sanding of wood tiles on their outdoor balcony without any dustcontainment or vacuum attachments. This uncontained construction debris is create an immediate air pollution hazard. Fine dust blowingup,DEPT. OF PUBLIC HEALTH,Resolved,2026-06-12,41.90233701324627,-87.66661493759172,"{'type': 'Point', 'coordinates': [-87.666614937592, 41.902337013246]}",2026-06-02,Tuesday,6,West Town 2,826.8,West Town,"WICKER PARK,WEST TOWN"
601843729,Air Pollution Work Order,9915 S TORRENCE AVE,9915,S,TORRENCE,AVE,10937.0,2026-06-02,smells like something died,DEPT. OF PUBLIC HEALTH,Alleged violation founded,2026-06-04,41.71488533977168,-87.55962172308115,"{'type': 'Point', 'coordinates': [-87.559621723081, 41.714885339772]}",2026-06-02,Tuesday,6,South Deering 2,594.5,South Deering,SOUTHEAST SIDE
601843784,Air Pollution Work Order,6710 N WASHTENAW AVE,6710,N,WASHTENAW,AVE,437489.0,2026-06-02,Strong smell from roof of school where tar was just laid on roof.Mosaic School of Fine Arts,DEPT. OF PUBLIC HEALTH,Complaint Valid,2026-06-03,42.00343519229148,-87.6975001054094,"{'type': 'Point', 'coordinates': [-87.697500105409, 42.003435192291]}",2026-06-02,Tuesday,6,West Ridge 3,593.8,West Ridge,WEST RIDGE
601843713,Air Pollution Work Order,1600 N MARSHFIELD AVE,1600,N,MARSHFIELD,AVE,451826.0,2026-06-02,&nbsp;Pervasive chemical/plastic smell throughout the neighborhood intermittently over the last few weeks (occurred bothyesterday and today). Unable to identify source. Some symptoms with long exposure (dizziness).&nbsp;,DEPT. OF PUBLIC HEALTH,Alleged violation not found,2026-06-04,41.9107019649602,-87.66906113659977,"{'type': 'Point', 'coordinates': [-87.6690611366, 41.91070196496]}",2026-06-02,Tuesday,6,West Town 2,415.8,Wicker Park,"WICKER PARK,WEST TOWN"
601844551,Air Pollution Work Order,4832 N SPAULDING AVE,4832,N,SPAULDING,AVE,379542.0,2026-06-03,,DEPT. OF PUBLIC HEALTH,Resolved,2026-06-05,41.96942024859557,-87.71109287033728,"{'type': 'Point', 'coordinates': [-87.711092870337, 41.969420248596]}",2026-06-03,Wednesday,6,North Park 2,781.2,Albany Park,"NORTH PARK,ALBANY PARK"
601844484,Air Pollution Work Order,65 E WACKER PL,65,E,WACKER,PL,3308.0,2026-06-03,On the Morton’s Steakhouse buildingTuckpointing on the west elevation causing dust,DEPT. OF PUBLIC HEALTH,Resolved,2026-06-04,41.88670423024932,-87.62549637410729,"{'type': 'Point', 'coordinates': [-87.625496374107, 41.886704230249]}",2026-06-03,Wednesday,6,Loop 2,854.2,Loop,LOOP
601844488,Air Pollution Work Order,546 N DESPLAINES ST,546,N,DESPLAINES,ST,431068.0,2026-06-03,Bally's ChicagoConstruction traffic causing clouds of dust every time trucks enter or exit the site at Grand Ave.,DEPT. OF PUBLIC HEALTH,Resolved,2026-06-04,41.89219554838666,-87.64453319849657,"{'type': 'Point', 'coordinates': [-87.644533198497, 41.892195548387]}",2026-06-03,Wednesday,6,Near North Side 4,702.8,West Town,"WICKER PARK,WEST TOWN"
601844530,Air Pollution Work Order,12100 S STONY ISLAND AVE,12100,S,STONY ISLAND,AVE,10937.0,2026-06-03,&nbsp;Smell coming from Paxton property/whole earth/liquid environmental somewhere,DEPT. OF PUBLIC HEALTH,Alleged violation not found,2026-06-05,41.67538462666333,-87.57553071866162,"{'type': 'Point', 'coordinates': [-87.575530718662, 41.675384626663]}",2026-06-03,Wednesday,6,South Deering 6,1033.9,South Deering,SOUTHEAST SIDE
601843781,Air Pollution Work Order,4759 S KENNETH AVE,4759,S,KENNETH,AVE,84397.0,2026-06-03,,DEPT. OF PUBLIC HEALTH,Alleged violation not found,2026-06-04,41.80599827145343,-87.7344008916481,"{'type': 'Point', 'coordinates': [-87.734400891648, 41.805998271453]}",2026-06-03,Wednesday,6,Archer Heights 4,437.8,Archer Heights,"ARCHER HEIGHTS,WEST ELSDON"
601843722,Air Pollution Work Order,2206 W 37TH ST,2206,W,37TH,ST,129151.0,2026-06-03,Smell across the northern side of the park and almost up to Archer,DEPT. OF PUBLIC HEALTH,Resolved,2026-06-03,41.82679472928602,-87.68047291622548,"{'type': 'Point', 'coordinates': [-87.680472916225, 41.826794729286]}",2026-06-03,Wednesday,6,McKinley Park 1,462.5,Mckinley Park,"BRIGHTON PARK,MCKINLEY PARK"
601843780,Air Pollution Work Order,4259 S WESTERN BLVD,4259,S,WESTERN,BLVD,10937.0,2026-06-03,,DEPT. OF PUBLIC HEALTH,Alleged violation not found,2026-06-05,41.8157514856211,-87.68392697007646,"{'type': 'Point', 'coordinates': [-87.683926970076, 41.815751485621]}",2026-06-03,Wednesday,6,Brighton Park 2,200.3,New City,BACK OF THE YARDS
601843749,Air Pollution Work Order,3343 N ODELL AVE,3343,N,ODELL,AVE,470070.0,2026-06-03,PER CALLER STATES THE OUTSIDE SMELLS LIKE BURNING CHEMICALS,DEPT. OF PUBLIC HEALTH,Resolved,2026-06-04,41.94095952843089,-87.81033385529794,"{'type': 'Point', 'coordinates': [-87.810333855298, 41.940959528431]}",2026-06-03,Wednesday,6,Montclare 1,1094.5,Dunning,DUNNING
601843715,Air Pollution Work Order,1638 N MARSHFIELD AVE,1638,N,MARSHFIELD,AVE,451826.0,2026-06-03,Pervasive smell in the air in the neighborhood - like burning plastic. Impacts breathing. Roughly around north and Ashlandand northwest from there. On and off for months.&nbsp;,DEPT. OF PUBLIC HEALTH,Alleged violation not found,2026-06-04,41.911777406998326,-87.669092681555,"{'type': 'Point', 'coordinates': [-87.669092681555, 41.911777406998]}",2026-06-03,Wednesday,6,West Town 2,502.4,Wicker Park,"WICKER PARK,WEST TOWN"
601844541,Air Pollution Work Order,3638 S HOYNE AVE,3638,S,HOYNE,AVE,129151.0,2026-06-03,"I am sitting in McKinley Park (the park) at 10:40a, at a Chicago Public School picnic. There are strong, noxious asphaltfumes from MAT Asphalt drifting into the park and creating an odor nuisance which is negatively impacting the event and my quality of",DEPT. OF PUBLIC HEALTH,Resolved,2026-06-04,41.82736898002863,-87.67778673426963,"{'type': 'Point', 'coordinates': [-87.67778673427, 41.827368980029]}",2026-06-03,Wednesday,6,McKinley Park 1,675.0,Mckinley Park,"BRIGHTON PARK,MCKINLEY PARK"
601844502,Air Pollution Work Order,2343 N SEELEY AVE,2343,N,SEELEY,AVE,376199.0,2026-06-03,Still having issues with dust flying into our home. Keeping windows closed for now. Cleaned windows earlier this week and they have since collected more dust. Still have a lingering cough from inhaling the dust,DEPT. OF PUBLIC HEALTH,Complaint Valid,2026-06-05,41.924152850213645,-87.6789445885406,"{'type': 'Point', 'coordinates': [-87.678944588541, 41.924152850214]}",2026-06-03,Wednesday,6,Logan Square 2,583.8,Bucktown,BUCKTOWN
601845990,Air Pollution Work Order,4206 N WOLCOTT AVE,4206,N,WOLCOTT,AVE,431068.0,2026-06-04,Caller states there is illegal masonry work being performed. It is causing Silica dust for the last 3 days.&nbsp;,DEPT. OF PUBLIC HEALTH,Alleged violation founded,2026-06-05,41.95809947202623,-87.67604140397954,"{'type': 'Point', 'coordinates': [-87.67604140398, 41.958099472026]}",2026-06-04,Thursday,6,Uptown 4,567.5,North Center,NORTH CENTER
601845960,Air Pollution Work Order,2055 W PERSHING RD,2055,W,PERSHING,RD,129151.0,2026-06-04,It has smelled like burning asphalt in our neighborhood all day as far as 36th street. There is dust all around facility andtrucks driving without tarps,DEPT. OF PUBLIC HEALTH,Resolved,2026-06-08,41.822972765727336,-87.67702220737627,"{'type': 'Point', 'coordinates': [-87.677022207376, 41.822972765727]}",2026-06-04,Thursday,6,McKinley Park 2,815.1,New City,BACK OF THE YARDS
601845987,Air Pollution Work Order,4206 N WOLCOTT AVE,4206,N,WOLCOTT,AVE,431068.0,2026-06-04,Masonry work not being performed safely is creating silica dust issues and causing breathing and coughing issues in ourbuilding next door; there is an infant and new mother who are both struggling. Please immediately assist by ending this work until safe,DEPT. OF PUBLIC HEALTH,Alleged violation founded,2026-06-05,41.95809947202623,-87.67604140397954,"{'type': 'Point', 'coordinates': [-87.67604140398, 41.958099472026]}",2026-06-04,Thursday,6,Uptown 4,567.5,North Center,NORTH CENTER
601845991,Air Pollution Work Order,13300 S BALTIMORE AVE,13300,S,BALTIMORE,AVE,10937.0,2026-06-04,South east environmental task force,DEPT. OF PUBLIC HEALTH,Alleged violation not found,2026-06-08,41.65358748456427,-87.54729619363688,"{'type': 'Point', 'coordinates': [-87.547296193637, 41.653587484564]}",2026-06-04,Thursday,6,Hegewisch 4,631.0,Hegewisch,SOUTHEAST SIDE
601884342,Air Pollution Work Order,4206 N WOLCOTT AVE,4206,N,WOLCOTT,AVE,431068.0,2026-06-04,Masonry work not being performed safely is creating silica dust issues and causing breathing and coughing issues in ourbuilding next door; there is an infant and new mother who are both struggling. Please immediately assist by ending this work until safe,DEPT. OF PUBLIC HEALTH,Resolved,2026-09-03,41.95809947202623,-87.67604140397954,"{'type': 'Point', 'coordinates': [-87.67604140398, 41.958099472026]}",2026-06-04,Thursday,6,Uptown 4,567.5,North Center,NORTH CENTER
601844501,Air Pollution Work Order,1400 W 18TH ST,1400,W,18TH,ST,437489.0,2026-06-04,,DEPT. OF PUBLIC HEALTH,Alleged violation not found,2026-06-08,41.85798416202829,-87.6613921243244,"{'type': 'Point', 'coordinates': [-87.661392124324, 41.857984162028]}",2026-06-04,Thursday,6,Lower West Side 2,843.7,Lower West Side,LOWER WEST SIDE
601847175,Air Pollution Work Order,2701 E 100TH ST,2701,E,100TH,ST,417337.0,2026-06-05,THEY BURN ANIMAL FAT AND MAKE OIL??? PER THE CALLER,DEPT. OF PUBLIC HEALTH,Alleged violation founded,2026-06-08,41.71324291275156,-87.55803846897774,"{'type': 'Point', 'coordinates': [-87.558038468978, 41.713242912752]}",2026-06-05,Friday,6,South Deering 2,442.3,South Deering,SOUTHEAST SIDE
601847160,Air Pollution Work Order,2857 E 96TH ST,2857,E,96TH,ST,417337.0,2026-06-05,,DEPT. OF PUBLIC HEALTH,Alleged violation founded,2026-06-08,41.720793194507,-87.55429616267979,"{'type': 'Point', 'coordinates': [-87.55429616268, 41.720793194507]}",2026-06-05,Friday,6,Calumet Heights 3,599.1,South Deering,SOUTHEAST SIDE
601848586,Air Pollution Work Order,2701 E 100TH ST,2701,E,100TH,ST,417337.0,2026-06-05,,DEPT. OF PUBLIC HEALTH,Alleged violation founded,2026-06-08,41.71324291275156,-87.55803846897774,"{'type': 'Point', 'coordinates': [-87.558038468978, 41.713242912752]}",2026-06-05,Friday,6,South Deering 2,442.3,South Deering,SOUTHEAST SIDE
601847716,Air Pollution Work Order,4156 N KOSTNER AVE,4156,N,KOSTNER,AVE,84397.0,2026-06-05,Drove by today and the foul odor was extremely strong and nauseating.,DEPT. OF PUBLIC HEALTH,Refer to StreetsSanitation,2026-06-08,41.9568311356453,-87.73831790440946,"{'type': 'Point', 'coordinates': [-87.738317904409, 41.956831135645]}",2026-06-05,Friday,6,Irving Park 1,819.5,Irving Park,"IRVING PARK,AVONDALE"
601845955,Air Pollution Work Order,2055 W PERSHING RD,2055,W,PERSHING,RD,129151.0,2026-06-05,MAT Asphalt is operating on an expired permit. DOE needs to inspect the odor nuisance beyond their fenceline. Thecommunity does not want a polluter pushing toxic odors into homes &amp; schools every day.&nbsp;,DEPT. OF PUBLIC HEALTH,Resolved,2026-06-05,41.822972765727336,-87.67702220737627,"{'type': 'Point', 'coordinates': [-87.677022207376, 41.822972765727]}",2026-06-05,Friday,6,McKinley Park 2,815.1,New City,BACK OF THE YARDS
601845936,Air Pollution Work Order,3713 S DAMEN AVE,3713,S,DAMEN,AVE,129151.0,2026-06-05,,DEPT. OF PUBLIC HEALTH,Resolved,2026-06-05,41.82628435296313,-87.67502565691902,"{'type': 'Point', 'coordinates': [-87.675025656919, 41.826284352963]}",2026-06-05,Friday,6,McKinley Park 2,490.2,Mckinley Park,"BRIGHTON PARK,MCKINLEY PARK"
601847013,Air Pollution Work Order,3505 N CLARK ST,3505,N,CLARK,ST,249349.0,2026-06-05,"The Stolen Saddle runs outdoor grills under a wooden overhang, a major fire hazard. Grills lack a ventilation system,releasing heavy open-air smoke and odors that fill neighbors' windows and balconies. Occurs every Cubs home game and weekends.",DEPT. OF PUBLIC HEALTH,Alleged violation not found,2026-06-10,41.946057367488784,-87.65542269373982,"{'type': 'Point', 'coordinates': [-87.65542269374, 41.946057367489]}",2026-06-05,Friday,6,Lake View 2,302.0,Wrigleyville,WRIGLEYVILLE
601846497,Air Pollution Work Order,10555 S AVENUE L,10555,S,AVENUE L,,249349.0,2026-06-05,The auto shop keeps the bay days open. Raving the engines at high resulting in high exhaust emissions with a park acrossthe street.,DEPT. OF PUBLIC HEALTH,Alleged violation not found,2026-06-08,41.70294436828213,-87.53634703641143,"{'type': 'Point', 'coordinates': [-87.536347036411, 41.702944368282]}",2026-06-05,Friday,6,East Side 3,252.1,East Side,SOUTHEAST SIDE
601845959,Air Pollution Work Order,2055 W PERSHING RD,2055,W,PERSHING,RD,129151.0,2026-06-05,&nbsp;I woke up to my entire house smelling like burning asphalt. It is so severe outside it made me nauseous. This is the secondday in a row of severe asphalt fumes coming from this plant. Please inspect this facility ASAP.,DEPT. OF PUBLIC HEALTH,Resolved,2026-06-08,41.822972765727336,-87.67702220737627,"{'type': 'Point', 'coordinates': [-87.677022207376, 41.822972765727]}",2026-06-05,Friday,6,McKinley Park 2,815.1,New City,BACK OF THE YARDS
601845957,Air Pollution Work Order,2055 W PERSHING RD,2055,W,PERSHING,RD,129151.0,2026-06-05,Neighborhood smells like asphalt.,DEPT. OF PUBLIC HEALTH,Resolved,2026-06-05,41.822972765727336,-87.67702220737627,"{'type': 'Point', 'coordinates': [-87.677022207376, 41.822972765727]}",2026-06-05,Friday,6,McKinley Park 2,815.1,New City,BACK OF THE YARDS
601846984,Air Pollution Work Order,3900 S WESTERN AVE,3900,S,WESTERN,AVE,451826.0,2026-06-05,,DEPT. OF PUBLIC HEALTH,Alleged violation not found,2026-06-09,41.822954294113735,-87.68501298600604,"{'type': 'Point', 'coordinates': [-87.685012986006, 41.822954294114]}",2026-06-05,Friday,6,McKinley Park 1,533.2,Brighton Park,"BRIGHTON PARK,MCKINLEY PARK"
601845972,Air Pollution Work Order,3724 S WOLCOTT AVE,3724,S,WOLCOTT,AVE,129151.0,2026-06-05,,DEPT. OF PUBLIC HEALTH,Resolved,2026-06-05,41.82599514905228,-87.67286164007479,"{'type': 'Point', 'coordinates': [-87.672861640075, 41.825995149052]}",2026-06-05,Friday,6,McKinley Park 2,338.7,Mckinley Park,"BRIGHTON PARK,MCKINLEY PARK"
601846501,Air Pollution Work Order,6010 S ROCKWELL ST,6010,S,ROCKWELL,ST,249349.0,2026-06-05,,DEPT. OF PUBLIC HEALTH,Alleged violation not found,2026-06-10,41.78428530315723,-87.68880517784132,"{'type': 'Point', 'coordinates': [-87.688805177841, 41.784285303157]}",2026-06-05,Friday,6,Gage Park 3,647.6,Chicago Lawn,"MARQUETTE PARK,GAGE PARK"
601846506,Air Pollution Work Order,5528 W BELMONT AVE,5528,W,BELMONT,AVE,84397.0,2026-06-06,CALLER REPORTS THAT IT ALSO SMELLS LIKE NATURAL GAS IN THE AIR OUTSIDE.,DEPT. OF PUBLIC HEALTH,Resolved,2026-06-09,41.93870057111307,-87.76520937725708,"{'type': 'Point', 'coordinates': [-87.765209377257, 41.938700571113]}",2026-06-06,Saturday,6,Belmont Cragin 2,383.3,Portage Park,PORTAGE PARK
601847179,Air Pollution Work Order,1636 W CHICAGO AVE,1636,W,CHICAGO,AVE,249349.0,2026-06-06,,DEPT. OF PUBLIC HEALTH,Alleged violation not found,2026-06-10,41.89616060997896,-87.66866280570812,"{'type': 'Point', 'coordinates': [-87.668662805708, 41.896160609979]}",2026-06-06,Saturday,6,West Town 4,370.2,East Village,UKRAINIAN VILLAGE AND EAST VILLAGE
601846974,Air Pollution Work Order,4008 W 31ST ST,4008,W,31ST,ST,129151.0,2026-06-06,"It’s unknown where the smell is coming from, but it is seeping indoors.",DEPT. OF PUBLIC HEALTH,Alleged violation not found,2026-06-09,41.836987106912176,-87.72470647860652,"{'type': 'Point', 'coordinates': [-87.724706478607, 41.836987106912]}",2026-06-06,Saturday,6,South Lawndale 3,553.8,Little Village,LITTLE VILLAGE
601847435,Air Pollution Work Order,4445 N PAULINA ST,4445,N,PAULINA,ST,376199.0,2026-06-08,Masonry work,DEPT. OF PUBLIC HEALTH,Alleged violation not found,2026-06-09,41.96290709890367,-87.67072580062073,"{'type': 'Point', 'coordinates': [-87.670725800621, 41.962907098904]}",2026-06-08,Monday,6,Uptown 4,131.7,Uptown,UPTOWN
601847446,Air Pollution Work Order,3258 S LOWE AVE,3258,S,LOWE,AVE,84397.0,2026-06-08,"on a neighborhood walk, there was a strong natural gas smell at 33rd and lowe intersection in the street. there is activeconstruction going on there",DEPT. OF PUBLIC HEALTH,Alleged violation not found,2026-06-09,41.834535587449786,-87.64268650746702,"{'type': 'Point', 'coordinates': [-87.642686507467, 41.83453558745]}",2026-06-08,Monday,6,Armour Square 2,848.6,Bridgeport,BRIDGEPORT
601847503,Air Pollution Work Order,3232 N ROCKWELL ST,3232,N,ROCKWELL,ST,249349.0,2026-06-08,,DEPT. OF PUBLIC HEALTH,Alleged violation not found,2026-06-09,41.94066441939284,-87.69288877550898,"{'type': 'Point', 'coordinates': [-87.692888775509, 41.940664419393]}",2026-06-08,Monday,6,Avondale 2,587.6,North Center,NORTH CENTER
601847522,Air Pollution Work Order,2701 E 100TH ST,2701,E,100TH,ST,417337.0,2026-06-08,All of Marquette starting on 99th Street smelled horrible,DEPT. OF PUBLIC HEALTH,Alleged violation not found,2026-06-10,41.71324291275156,-87.55803846897774,"{'type': 'Point', 'coordinates': [-87.558038468978, 41.713242912752]}",2026-06-08,Monday,6,South Deering 2,442.3,South Deering,SOUTHEAST SIDE
601847544,Air Pollution Work Order,1631 W 37TH ST,1631,W,37TH,ST,10937.0,2026-06-08,,DEPT. OF PUBLIC HEALTH,Alleged violation not found,2026-06-09,41.826726561641976,-87.66669963147713,"{'type': 'Point', 'coordinates': [-87.666699631477, 41.826726561642]}",2026-06-08,Monday,6,McKinley Park 2,240.9,Mckinley Park,"BRIGHTON PARK,MCKINLEY PARK"
601847856,Air Pollution Work Order,5809 S STONY ISLAND AVE,5809,S,STONY ISLAND,AVE,376199.0,2026-06-09,,DEPT. OF PUBLIC HEALTH,Alleged violation not found,2026-06-11,41.78934728779345,-87.58651884473977,"{'type': 'Point', 'coordinates': [-87.58651884474, 41.789347287793]}",2026-06-09,Tuesday,6,Hyde Park 3,615.0,Jackson Park,JACKSON PARK
601847841,Air Pollution Work Order,1823 W CERMAK RD,1823,W,CERMAK,RD,451826.0,2026-06-09,"CHICKEN SLAUGHTER HOUSE NOT DISPOSING OF CHICKEN CORRECTLY, SEVERE ODOR *** RESIDENT'SUNABLE TO USE THEIR YARDS DUE TO THE ODOR",DEPT. OF PUBLIC HEALTH,Refer to Dept of Health,2026-06-11,41.852124048673375,-87.6718948738194,"{'type': 'Point', 'coordinates': [-87.671894873819, 41.852124048673]}",2026-06-09,Tuesday,6,Lower West Side 2,254.0,Lower West Side,LOWER WEST SIDE
601847827,Air Pollution Work Order,3017 W LAWRENCE AVE,3017,W,LAWRENCE,AVE,249349.0,2026-06-09,This site Paints cars outside their painting booth and then it smells like paint through out the building if you walk down thefront sidewalk there is a very strong paint odor. My customers complaint about paint odor when entering my store.,DEPT. OF PUBLIC HEALTH,Complaint Valid,2026-06-10,41.96838003831096,-87.70428285716613,"{'type': 'Point', 'coordinates': [-87.704282857166, 41.968380038311]}",2026-06-09,Tuesday,6,Albany Park 2,755.8,Albany Park,"NORTH PARK,ALBANY PARK"
601847234,Air Pollution Work Order,1530 N SEDGWICK ST,1530,N,SEDGWICK,ST,437489.0,2026-06-09,&nbsp; THE CALLER STATED THAT FUMES ARE BEING RELEASED INTO THEIR&nbsp; APARTMENT. THE SOURCE OF THE MATERIAL AND AMOUNT RELEASING IS&nbsp; UNKNOWN TO THE CALLER.,DEPT. OF PUBLIC HEALTH,Alleged violation not found,2026-06-09,41.91017752520468,-87.63870982686717,"{'type': 'Point', 'coordinates': [-87.638709826867, 41.910177525205]}",2026-06-09,Tuesday,6,Near North Side 2,292.8,Old Town,OLD TOWN
601848595,Air Pollution Work Order,300 E 26TH ST,300,E,26TH,ST,84397.0,2026-06-10,003 BELL CODE FOR ENTRY,DEPT. OF PUBLIC HEALTH,Refer to Building Dept,2026-06-11,41.84579590442223,-87.62040337474694,"{'type': 'Point', 'coordinates': [-87.620403374747, 41.845795904422]}",2026-06-10,Wednesday,6,Douglas 1,608.3,Near South Side,NEAR SOUTH SIDE
601847833,Air Pollution Work Order,2055 W PERSHING RD,2055,W,PERSHING,RD,417337.0,2026-06-10,I once again woke up to the smell of burning asphalt in my home. Today will be dangerously hot (90+) and I do not haveair conditioning. I am forced to choose between baking or breathing asphalt fumes in my home that give me a headache. Please help.,DEPT. OF PUBLIC HEALTH,Alleged violation not found,2026-06-10,41.822972765727336,-87.67702220737627,"{'type': 'Point', 'coordinates': [-87.677022207376, 41.822972765727]}",2026-06-10,Wednesday,6,McKinley Park 2,815.1,New City,BACK OF THE YARDS
601848575,Air Pollution Work Order,2713 W TOUHY AVE,2713,W,TOUHY,AVE,3308.0,2026-06-10,"Concrete mixer located on the SW corner of the lot by the alley. The mixer is about 2 ft away from our property line. Nobarrier to protect us/our yard and cars from concrete dust, dried mortar and diesel fumes.&nbsp;",DEPT. OF PUBLIC HEALTH,Resolved,2026-06-11,42.0119999247294,-87.69792189603484,"{'type': 'Point', 'coordinates': [-87.697921896035, 42.011999924729]}",2026-06-10,Wednesday,6,West Ridge 2,827.2,West Ridge,WEST RIDGE
601848521,Air Pollution Work Order,7303 S EUCLID AVE,7303,S,EUCLID,AVE,10937.0,2026-06-10,CALLER CAN NOT INDICATE ODOR ONLY CAN STATE ITS NOT NATURAL GAS BUT HAS A STRONG GASSMELL INSIDE HOME THAT HAS HOSPITALIZED THEM&nbsp;,DEPT. OF PUBLIC HEALTH,Alleged violation not found,2026-06-11,41.7623479128094,-87.57790901090144,"{'type': 'Point', 'coordinates': [-87.577909010901, 41.762347912809]}",2026-06-10,Wednesday,6,South Shore 1,679.7,South Shore,"SOUTH SHORE, GRAND CROSSING"
601848588,Air Pollution Work Order,1514 S KILBOURN AVE,1514,S,KILBOURN,AVE,249349.0,2026-06-11,"Ongoing issue. Around 6:00 a.m. daily, strong diesel/exhaust fumes from equipment operating in the alley requirewindows to remain closed. Request investigation of the source.&nbsp;",DEPT. OF PUBLIC HEALTH,Complaint Valid,2026-06-12,41.86002899669472,-87.73737094874227,"{'type': 'Point', 'coordinates': [-87.737370948742, 41.860028996695]}",2026-06-11,Thursday,6,North Lawndale 1,648.7,North Lawndale,NORTH LAWNDALE
601848570,Air Pollution Work Order,3845 S DAMEN AVE,3845,S,DAMEN,AVE,417337.0,2026-06-11,,DEPT. OF PUBLIC HEALTH,Alleged violation not found,2026-06-11,41.82360885050362,-87.6749530409919,"{'type': 'Point', 'coordinates': [-87.674953040992, 41.823608850504]}",2026-06-11,Thursday,6,McKinley Park 2,639.5,Mckinley Park,"BRIGHTON PARK,MCKINLEY PARK"
601849660,Air Pollution Work Order,700 N SACRAMENTO BLVD,700,N,SACRAMENTO,BLVD,437489.0,2026-06-11,"The entire building is called the Universal Building, we are reporting from suite #265though and our company is called Kaleidoscope Imaging",DEPT. OF PUBLIC HEALTH,Alleged violation not found,2026-06-15,41.89379308914981,-87.70229798303369,"{'type': 'Point', 'coordinates': [-87.702297983034, 41.89379308915]}",2026-06-11,Thursday,6,Humboldt Park 3,305.1,Humboldt Park,HUMBOLDT PARK
601849601,Air Pollution Work Order,4915 S DREXEL BLVD,4915,S,DREXEL,BLVD,84397.0,2026-06-11,dust is occurring on back of caller's residence,DEPT. OF PUBLIC HEALTH,Alleged violation unfounded,2026-06-12,41.80544082084765,-87.60366320204179,"{'type': 'Point', 'coordinates': [-87.603663202042, 41.805440820848]}",2026-06-11,Thursday,6,Hyde Park 1,662.5,Kenwood,"KENWOOD,OAKLAND"
601849627,Air Pollution Work Order,2745 S WHIPPLE ST,2745,S,WHIPPLE,ST,476620.0,2026-06-11,Scrap metal metalic pieces on air lot of dust and noise,DEPT. OF PUBLIC HEALTH,Alleged violation not found,2026-06-12,41.84143326241023,-87.7011263694922,"{'type': 'Point', 'coordinates': [-87.701126369492, 41.84143326241]}",2026-06-11,Thursday,6,South Lawndale 2,231.9,Little Village,LITTLE VILLAGE
601851313,Air Pollution Work Order,3757 W 34TH ST,3757,W,34TH,ST,451826.0,2026-06-12,,DEPT. OF PUBLIC HEALTH,Refer to StreetsSanitation,2026-06-18,41.83141101971961,-87.71913997064854,"{'type': 'Point', 'coordinates': [-87.719139970649, 41.83141101972]}",2026-06-12,Friday,6,South Lawndale 4,241.3,Little Village,LITTLE VILLAGE
601849924,Air Pollution Work Order,1010 N LAKE SHORE DR,1010,N,LAKE SHORE,DR,443615.0,2026-06-12,,DEPT. OF PUBLIC HEALTH,Alleged violation not found,2026-06-15,41.90124191357736,-87.62435961990994,"{'type': 'Point', 'coordinates': [-87.62435961991, 41.901241913577]}",2026-06-12,Friday,6,Near North Side 3,819.8,Gold Coast,GOLD COAST
601850292,Air Pollution Work Order,4732 S KEATING AVE,4732,S,KEATING,AVE,10937.0,2026-06-12,Residents are concerned about the strong smells coming from the garage. They believe a mechanic shop is being ran andcars are being painted. They are worried about this creating health problems for the seniors and young children. The smell is strong thatit can be noticed houses away.&nbsp;,DEPT. OF PUBLIC HEALTH,Alleged violation founded,2026-06-15,41.8066386186383,-87.74205292080754,"{'type': 'Point', 'coordinates': [-87.742052920808, 41.806638618638]}",2026-06-12,Friday,6,Archer Heights 4,588.0,Garfield Ridge,MIDWAY AIRPORT
601849909,Air Pollution Work Order,600 W DIVERSEY PKWY,600,W,DIVERSEY,PKWY,249349.0,2026-06-12,CHIBOTLY -ORIGINAL PANCAKE HOUSE,DEPT. OF PUBLIC HEALTH,Refer to other Depts,2026-06-16,41.93292145205261,-87.64434854414748,"{'type': 'Point', 'coordinates': [-87.644348544147, 41.932921452053]}",2026-06-12,Friday,6,Lake View 3,691.8,Lake View,LAKE VIEW
601850295,Air Pollution Work Order,4224 W CHICAGO AVE,4224,W,CHICAGO,AVE,443615.0,2026-06-12,They are leaving the garage door in the alley open and spreading chemical smells all through the neighborhoodUnknown-auto body repair. They are leaving the garage door in the alley open andspreading chemical smells all through the neighborhood.,DEPT. OF PUBLIC HEALTH,Resolved,2026-06-15,41.89536599009154,-87.73216036038802,"{'type': 'Point', 'coordinates': [-87.732160360388, 41.895365990092]}",2026-06-12,Friday,6,Humboldt Park 5,608.7,Humboldt Park,HUMBOLDT PARK
601851313,Air Pollution Work Order,3757 W 34TH ST,3757,W,34TH,ST,451826.0,2026-06-12,,DEPT. OF PUBLIC HEALTH,Refer to StreetsSanitation,2026-06-18,41.83141101971961,-87.71913997064854,"{'type': 'Point', 'coordinates': [-87.719139970649, 41.83141101972]}",2026-06-12,Friday,6,South Lawndale 4,241.3,Little Village,LITTLE VILLAGE
601850301,Air Pollution Work Order,3820 S HONORE ST,3820,S,HONORE,ST,417337.0,2026-06-12,,DEPT. OF PUBLIC HEALTH,Alleged violation not found,2026-06-15,41.824313698355056,-87.67159156206574,"{'type': 'Point', 'coordinates': [-87.671591562066, 41.824313698355]}",2026-06-12,Friday,6,McKinley Park 2,407.2,Mckinley Park,"BRIGHTON PARK,MCKINLEY PARK"
601849951,Air Pollution Work Order,3742 S ROCKWELL ST,3742,S,ROCKWELL,ST,10937.0,2026-06-13,,DEPT. OF PUBLIC HEALTH,Complaint Invalid,2026-06-15,41.82526103039962,-87.68993361402478,"{'type': 'Point', 'coordinates': [-87.689933614025, 41.8252610304]}",2026-06-13,Saturday,6,McKinley Park 1,429.2,Brighton Park,"BRIGHTON PARK,MCKINLEY PARK"
601849979,Air Pollution Work Order,2632 W WASHINGTON BLVD,2632,W,WASHINGTON,BLVD,249349.0,2026-06-13,Sewage-like smell around the neighborhood since at least June 12 at 8 PM. Source unknown,DEPT. OF PUBLIC HEALTH,Alleged violation not found,2026-06-16,41.88304941576164,-87.6923210768147,"{'type': 'Point', 'coordinates': [-87.692321076815, 41.883049415762]}",2026-06-13,Saturday,6,Near West Side 1,768.5,Garfield Park,GARFIELD PARK
601850300,Air Pollution Work Order,3900 S WESTERN AVE,3900,S,WESTERN,AVE,417337.0,2026-06-13,,DEPT. OF PUBLIC HEALTH,Alleged violation not found,2026-06-15,41.822954294113735,-87.68501298600604,"{'type': 'Point', 'coordinates': [-87.685012986006, 41.822954294114]}",2026-06-13,Saturday,6,McKinley Park 1,533.2,Brighton Park,"BRIGHTON PARK,MCKINLEY PARK"
601849994,Air Pollution Work Order,3743 N MARSHFIELD AVE,3743,N,MARSHFIELD,AVE,376199.0,2026-06-14,"From the alley, I can see the smoke rising from the back yard of 3743 N Marshfield. While this is the first time I am filinga complaint, this isn't the first time that the address has performed open burning in their back yard. It happens every week!",DEPT. OF PUBLIC HEALTH,Alleged violation not found,2026-06-15,41.95008139645014,-87.67000956500925,"{'type': 'Point', 'coordinates': [-87.670009565009, 41.95008139645]}",2026-06-14,Sunday,6,Lake View 1,244.8,Lake View,LAKE VIEW
601850854,Air Pollution Work Order,5455 N SHERIDAN RD,5455,N,SHERIDAN,RD,437489.0,2026-06-15,,DEPT. OF PUBLIC HEALTH,Complaint Valid,2026-06-16,41.98154697487521,-87.65498348161402,"{'type': 'Point', 'coordinates': [-87.654983481614, 41.981546974875]}",2026-06-15,Monday,6,Edgewater 2,493.1,Edgewater,EDGEWATER
601850304,Air Pollution Work Order,3819 S HONORE ST,3819,S,HONORE,ST,417337.0,2026-06-15,,DEPT. OF PUBLIC HEALTH,Alleged violation not found,2026-06-15,41.82437366715258,-87.67129953764069,"{'type': 'Point', 'coordinates': [-87.671299537641, 41.824373667153]}",2026-06-15,Monday,6,McKinley Park 2,390.7,Mckinley Park,"BRIGHTON PARK,MCKINLEY PARK"
601850302,Air Pollution Work Order,3819 S HONORE ST,3819,S,HONORE,ST,417337.0,2026-06-15,"Really strong today, starting around 6 and still going. Around 7am, it was so present it was like they were paving in our bedroom. They also produced over the weekend, including Friday late at night.",DEPT. OF PUBLIC HEALTH,Alleged violation not found,2026-06-15,41.82437366715258,-87.67129953764069,"{'type': 'Point', 'coordinates': [-87.671299537641, 41.824373667153]}",2026-06-15,Monday,6,McKinley Park 2,390.7,Mckinley Park,"BRIGHTON PARK,MCKINLEY PARK"
601850843,Air Pollution Work Order,9714 S ESCANABA AVE,9714,S,ESCANABA,AVE,249349.0,2026-06-16,Not sure where this smell is coming from but the whole vets park/south deering neighborhood smells rotten. This occurs often from time to time in the neighborhood.,DEPT. OF PUBLIC HEALTH,Alleged violation founded,2026-06-16,41.71858970900153,-87.55392653026026,"{'type': 'Point', 'coordinates': [-87.55392653026, 41.718589709002]}",2026-06-16,Tuesday,6,South Deering 2,579.0,South Deering,SOUTHEAST SIDE
601851521,Air Pollution Work Order,9535 S MUSKEGON AVE,9535,S,MUSKEGON,AVE,249349.0,2026-06-16,"Noxious odors are emanating from the plant. Can't open my windows for fresh air because of the horrible smell. Smells like corpses, dead fish, rotten eggs, and feces.",DEPT. OF PUBLIC HEALTH,Complaint Valid,2026-06-17,41.72166378497704,-87.55506043548127,"{'type': 'Point', 'coordinates': [-87.555060435481, 41.721663784977]}",2026-06-16,Tuesday,6,Calumet Heights 3,527.2,South Deering,SOUTHEAST SIDE
601853982,Air Pollution Work Order,9854 S MANISTEE AVE,9854,S,MANISTEE,AVE,249349.0,2026-06-16,,DEPT. OF PUBLIC HEALTH,Complaint Valid,2026-06-16,41.7156398698172,-87.55664295844689,"{'type': 'Point', 'coordinates': [-87.556642958447, 41.715639869817]}",2026-06-16,Tuesday,6,South Deering 2,405.9,South Deering,SOUTHEAST SIDE
601851470,Air Pollution Work Order,535 W 37TH ST,535,W,37TH,ST,376199.0,2026-06-16,,DEPT. OF PUBLIC HEALTH,Alleged violation not found,2026-06-17,41.82707111940842,-87.640067937238,"{'type': 'Point', 'coordinates': [-87.640067937238, 41.827071119408]}",2026-06-16,Tuesday,6,Armour Square 3,469.9,Bridgeport,BRIDGEPORT
601851466,Air Pollution Work Order,900 N MONTICELLO AVE,900,N,MONTICELLO,AVE,84397.0,2026-06-16,"There’s work at 857 N Lawndale Ave, Chicago, IL 60651. The contractor there put a dumpster in front of my building (located at 3639 W Iowa st, Chicago IL 60651), filled it up with trash and set it on fire.",DEPT. OF PUBLIC HEALTH,Resolved,2026-06-17,41.89736102453358,-87.71774382796761,"{'type': 'Point', 'coordinates': [-87.717743827968, 41.897361024534]}",2026-06-16,Tuesday,6,Humboldt Park 2,688.3,Humboldt Park,HUMBOLDT PARK
601851464,Air Pollution Work Order,919 W SHERIDAN RD,919,W,SHERIDAN,RD,437489.0,2026-06-16,"There is dust from the construction and demolition debris clouding W Sheridan, creating concerns for the air quality.Base 3 Development is renovating the property",DEPT. OF PUBLIC HEALTH,Alleged violation founded,2026-06-18,41.95258889393326,-87.6528797913022,"{'type': 'Point', 'coordinates': [-87.652879791302, 41.952588893933]}",2026-06-16,Tuesday,6,Lake View 2,457.3,Lake View,LAKE VIEW
601851460,Air Pollution Work Order,2129 N KIMBALL AVE,2129,N,KIMBALL,AVE,443615.0,2026-06-17,THE CALLER STATED IT SMELL LIKE GAS AND POOP IN THE AIR,DEPT. OF PUBLIC HEALTH,Alleged violation not found,2026-06-17,41.92003427613514,-87.71181419971155,"{'type': 'Point', 'coordinates': [-87.711814199712, 41.920034276135]}",2026-06-17,Wednesday,6,Logan Square 4,730.7,Logan Square,LOGAN SQUARE
601852074,Air Pollution Work Order,2206 E 75TH ST,2206,E,75TH,ST,249349.0,2026-06-17,Getting a chemical almost paint type smell potentially thinner or something to strip paint does not happen all the timewhen it does it is unbearable. They may not have proper ventilation. It's 9pm and I smell it.&nbsp;,DEPT. OF PUBLIC HEALTH,Refer to other Depts,2026-06-18,41.75904729983293,-87.57093203752252,"{'type': 'Point', 'coordinates': [-87.570932037523, 41.759047299833]}",2026-06-17,Wednesday,6,South Shore 2,564.9,South Shore,"SOUTH SHORE, GRAND CROSSING"
601853218,Air Pollution Work Order,4516 S KILPATRICK AVE,4516,S,KILPATRICK,AVE,84397.0,2026-06-18,Garage burned down and he had chemicals in there,DEPT. OF PUBLIC HEALTH,Alleged violation unfounded,2026-06-26,41.81075924190694,-87.740942992643,"{'type': 'Point', 'coordinates': [-87.740942992643, 41.810759241907]}",2026-06-18,Thursday,6,Archer Heights 1,662.0,Garfield Ridge,MIDWAY AIRPORT
601852994,Air Pollution Work Order,6308 N ARTESIAN AVE,6308,N,ARTESIAN,AVE,437489.0,2026-06-18,their throwing material off the Roof and it is causing a lot of dust&nbsp;,DEPT. OF PUBLIC HEALTH,Refer to Building Dept,2026-06-24,41.99620818938232,-87.69120663110165,"{'type': 'Point', 'coordinates': [-87.691206631102, 41.996208189382]}",2026-06-18,Thursday,6,West Ridge 4,733.5,West Ridge,WEST RIDGE
601853270,Air Pollution Work Order,2977 N ELSTON AVE,2977,N,ELSTON,AVE,417337.0,2026-06-18,&nbsp;Natural gas leak Excessive smell,DEPT. OF PUBLIC HEALTH,Alleged violation not found,2026-06-22,41.935613510572914,-87.692603112342,"{'type': 'Point', 'coordinates': [-87.692603112342, 41.935613510573]}",2026-06-18,Thursday,6,Avondale 2,125.2,Avondale,"IRVING PARK,AVONDALE"
601853285,Air Pollution Work Order,2701 E 100TH ST,2701,E,100TH,ST,10937.0,2026-06-18,,DEPT. OF PUBLIC HEALTH,Alleged violation founded,2026-06-23,41.71324291275156,-87.55803846897774,"{'type': 'Point', 'coordinates': [-87.558038468978, 41.713242912752]}",2026-06-18,Thursday,6,South Deering 2,442.3,South Deering,SOUTHEAST SIDE
601853264,Air Pollution Work Order,3013 S KEDVALE AVE,3013,S,KEDVALE,AVE,84397.0,2026-06-18,Person at this address continuously burns wood,DEPT. OF PUBLIC HEALTH,Alleged violation unfounded,2026-06-26,41.838281475725736,-87.72788733334387,"{'type': 'Point', 'coordinates': [-87.727887333344, 41.838281475726]}",2026-06-18,Thursday,6,South Lawndale 3,708.2,Little Village,LITTLE VILLAGE
601853410,Air Pollution Work Order,1753 W CATALPA AVE,1753,W,CATALPA,AVE,3308.0,2026-06-19,,DEPT. OF PUBLIC HEALTH,Resolved,2026-06-22,41.981467771236616,-87.67428886069476,"{'type': 'Point', 'coordinates': [-87.674288860695, 41.981467771237]}",2026-06-19,Friday,6,Uptown 1,654.9,Andersonville,ANDERSONVILLE
601853219,Air Pollution Work Order,4359 S CHRISTIANA AVE,4359,S,CHRISTIANA,AVE,379542.0,2026-06-19,&nbsp;Occurs at the evening in the whole area sewer smell,DEPT. OF PUBLIC HEALTH,Resolved,2026-06-22,41.813659606286336,-87.7077230443913,"{'type': 'Point', 'coordinates': [-87.707723044391, 41.813659606286]}",2026-06-19,Friday,6,Brighton Park 3,406.0,Brighton Park,"BRIGHTON PARK,MCKINLEY PARK"
601853035,Air Pollution Work Order,4628 N MONTICELLO AVE,4628,N,MONTICELLO,AVE,443615.0,2026-06-19,&nbsp;It smells like burnt rubber and it is making it hard for me to breathe in my building. They are gutting the building,DEPT. OF PUBLIC HEALTH,Resolved,2026-06-22,41.965548824778,-87.71953883769301,"{'type': 'Point', 'coordinates': [-87.719538837693, 41.965548824778]}",2026-06-19,Friday,6,Albany Park 3,660.3,Albany Park,"NORTH PARK,ALBANY PARK"
601853245,Air Pollution Work Order,4300 S CHRISTIANA AVE,4300,S,CHRISTIANA,AVE,84397.0,2026-06-19,Happens randomly,DEPT. OF PUBLIC HEALTH,Alleged violation unfounded,2026-06-26,41.81530304315221,-87.70808083138829,"{'type': 'Point', 'coordinates': [-87.708080831388, 41.815303043152]}",2026-06-19,Friday,6,Brighton Park 3,405.7,Brighton Park,"BRIGHTON PARK,MCKINLEY PARK"
601853219,Air Pollution Work Order,4359 S CHRISTIANA AVE,4359,S,CHRISTIANA,AVE,379542.0,2026-06-19,&nbsp;Occurs at the evening in the whole area sewer smell,DEPT. OF PUBLIC HEALTH,Resolved,2026-06-22,41.813659606286336,-87.7077230443913,"{'type': 'Point', 'coordinates': [-87.707723044391, 41.813659606286]}",2026-06-19,Friday,6,Brighton Park 3,406.0,Brighton Park,"BRIGHTON PARK,MCKINLEY PARK"
601852998,Air Pollution Work Order,5631 S HOYNE AVE,5631,S,HOYNE,AVE,249349.0,2026-06-20,The smoke The fire gives off smells like burnt rubber and oil,DEPT. OF PUBLIC HEALTH,Alleged violation not found,2026-06-22,41.79112886764618,-87.67651022528472,"{'type': 'Point', 'coordinates': [-87.676510225285, 41.791128867646]}",2026-06-20,Saturday,6,West Englewood 1,592.2,Englewood,ENGLEWOOD
601853375,Air Pollution Work Order,1830 N RIDGEWAY AVE,1830,N,RIDGEWAY,AVE,249349.0,2026-06-20,"The odor of fuel is so strong it is inundating the entire neighborhood, parks (including The 606), and playgrounds. It's alsoseeping indoorsNot sure of exact location, but might be the Pacific Junction railway lineor nearby.",DEPT. OF PUBLIC HEALTH,Alleged violation not found,2026-06-22,41.91463880346512,-87.72051998328745,"{'type': 'Point', 'coordinates': [-87.720519983287, 41.914638803465]}",2026-06-20,Saturday,6,Logan Square 4,211.6,Logan Square,LOGAN SQUARE
601853510,Air Pollution Work Order,730 N PULASKI RD,730,N,PULASKI,RD,476620.0,2026-06-20,,DEPT. OF PUBLIC HEALTH,Complaint Valid,2026-06-22,41.89444827833687,-87.72620304790371,"{'type': 'Point', 'coordinates': [-87.726203047904, 41.894448278337]}",2026-06-20,Saturday,6,Humboldt Park 4,678.6,Humboldt Park,HUMBOLDT PARK
601853295,Air Pollution Work Order,2600 W 21ST PL,2600,W,21ST,PL,443615.0,2026-06-21,"Started this week, 3 days. This was happening all last summer and fall, intermittently. You cant keep your windows openbecause the smell is horrible. Smells like sewage or some chemical. Aggravates breathing, forcing me to close my windows at night.&nbsp;",DEPT. OF PUBLIC HEALTH,Alleged violation not found,2026-06-22,41.85298827087215,-87.69069362639283,"{'type': 'Point', 'coordinates': [-87.690693626393, 41.852988270872]}",2026-06-21,Sunday,6,Lower West Side 1,357.1,Little Village,LITTLE VILLAGE
601853631,Air Pollution Work Order,1801 N LAWNDALE AVE,1801,N,LAWNDALE,AVE,249349.0,2026-06-22,"Strong, persistent odor of fuel. Smells like gasoline or diesel or asphalt coming from the area of the Pacific Junction railroad or nearby western trailhead of The 606 (Bloomingdale Trail)",DEPT. OF PUBLIC HEALTH,Alleged violation not found,2026-06-22,41.91374031946847,-87.71896408540631,"{'type': 'Point', 'coordinates': [-87.718964085406, 41.913740319468]}",2026-06-22,Monday,6,Logan Square 4,263.7,Logan Square,LOGAN SQUARE
601853689,Air Pollution Work Order,2208 W LAWRENCE AVE,2208,W,LAWRENCE,AVE,379542.0,2026-06-22,A new build being constructed and they have no tarps or other material hung up to control dust. Dust clouds spill ontosidewalk which drifts through the air and is causing pollution.,DEPT. OF PUBLIC HEALTH,Resolved,2026-06-24,41.96878871382574,-87.68444146067071,"{'type': 'Point', 'coordinates': [-87.684441460671, 41.968788713826]}",2026-06-22,Monday,6,Lincoln Square 2,863.4,Lincoln Square,LINCOLN SQUARE
601853594,Air Pollution Work Order,8747 S MACKINAW AVE,8747,S,MACKINAW,AVE,13776.0,2026-06-22,Neighbors are getting sick from heavy dust from the site. Construction is being done on contaminated land,DEPT. OF PUBLIC HEALTH,Resolved,2026-06-23,41.73610091090021,-87.5428982789427,"{'type': 'Point', 'coordinates': [-87.542898278943, 41.7361009109]}",2026-06-22,Monday,6,South Chicago 3,640.8,South Chicago,SOUTH CHICAGO
601853687,Air Pollution Work Order,2701 E 100TH ST,2701,E,100TH,ST,10937.0,2026-06-22,,DEPT. OF PUBLIC HEALTH,Alleged violation founded,2026-06-23,41.71324291275156,-87.55803846897774,"{'type': 'Point', 'coordinates': [-87.558038468978, 41.713242912752]}",2026-06-22,Monday,6,South Deering 2,442.3,South Deering,SOUTHEAST SIDE
601853631,Air Pollution Work Order,1801 N LAWNDALE AVE,1801,N,LAWNDALE,AVE,249349.0,2026-06-22,"Strong, persistent odor of fuel. Smells like gasoline or diesel or asphalt coming from the area of the Pacific Junction railroad or nearby western trailhead of The 606 (Bloomingdale Trail)",DEPT. OF PUBLIC HEALTH,Alleged violation not found,2026-06-22,41.91374031946847,-87.71896408540631,"{'type': 'Point', 'coordinates': [-87.718964085406, 41.913740319468]}",2026-06-22,Monday,6,Logan Square 4,263.7,Logan Square,LOGAN SQUARE
601853593,Air Pollution Work Order,10002 S TORRENCE AVE,10002,S,TORRENCE,AVE,10937.0,2026-06-22,AGRI-FINE ( NEAR 100TH / TORRENCE) - STRONG FUMES/ODORS EMITTINGFROM BUILDING THAT BURNS PEOPLE EYES,DEPT. OF PUBLIC HEALTH,Alleged violation founded,2026-06-23,41.71332321880152,-87.5598940526423,"{'type': 'Point', 'coordinates': [-87.559894052642, 41.713323218802]}",2026-06-22,Monday,6,South Deering 2,595.8,South Deering,SOUTHEAST SIDE
601853678,Air Pollution Work Order,6166 N SHERIDAN RD,6166,N,SHERIDAN,RD,3308.0,2026-06-22,,DEPT. OF PUBLIC HEALTH,Resolved,2026-06-23,41.9942188392819,-87.65566151278423,"{'type': 'Point', 'coordinates': [-87.655661512784, 41.994218839282]}",2026-06-22,Monday,6,Edgewater 2,922.4,Edgewater,EDGEWATER
601854507,Air Pollution Work Order,8701 S MACKINAW AVE,8701,S,MACKINAW,AVE,13776.0,2026-06-23,"&nbsp;NEW CONSTRUCTION - EXCAVATION ON CONTAMINATED 10 ACRES AREA ( APPROX. 1000 FT X 1000 FT,20 FT DEEP) - HAVE 5 CRANES GOING, DUST BLOWING AROUND IN THE AREA - NO VISIBLE PERMITS - USUALLYWKG MON-FRI EARLY MORNING UNTIL APPROX. 3 PM",DEPT. OF PUBLIC HEALTH,Alleged violation not found,2026-06-24,41.73749272398308,-87.54298616199343,"{'type': 'Point', 'coordinates': [-87.542986161993, 41.737492723983]}",2026-06-23,Tuesday,6,South Chicago 3,622.0,South Chicago,SOUTH CHICAGO
601854922,Air Pollution Work Order,1460 W CUYLER AVE,1460,W,CUYLER,AVE,470070.0,2026-06-23,,DEPT. OF PUBLIC HEALTH,Resolved,2026-06-24,41.95535285136811,-87.66659548855837,"{'type': 'Point', 'coordinates': [-87.666595488558, 41.955352851368]}",2026-06-23,Tuesday,6,Lake View 1,880.8,Lake View,LAKE VIEW
601854917,Air Pollution Work Order,2300 N MILWAUKEE AVE,2300,N,MILWAUKEE,AVE,379542.0,2026-06-23,"&nbsp;dust, rocks, debris complaint",DEPT. OF PUBLIC HEALTH,Resolved,2026-07-22,41.922842576706046,-87.69748748180638,"{'type': 'Point', 'coordinates': [-87.697487481806, 41.922842576706]}",2026-06-23,Tuesday,6,Logan Square 3,578.3,Logan Square,LOGAN SQUARE
601854905,Air Pollution Work Order,3200 S CANAL ST,3200,S,CANAL,ST,3308.0,2026-06-23,,DEPT. OF PUBLIC HEALTH,Complaint Valid,2026-06-24,41.83624237308507,-87.63785283364007,"{'type': 'Point', 'coordinates': [-87.63785283364, 41.836242373085]}",2026-06-23,Tuesday,6,Armour Square 2,460.6,Bridgeport,BRIDGEPORT
601854495,Air Pollution Work Order,8701 S MACKINAW AVE,8701,S,MACKINAW,AVE,13776.0,2026-06-23,,DEPT. OF PUBLIC HEALTH,Alleged violation not found,2026-06-24,41.73749272398308,-87.54298616199343,"{'type': 'Point', 'coordinates': [-87.542986161993, 41.737492723983]}",2026-06-23,Tuesday,6,South Chicago 3,622.0,South Chicago,SOUTH CHICAGO
601854909,Air Pollution Work Order,3114 W 28TH ST,3114,W,28TH,ST,84397.0,2026-06-23,&nbsp;The dust from the bricks is not only harmful to our breathing but the dust is being blown to the entrance of La Villita Parkon 28th and TroyUsed to be El Milagro warehouse but don’t know the new owners,DEPT. OF PUBLIC HEALTH,Alleged violation not found,2026-06-25,41.84104231842019,-87.703170451055,"{'type': 'Point', 'coordinates': [-87.703170451055, 41.84104231842]}",2026-06-23,Tuesday,6,South Lawndale 2,90.4,Little Village,LITTLE VILLAGE
601854923,Air Pollution Work Order,1456 N GREENVIEW AVE,1456,N,GREENVIEW,AVE,417337.0,2026-06-23,"Since February of 2026 there is a terrible, chemical-y smell in front of my building that persists down the street until youreach Ashland. It comes and goes and lasts a few days only to dissipate and then return again.&nbsp;",DEPT. OF PUBLIC HEALTH,Alleged violation not found,2026-06-24,41.908693104905,-87.66534308864117,"{'type': 'Point', 'coordinates': [-87.665343088641, 41.908693104905]}",2026-06-23,Tuesday,6,West Town 2,618.0,West Town,"WICKER PARK,WEST TOWN"
601854398,Air Pollution Work Order,10242 S TORRENCE AVE,10242,S,TORRENCE,AVE,10937.0,2026-06-23,&nbsp;Smells started around 8pm in the evening,DEPT. OF PUBLIC HEALTH,Alleged violation founded,2026-06-25,41.70873951264716,-87.55982526986975,"{'type': 'Point', 'coordinates': [-87.55982526987, 41.708739512647]}",2026-06-23,Tuesday,6,South Deering 2,789.8,South Deering,SOUTHEAST SIDE
601854970,Air Pollution Work Order,1801 E 97TH ST,1801,E,97TH,ST,249349.0,2026-06-24,"&nbsp;Terrible death smell, smells like rotten bodies. Noticed at around 7pm and lasted all night",DEPT. OF PUBLIC HEALTH,Alleged violation not found,2026-06-25,41.718671605386106,-87.57799725605348,"{'type': 'Point', 'coordinates': [-87.577997256053, 41.718671605386]}",2026-06-24,Wednesday,6,Pullman 2,816.2,South Deering,SOUTHEAST SIDE
601854863,Air Pollution Work Order,2929 N PULASKI RD,2929,N,PULASKI,RD,10937.0,2026-06-24,&nbsp;noxious odors coming from a plastics company at 2929 N. Pulaski,DEPT. OF PUBLIC HEALTH,Complaint Valid,2026-06-24,41.93448246473871,-87.72690669829366,"{'type': 'Point', 'coordinates': [-87.726906698294, 41.934482464739]}",2026-06-24,Wednesday,6,Logan Square 1,851.7,Avondale,"IRVING PARK,AVONDALE"
601855067,Air Pollution Work Order,8431 S MACKINAW AVE,8431,S,MACKINAW,AVE,13776.0,2026-06-24,,DEPT. OF PUBLIC HEALTH,Alleged violation not found,2026-06-25,41.7420384674789,-87.54285396240637,"{'type': 'Point', 'coordinates': [-87.542853962406, 41.742038467479]}",2026-06-24,Wednesday,6,South Chicago 3,774.5,South Chicago,SOUTH CHICAGO
601854975,Air Pollution Work Order,3660 S ASHLAND AVE,3660,S,ASHLAND,AVE,451826.0,2026-06-24,&nbsp;Smell permeates the entire outdoors and smells very foul. It began to smell a little about a day or 2 ago and today is at itsstrongest so far. This smell is a consistent issue&nbsp;,DEPT. OF PUBLIC HEALTH,Alleged violation not found,2026-06-26,41.826998626304544,-87.66563050596544,"{'type': 'Point', 'coordinates': [-87.665630505965, 41.826998626305]}",2026-06-24,Wednesday,6,McKinley Park 2,316.6,Mckinley Park,"BRIGHTON PARK,MCKINLEY PARK"
601854962,Air Pollution Work Order,546 N DESPLAINES ST,546,N,DESPLAINES,ST,431068.0,2026-06-24,,DEPT. OF PUBLIC HEALTH,Resolved,2026-06-25,41.89219554838666,-87.64453319849657,"{'type': 'Point', 'coordinates': [-87.644533198497, 41.892195548387]}",2026-06-24,Wednesday,6,Near North Side 4,702.8,West Town,"WICKER PARK,WEST TOWN"
601854974,Air Pollution Work Order,1905 N KOSTNER AVE,1905,N,KOSTNER,AVE,443615.0,2026-06-24,,DEPT. OF PUBLIC HEALTH,Alleged violation not found,2026-06-25,41.915433482054176,-87.73613541467209,"{'type': 'Point', 'coordinates': [-87.736135414672, 41.915433482054]}",2026-06-24,Wednesday,6,Hermosa 2,92.3,Hermosa,"BELMONT CRAIGIN,HERMOSA"
601855470,Air Pollution Work Order,2976 N MILWAUKEE AVE,2976,N,MILWAUKEE,AVE,437489.0,2026-06-25,"This business smokes meat and is often spewing smoke and ash 4 to 5 days a week, from morning well into the evening -tonight it was after 7. The residential block this business sits against cannot have our windows open and this is unhealthy",DEPT. OF PUBLIC HEALTH,Alleged violation founded,2026-06-26,41.93530555224116,-87.71786010617684,"{'type': 'Point', 'coordinates': [-87.717860106177, 41.935305552241]}",2026-06-25,Thursday,6,Logan Square 1,637.0,Avondale,"IRVING PARK,AVONDALE"
601855472,Air Pollution Work Order,1759 N LAWNDALE AVE,1759,N,LAWNDALE,AVE,431068.0,2026-06-25,"These noxious fumes have been chronic for weeks! Why is no-one investigating and curing it?! All the surrounding homesand pedestrians, including on the 606, are being poisoned by the city. Please stop ignoring it, I'm requesting an answer — contact meNot an active lot. There are several storage sheds and large stacks and piles of materials, includingmany 50 gallon drums. I cannot locate the source of the toxic odor, but it smells like spilled fuel andthis lot is the most likely culprit",DEPT. OF PUBLIC HEALTH,Alleged violation not found,2026-06-26,41.91350253473819,-87.71895607400084,"{'type': 'Point', 'coordinates': [-87.718956074001, 41.913502534738]}",2026-06-25,Thursday,6,Logan Square 4,290.1,Humboldt Park,HUMBOLDT PARK
601855460,Air Pollution Work Order,3616 W ARMITAGE AVE,3616,W,ARMITAGE,AVE,417337.0,2026-06-25,"Smoke clouds &amp; smell of burning chemicals reaching the entire block &amp; lingering for hours. Our apt is filled with thesmell, we can’t turn on the window A/Cs. We have a 3 month old &amp; had to evacuate. Contractor isnot using pollution mediationtechniques.",DEPT. OF PUBLIC HEALTH,Alleged violation not found,2026-06-26,41.91738381273884,-87.71746411595915,"{'type': 'Point', 'coordinates': [-87.717464115959, 41.917383812739]}",2026-06-25,Thursday,6,Logan Square 4,184.7,Logan Square,LOGAN SQUARE
601855111,Air Pollution Work Order,1032 N MASSASOIT AVE,1032,N,MASSASOIT,AVE,3308.0,2026-06-25,"This complaint is being submitted regarding a hazardous odor that comes from a garage in the alley (behind this following address: 1032 North Massoit Street, Chicago, Illinois 60651). This complainant stated that she moved to this address about 30 days ago, and this hazardous odor coming from that alley-garage that is affecting her health and her grandchildren’s health. It is hard to breath outside, and the smell is evening coming into her home. Their heads are hurting and their throats are very irritable. She does not know who is working in that garage or the exact address, but it is located behind her home. It smells like something is being spray painted in that garage, and it is affecting the air very bad. The complaint would like to know if and when this maybe investigated, and the outcome of the investigation. Please feel free to call her for additional information or with any questions",DEPT. OF PUBLIC HEALTH,Complaint Valid,2026-06-26,41.89943842109839,-87.76935013714677,"{'type': 'Point', 'coordinates': [-87.769350137147, 41.899438421098]}",2026-06-25,Thursday,6,Austin 9,480.7,Austin,AUSTIN
601856042,Air Pollution Work Order,10300 S TORRENCE AVE,10300,S,TORRENCE,AVE,417337.0,2026-06-26,CALLER REPORTED AN ODOR HAS BEEN LINGERING IN THE AREA FOR THE LAST 3 DAYS FOR SEVERALBLOCKS.,DEPT. OF PUBLIC HEALTH,Alleged violation founded,2026-06-29,41.70807742904229,-87.55980687133224,"{'type': 'Point', 'coordinates': [-87.559806871332, 41.708077429042]}",2026-06-26,Friday,6,South Deering 3,825.4,South Deering,SOUTHEAST SIDE
601856195,Air Pollution Work Order,2700 W 25TH ST,2700,W,25TH,ST,84397.0,2026-06-26,,DEPT. OF PUBLIC HEALTH,Alleged violation unfounded,2026-06-29,41.84659196320168,-87.69293766460069,"{'type': 'Point', 'coordinates': [-87.692937664601, 41.846591963202]}",2026-06-26,Friday,6,Lower West Side 5,848.4,Little Village,LITTLE VILLAGE
601856274,Air Pollution Work Order,251 E 121ST PL,251,E,121ST,PL,13776.0,2026-06-26,,DEPT. OF PUBLIC HEALTH,Alleged violation not found,2026-06-29,41.67345379622069,-87.61578235907875,"{'type': 'Point', 'coordinates': [-87.615782359079, 41.673453796221]}",2026-06-26,Friday,6,West Pullman 3,459.8,West Pullman,WEST PULLMAN
601856199,Air Pollution Work Order,2659 W LUTHER ST,2659,W,LUTHER,ST,84397.0,2026-06-26,Smell of sewage/manure/human waste began on Thursday evening and has continued into Friday morning. Sourceunknown,DEPT. OF PUBLIC HEALTH,Alleged violation unfounded,2026-06-29,41.846997214918126,-87.6927327493611,"{'type': 'Point', 'coordinates': [-87.692732749361, 41.846997214918]}",2026-06-26,Friday,6,Lower West Side 1,818.9,Little Village,LITTLE VILLAGE
601856179,Air Pollution Work Order,2701 E 100TH ST,2701,E,100TH,ST,417337.0,2026-06-26,,DEPT. OF PUBLIC HEALTH,Alleged violation founded,2026-06-29,41.71324291275156,-87.55803846897774,"{'type': 'Point', 'coordinates': [-87.558038468978, 41.713242912752]}",2026-06-26,Friday,6,South Deering 2,442.3,South Deering,SOUTHEAST SIDE
601856271,Air Pollution Work Order,924 W BELMONT AVE,924,W,BELMONT,AVE,249349.0,2026-06-27,This business is filled with an overwhelming smokey smell from the kitchen. They probably do not have proper exhaust.,DEPT. OF PUBLIC HEALTH,Alleged violation not found,2026-06-29,41.94004450704706,-87.65253926108572,"{'type': 'Point', 'coordinates': [-87.652539261086, 41.940044507047]}",2026-06-27,Saturday,6,Lake View 4,571.6,Lake View,LAKE VIEW
601856044,Air Pollution Work Order,10132 S OGLESBY AVE,10132,S,OGLESBY,AVE,417337.0,2026-06-27,CALLER REPORTS A SMELL LIKE ROTTEN OR DEAD FISH IN THE AIR.,DEPT. OF PUBLIC HEALTH,Alleged violation founded,2026-06-29,41.71070186747356,-87.56590217823931,"{'type': 'Point', 'coordinates': [-87.565902178239, 41.710701867474]}",2026-06-27,Saturday,6,South Deering 1,456.8,South Deering,SOUTHEAST SIDE
601856264,Air Pollution Work Order,2412 E 103RD ST,2412,E,103RD,ST,13776.0,2026-06-28,,DEPT. OF PUBLIC HEALTH,Alleged violation not found,2026-06-29,41.70820384946131,-87.56511824030385,"{'type': 'Point', 'coordinates': [-87.565118240304, 41.708203849461]}",2026-06-28,Sunday,6,South Deering 1,719.2,South Deering,SOUTHEAST SIDE
601856266,Air Pollution Work Order,2055 W PERSHING RD,2055,W,PERSHING,RD,443615.0,2026-06-29,"As I step outside at 7:53am, I can smell the MAT asphalt plant .As I walk thru McKinley Park, I can smell these toxicodors. The wind is blowing from the west so our neighborhood can smell it! Dept. of Env.- go inspect!",DEPT. OF PUBLIC HEALTH,Alleged violation not found,2026-06-29,41.822972765727336,-87.67702220737627,"{'type': 'Point', 'coordinates': [-87.677022207376, 41.822972765727]}",2026-06-29,Monday,6,McKinley Park 2,815.1,New City,BACK OF THE YARDS
601857078,Air Pollution Work Order,5309 W CULLOM AVE,5309,W,CULLOM,AVE,470070.0,2026-06-29,Driver uses different cars and sits and idles for hours. Latest was one with WI768 WLK.,DEPT. OF PUBLIC HEALTH,Resolved,2026-06-30,41.95862991519469,-87.76021962099269,"{'type': 'Point', 'coordinates': [-87.760219620993, 41.958629915195]}",2026-06-29,Monday,6,Portage Park 2,496.3,Portage Park,PORTAGE PARK
601857079,Air Pollution Work Order,5530 N MILWAUKEE AVE,5530,N,MILWAUKEE,AVE,437489.0,2026-06-29,Community foid and liquor,DEPT. OF PUBLIC HEALTH,Alleged violation not found,2026-06-30,41.98228977576567,-87.77396048836235,"{'type': 'Point', 'coordinates': [-87.773960488362, 41.982289775766]}",2026-06-29,Monday,6,Jefferson Park 3,867.1,Jefferson Park,JEFFERSON PARK
601857014,Air Pollution Work Order,855 W ERIE ST,855,W,ERIE,ST,376199.0,2026-06-29,,DEPT. OF PUBLIC HEALTH,Complaint Valid,2026-06-30,41.89323745731137,-87.64984903302863,"{'type': 'Point', 'coordinates': [-87.649849033029, 41.893237457311]}",2026-06-29,Monday,6,West Town 3,423.7,West Town,"WICKER PARK,WEST TOWN"
601857059,Air Pollution Work Order,2003 S WESTERN AVE,2003,S,WESTERN,AVE,443615.0,2026-06-29,"The building and surrounding sidewalks and street constantly smell like rotting animal meat, especially when it gets hotoutside. I already reported this establishment when there was a massive puddle of blood outside.western poultry",DEPT. OF PUBLIC HEALTH,Alleged violation founded,2026-06-30,41.85468620068162,-87.68556150003144,"{'type': 'Point', 'coordinates': [-87.685561500031, 41.854686200682]}",2026-06-29,Monday,6,Lower West Side 1,236.3,Lower West Side,LOWER WEST SIDE
601858107,Air Pollution Work Order,10938 S AVENUE M,10938,S,AVENUE M,,443615.0,2026-07-01,&nbsp;chimney fumes,DEPT. OF PUBLIC HEALTH,Alleged violation not found,2026-07-02,41.696138249744514,-87.53784688012323,"{'type': 'Point', 'coordinates': [-87.537846880123, 41.696138249745]}",2026-07-01,Wednesday,7,East Side 3,523.0,East Side,SOUTHEAST SIDE
601858142,Air Pollution Work Order,2001 N MENDELL ST,2001,N,MENDELL,ST,437489.0,2026-07-01,"&nbsp;The air quality here is routinely bad from the concrete dust on the street from Ozinga. Today was particularly one of theworst days, with dust blowing in my face. This is the only route to walk to the office next door.",DEPT. OF PUBLIC HEALTH,Alleged violation founded,2026-07-02,41.91821701431596,-87.66629016752914,"{'type': 'Point', 'coordinates': [-87.666290167529, 41.918217014316]}",2026-07-01,Wednesday,7,Logan Square 2,664.9,Bucktown,BUCKTOWN
601858124,Air Pollution Work Order,9834 S MUSKEGON AVE,9834,S,MUSKEGON,AVE,417337.0,2026-07-01,,DEPT. OF PUBLIC HEALTH,Alleged violation not found,2026-07-02,41.71625408663399,-87.55527618565013,"{'type': 'Point', 'coordinates': [-87.55527618565, 41.716254086634]}",2026-07-01,Wednesday,7,South Deering 2,376.2,South Deering,SOUTHEAST SIDE
601858126,Air Pollution Work Order,8400 S ANTHONY AVE,8400,S,ANTHONY,AVE,379542.0,2026-07-01,DUST IS FLYING ALL THROUGH THE AIR AND ON CARS AND SIDEWALKS--,DEPT. OF PUBLIC HEALTH,Resolved,2026-07-02,41.74242215037593,-87.57617573812033,"{'type': 'Point', 'coordinates': [-87.57617573812, 41.742422150376]}",2026-07-01,Wednesday,7,Avalon Park 2,749.5,Avalon Park,"AVALON PARK,CALUMET HEIGHTS"
601858146,Air Pollution Work Order,1635 S CENTRAL PARK AVE,1635,S,CENTRAL PARK,AVE,249349.0,2026-07-01,"I don’t know the name of the business, but there’s this smell that comes—I believe from a factory,it’s really disgusting, I don’t if it’s food, grease or what. But it lasts all day and it’s all around thisarea.",DEPT. OF PUBLIC HEALTH,Alleged violation not found,2026-07-02,41.858006607597446,-87.71503509965858,"{'type': 'Point', 'coordinates': [-87.715035099659, 41.858006607597]}",2026-07-01,Wednesday,7,North Lawndale 4,614.3,North Lawndale,NORTH LAWNDALE
601858136,Air Pollution Work Order,2701 E 100TH ST,2701,E,100TH,ST,417337.0,2026-07-01,,DEPT. OF PUBLIC HEALTH,Alleged violation not found,2026-07-02,41.71324291275156,-87.55803846897774,"{'type': 'Point', 'coordinates': [-87.558038468978, 41.713242912752]}",2026-07-01,Wednesday,7,South Deering 2,442.3,South Deering,SOUTHEAST SIDE
601859021,Air Pollution Work Order,8706 S MACKINAW AVE,8706,S,MACKINAW,AVE,13776.0,2026-07-02,&nbsp;Brownfield dust is coming from the tires of numerous trucks on 87th St. Developer is attempting to street clean but isoverwhelmed. Truck tires need to be hosed down upon leaving site in addition to street cleaning,DEPT. OF PUBLIC HEALTH,Resolved,2026-07-06,41.73725216605356,-87.54322507183159,"{'type': 'Point', 'coordinates': [-87.543225071832, 41.737252166054]}",2026-07-02,Thursday,7,South Chicago 3,643.5,South Chicago,SOUTH CHICAGO
601859237,Air Pollution Work Order,4953 W DRUMMOND PL,4953,W,DRUMMOND,PL,470070.0,2026-07-02,"3-4 dumpsters switched, plumbing, electrical pipes, demo dust, shows only windows permit for 6 months&nbsp;",DEPT. OF PUBLIC HEALTH,Resolved,2026-07-06,41.92864574215581,-87.75104535247206,"{'type': 'Point', 'coordinates': [-87.751045352472, 41.928645742156]}",2026-07-02,Thursday,7,Belmont Cragin 3,130.7,Belmont Cragin,"BELMONT CRAGIN,HERMOSA"
601859242,Air Pollution Work Order,3129 N LUNA AVE,3129,N,LUNA,AVE,443615.0,2026-07-03,,DEPT. OF PUBLIC HEALTH,Alleged violation not found,2026-07-07,41.93765359663551,-87.76509332343996,"{'type': 'Point', 'coordinates': [-87.76509332344, 41.937653596636]}",2026-07-03,Friday,7,Belmont Cragin 2,280.4,Belmont Cragin,"BELMONT CRAGIN,HERMOSA"
601859276,Air Pollution Work Order,2264 N CLARK ST,2264,N,CLARK,ST,249349.0,2026-07-05,&nbsp;It’s been going since they moved to this location. The back door is often open but even when it’s not the food smell is sopotent that infiltrates our community which shares an alley with the restaurant. It’s very strong we can’t even open the windows,DEPT. OF PUBLIC HEALTH,Alleged violation not found,2026-07-06,41.92364998324464,-87.63945496889548,"{'type': 'Point', 'coordinates': [-87.639454968895, 41.923649983245]}",2026-07-05,Sunday,7,Lincoln Park 2,322.6,Lincoln Park,LINCOLN PARK
601859276,Air Pollution Work Order,2264 N CLARK ST,2264,N,CLARK,ST,249349.0,2026-07-05,&nbsp;It’s been going since they moved to this location. The back door is often open but even when it’s not the food smell is sopotent that infiltrates our community which shares an alley with the restaurant. It’s very strong we can’t even open the windows,DEPT. OF PUBLIC HEALTH,Alleged violation not found,2026-07-06,41.92364998324464,-87.63945496889548,"{'type': 'Point', 'coordinates': [-87.639454968895, 41.923649983245]}",2026-07-05,Sunday,7,Lincoln Park 2,322.6,Lincoln Park,LINCOLN PARK
601859590,Air Pollution Work Order,6505 S BELL AVE,6505,S,BELL,AVE,437489.0,2026-07-06,"&nbsp;Reports of foul odor possibly from rear of property, behind garage or along railroad track property.",DEPT. OF PUBLIC HEALTH,Complaint Valid,2026-07-07,41.7754312024876,-87.67961290032969,"{'type': 'Point', 'coordinates': [-87.67961290033, 41.775431202488]}",2026-07-06,Monday,7,Chicago Lawn 2,628.1,Chicago Lawn,"MARQUETTE PARK,GAGE PARK"
601859622,Air Pollution Work Order,6501 S BELL AVE,6501,S,BELL,AVE,437489.0,2026-07-06,&nbsp;Reports of foul odor across alley along railway property,DEPT. OF PUBLIC HEALTH,Complaint Valid,2026-07-07,41.77553946756654,-87.67961555986392,"{'type': 'Point', 'coordinates': [-87.679615559864, 41.775539467567]}",2026-07-06,Monday,7,Chicago Lawn 2,624.2,Chicago Lawn,"MARQUETTE PARK,GAGE PARK"
601859652,Air Pollution Work Order,2210 W PERSHING RD,2210,W,PERSHING,RD,417337.0,2026-07-07,Smelled terribly of asphalt while at the McKinley field house. At 9am. Weather is sunny no clouds or wind. 77 degrees. Itmars using the park unbearable&nbsp;,DEPT. OF PUBLIC HEALTH,Alleged violation not found,2026-07-07,41.823152544283246,-87.68056214743277,"{'type': 'Point', 'coordinates': [-87.680562147433, 41.823152544283]}",2026-07-07,Tuesday,7,McKinley Park 1,673.0,Mckinley Park,"BRIGHTON PARK,MCKINLEY PARK"
601860403,Air Pollution Work Order,4213 S CALIFORNIA AVE,4213,S,CALIFORNIA,AVE,443615.0,2026-07-07,not sure where the smell is coming from,DEPT. OF PUBLIC HEALTH,Refer to other Depts,2026-07-08,41.81693263605185,-87.69432065977364,"{'type': 'Point', 'coordinates': [-87.694320659774, 41.816932636052]}",2026-07-07,Tuesday,7,Brighton Park 2,705.5,Brighton Park,"BRIGHTON PARK,MCKINLEY PARK"
601860404,Air Pollution Work Order,10002 S TORRENCE AVE,10002,S,TORRENCE,AVE,249349.0,2026-07-07,,DEPT. OF PUBLIC HEALTH,Complaint Valid,2026-07-08,41.71332321880152,-87.5598940526423,"{'type': 'Point', 'coordinates': [-87.559894052642, 41.713323218802]}",2026-07-07,Tuesday,7,South Deering 2,595.8,South Deering,SOUTHEAST SIDE
601860358,Air Pollution Work Order,2729 S SPAULDING AVE,2729,S,SPAULDING,AVE,451826.0,2026-07-07,neighbor on 2729 doing construction and threw sewer water into the alley,DEPT. OF PUBLIC HEALTH,Alleged violation not found,2026-07-08,41.841778498686594,-87.70725135149867,"{'type': 'Point', 'coordinates': [-87.707251351499, 41.841778498687]}",2026-07-07,Tuesday,7,South Lawndale 2,358.7,Little Village,LITTLE VILLAGE
601860397,Air Pollution Work Order,2911 N NEWCASTLE AVE,2911,N,NEWCASTLE,AVE,376199.0,2026-07-07,&nbsp;they are doing tuck pointing,DEPT. OF PUBLIC HEALTH,Alleged violation founded,2026-07-08,41.93306417806143,-87.79661774873874,"{'type': 'Point', 'coordinates': [-87.796617748739, 41.933064178061]}",2026-07-07,Tuesday,7,Montclare 1,367.6,Montclare,"MONTCLARE, GALEWOOD"
601860342,Air Pollution Work Order,1800 N CLYBOURN AVE,1800,N,CLYBOURN,AVE,425726.0,2026-07-07,,DEPT. OF PUBLIC HEALTH,Resolved,2026-07-08,41.91368380435663,-87.65359204234194,"{'type': 'Point', 'coordinates': [-87.653592042342, 41.913683804357]}",2026-07-07,Tuesday,7,Near North Side 1,629.8,Lincoln Park,LINCOLN PARK
601860348,Air Pollution Work Order,2701 E 100TH ST,2701,E,100TH,ST,249349.0,2026-07-08,,DEPT. OF PUBLIC HEALTH,Complaint Valid,2026-07-08,41.71324291275156,-87.55803846897774,"{'type': 'Point', 'coordinates': [-87.558038468978, 41.713242912752]}",2026-07-08,Wednesday,7,South Deering 2,442.3,South Deering,SOUTHEAST SIDE
601860365,Air Pollution Work Order,2729 S SPAULDING AVE,2729,S,SPAULDING,AVE,451826.0,2026-07-08,The odor is penetrating into my garage. There are a lot of flies in the alley of the property reported as well as now comingover to my garbage bins. The stench is repulsive even at a distance away,DEPT. OF PUBLIC HEALTH,Alleged violation not found,2026-07-02,41.841778498686594,-87.70725135149867,"{'type': 'Point', 'coordinates': [-87.707251351499, 41.841778498687]}",2026-07-08,Wednesday,7,South Lawndale 2,358.7,Little Village,LITTLE VILLAGE
601860334,Air Pollution Work Order,1480 W 73RD ST,1480,W,73RD,ST,84397.0,2026-07-08,,DEPT. OF PUBLIC HEALTH,Alleged violation unfounded,2026-07-08,41.76140688965658,-87.66202710367014,"{'type': 'Point', 'coordinates': [-87.66202710367, 41.761406889657]}",2026-07-08,Wednesday,7,West Englewood 3,747.0,Englewood,ENGLEWOOD
601861360,Air Pollution Work Order,2701 W 100TH ST,2701,W,100TH,ST,249349.0,2026-07-08,&nbsp;The entire neighborhood smells horrible,DEPT. OF PUBLIC HEALTH,Complaint Valid,2026-07-13,41.71166142720612,-87.68925373940083,"{'type': 'Point', 'coordinates': [-87.689253739401, 41.711661427206]}",2026-07-08,Wednesday,7,Beverly 5,1037.7,Beverly,BEVERLY
601862715,Air Pollution Work Order,1801 N LAWNDALE AVE,1801,N,LAWNDALE,AVE,,2026-07-08,Follow up inspection from 6/22/2026,DEPT. OF PUBLIC HEALTH,Alleged violation founded,2026-07-08,41.91374031946847,-87.71896408540631,"{'type': 'Point', 'coordinates': [-87.718964085406, 41.913740319468]}",2026-07-08,Wednesday,7,Logan Square 4,263.7,Logan Square,LOGAN SQUARE
601860374,Air Pollution Work Order,2671 E 100TH ST,2671,E,100TH,ST,249349.0,2026-07-08,,DEPT. OF PUBLIC HEALTH,Complaint Valid,2026-07-08,41.71324086152614,-87.55843679576962,"{'type': 'Point', 'coordinates': [-87.55843679577, 41.713240861526]}",2026-07-08,Wednesday,7,South Deering 2,475.3,South Deering,SOUTHEAST SIDE
601861371,Air Pollution Work Order,3618 W LELAND AVE,3618,W,LELAND,AVE,425726.0,2026-07-08,"&nbsp;APARTMENT BUILDING DOING DEMOLITION AND REHABBING, DUST AND DEBRIS ALL OVER ANDGOING ONTO PUBLICWAY AND RESIDENTS PROPERTIES- ONGOING ISSUE 2 MONTHS - POLICE HAVE BEENDISPATCHED TO LOCATION TO STOP WORK BEFORE -- WORK MORNINGS START BETWEEN 7AM &amp; 9AM -- LEAVEBETWEEN 6PM/7PM",DEPT. OF PUBLIC HEALTH,Resolved,2026-07-13,41.966628387053554,-87.71896698867016,"{'type': 'Point', 'coordinates': [-87.71896698867, 41.966628387054]}",2026-07-08,Wednesday,7,Albany Park 3,766.7,Albany Park,"NORTH PARK,ALBANY PARK"
601861379,Air Pollution Work Order,4705 N MONTICELLO AVE,4705,N,MONTICELLO,AVE,451826.0,2026-07-09,,DEPT. OF PUBLIC HEALTH,Refer to Building Dept,2026-07-10,41.96672200253812,-87.71928046950912,"{'type': 'Point', 'coordinates': [-87.719280469509, 41.966722002538]}",2026-07-09,Thursday,7,Albany Park 3,752.6,Albany Park,"NORTH PARK,ALBANY PARK"
601861829,Air Pollution Work Order,4240 S MICHIGAN AVE,4240,S,MICHIGAN,AVE,431068.0,2026-07-09,,DEPT. OF PUBLIC HEALTH,Alleged violation founded,2026-07-09,41.81713142900484,-87.62319073712405,"{'type': 'Point', 'coordinates': [-87.623190737124, 41.817131429005]}",2026-07-09,Thursday,7,Grand Boulevard 1,457.3,Grand Boulevard,BRONZEVILLE
601861378,Air Pollution Work Order,4647 W PATTERSON AVE,4647,W,PATTERSON,AVE,431068.0,2026-07-09,All sewers are being replaced in our neighborhood. The dust is unacceptable. I can’t see through my contacts and havetrouble breathing. Something NEEDS to be done. Street closures or whatever.&nbsp;,DEPT. OF PUBLIC HEALTH,Resolved,2026-07-10,41.94695433006897,-87.7443288321485,"{'type': 'Point', 'coordinates': [-87.744328832148, 41.946954330069]}",2026-07-09,Thursday,7,Portage Park 3,243.0,Portage Park,PORTAGE PARK
601861355,Air Pollution Work Order,2323 W NELSON ST,2323,W,NELSON,ST,417337.0,2026-07-09,Warehouses contain multiple businesses - the smell we are getting seems like paintthinner or some kind of chemical like that&nbsp;&nbsp;We often have to take our children and dog indoors the smell is so strong and causes headaches and itchy eyes,DEPT. OF PUBLIC HEALTH,Alleged violation not found,2026-07-10,41.93662793960934,-87.6865119790642,"{'type': 'Point', 'coordinates': [-87.686511979064, 41.936627939609]}",2026-07-09,Thursday,7,Avondale 2,397.3,North Center,NORTH CENTER
601861366,Air Pollution Work Order,2701 E 100TH ST,2701,E,100TH,ST,249349.0,2026-07-10,,DEPT. OF PUBLIC HEALTH,Complaint Valid,2026-07-13,41.71324291275156,-87.55803846897774,"{'type': 'Point', 'coordinates': [-87.558038468978, 41.713242912752]}",2026-07-10,Friday,7,South Deering 2,442.3,South Deering,SOUTHEAST SIDE
601877955,Air Pollution Work Order,5118 S DORCHESTER AVE,5118,S,DORCHESTER,AVE,425726.0,2026-07-10,Dust flying over onto neighboring properties,DEPT. OF PUBLIC HEALTH,Resolved,2026-07-20,41.80178946375472,-87.59198554304822,"{'type': 'Point', 'coordinates': [-87.591985543048, 41.801789463755]}",2026-07-10,Friday,7,Hyde Park 2,743.2,Hyde Park,HYDE PARK
601862448,Air Pollution Work Order,5118 S DORCHESTER AVE,5118,S,DORCHESTER,AVE,425726.0,2026-07-10,Dust flying over onto neighboring properties,DEPT. OF PUBLIC HEALTH,Resolved,2026-07-13,41.80178946375472,-87.59198554304822,"{'type': 'Point', 'coordinates': [-87.591985543048, 41.801789463755]}",2026-07-10,Friday,7,Hyde Park 2,743.2,Hyde Park,HYDE PARK
601862454,Air Pollution Work Order,4911 W ARGYLE ST,4911,W,ARGYLE,ST,3308.0,2026-07-11,": Dumpster with plumbing, walls, interior demo dust",DEPT. OF PUBLIC HEALTH,Refer to Building Dept,2026-07-13,41.97153345593056,-87.7507877535369,"{'type': 'Point', 'coordinates': [-87.750787753537, 41.971533455931]}",2026-07-11,Saturday,7,Mayfair Collocation 1,763.4,"Sauganash,Forest Glen","SAUGANASH,FOREST GLEN"
601862548,Air Pollution Work Order,2701 E 100TH ST,2701,E,100TH,ST,249349.0,2026-07-11,&nbsp;Caller says that the business makes canola oil,DEPT. OF PUBLIC HEALTH,Complaint Valid,2026-07-13,41.71324291275156,-87.55803846897774,"{'type': 'Point', 'coordinates': [-87.558038468978, 41.713242912752]}",2026-07-11,Saturday,7,South Deering 2,442.3,South Deering,SOUTHEAST SIDE
601862578,Air Pollution Work Order,1636 W CHICAGO AVE,1636,W,CHICAGO,AVE,376199.0,2026-07-11,"&nbsp;Rotting poultry smell emitting from trash and livestock area, fly infestation throughout alley",DEPT. OF PUBLIC HEALTH,Alleged violation not found,2026-07-13,41.89616060997896,-87.66866280570812,"{'type': 'Point', 'coordinates': [-87.668662805708, 41.896160609979]}",2026-07-11,Saturday,7,West Town 4,370.2,East Village,UKRAINIAN VILLAGE AND EAST VILLAGE
601862347,Air Pollution Work Order,10545 S PARNELL AVE,10545,S,PARNELL,AVE,13776.0,2026-07-11,&nbsp;Caller says that work was being done in his area and fumes and smells are coming into his home.,DEPT. OF PUBLIC HEALTH,Alleged violation not found,2026-07-14,41.7020214186058,-87.63648601753651,"{'type': 'Point', 'coordinates': [-87.636486017537, 41.702021418606]}",2026-07-11,Saturday,7,Roseland 6,84.7,Roseland,"WASHINGTON HEIGHTS,ROSELAND"
601862598,Air Pollution Work Order,700 W BITTERSWEET PL,700,W,BITTERSWEET,PL,417337.0,2026-07-12,****RESIDENT WOKE UP TO PUNGENT TAR LIKE ODOR.... HAVE CLOSED HER WINDOWS BUT THE ODORSTILL EXISTS... NO VISIBLE ROADWORK GOING ON EITHER****,DEPT. OF PUBLIC HEALTH,Alleged violation not found,2026-07-13,41.95580341869891,-87.64747395877697,"{'type': 'Point', 'coordinates': [-87.647473958777, 41.955803418699]}",2026-07-12,Sunday,7,Uptown 3,891.6,Uptown,UPTOWN
601862704,Air Pollution Work Order,4202 S ARCHER AVE,4202,S,ARCHER,AVE,431068.0,2026-07-13,,DEPT. OF PUBLIC HEALTH,Complaint Valid,2026-07-14,41.817070540299135,-87.69961900247128,"{'type': 'Point', 'coordinates': [-87.699619002471, 41.817070540299]}",2026-07-13,Monday,7,Brighton Park 3,371.6,Brighton Park,"BRIGHTON PARK,MCKINLEY PARK"
601862716,Air Pollution Work Order,2306 N KOSTNER AVE,2306,N,KOSTNER,AVE,437489.0,2026-07-13,&nbsp;Residents report chemical smell that is making them nauseous; smells like paint thinner. Had people's Gas come 7/12 andthey checked sewers,DEPT. OF PUBLIC HEALTH,Alleged violation not found,2026-07-14,41.92279395162021,-87.73665042443999,"{'type': 'Point', 'coordinates': [-87.73665042444, 41.92279395162]}",2026-07-13,Monday,7,Hermosa 1,661.2,Hermosa,"BELMONT CRAIGIN,HERMOSA"
601862847,Air Pollution Work Order,1437 W 51ST ST,1437,W,51ST,ST,249349.0,2026-07-13,&nbsp;SAYS IT SMELLS LIKE A DEAD BODY IN BETWEEN BISHOP AND LAFLIN,DEPT. OF PUBLIC HEALTH,Alleged violation not found,2026-07-14,41.80125671965703,-87.66128290378792,"{'type': 'Point', 'coordinates': [-87.661282903788, 41.801256719657]}",2026-07-13,Monday,7,New City 5,684.9,New City,BACK OF THE YARDS
601862619,Air Pollution Work Order,12627 S EDBROOKE AVE,12627,S,EDBROOKE,AVE,13776.0,2026-07-13,,DEPT. OF PUBLIC HEALTH,Refer to Plumbing,2026-07-14,41.66416799363046,-87.61856200469933,"{'type': 'Point', 'coordinates': [-87.618562004699, 41.66416799363]}",2026-07-13,Monday,7,West Pullman 4,220.6,West Pullman,WEST PULLMAN
601862707,Air Pollution Work Order,3856 S LAKE PARK AVE,3856,S,LAKE PARK,AVE,249349.0,2026-07-13,,DEPT. OF PUBLIC HEALTH,Alleged violation founded,2026-07-14,41.825417731704434,-87.60432437282732,"{'type': 'Point', 'coordinates': [-87.604324372827, 41.825417731704]}",2026-07-13,Monday,7,Oakland 1,293.4,Oakland,"OAKLAND,KENWOOD"
601862700,Air Pollution Work Order,5031 S LA CROSSE AVE,5031,S,LA CROSSE,AVE,84397.0,2026-07-13,"He's violating zoning laws, operating without permits, and running an unlicensed business out of his garage.",DEPT. OF PUBLIC HEALTH,Refer to other Depts,2026-07-14,41.801195378755466,-87.7440631106711,"{'type': 'Point', 'coordinates': [-87.744063110671, 41.801195378755]}",2026-07-13,Monday,7,Archer Heights 4,584.9,Garfield Ridge,MIDWAY AIRPORT
601862351,Air Pollution Work Order,6752 S OAKLEY AVE,6752,S,OAKLEY,AVE,249349.0,2026-07-13,There is a strong rotten egg smell that comes every morning around 5-6am and lasts for hours. It is so strong and seeps inthe houses and has the entire house smelling like rotten eggs. It’s so strong and is sickening.&nbsp;,DEPT. OF PUBLIC HEALTH,Alleged violation not found,2026-07-13,41.7704323334803,-87.6810112008753,"{'type': 'Point', 'coordinates': [-87.681011200875, 41.77043233348]}",2026-07-13,Monday,7,Chicago Lawn 3,820.2,Chicago Lawn,"MARQUETTE PARK,GAGE PARK"
601862458,Air Pollution Work Order,3742 S PAULINA ST,3742,S,PAULINA,ST,431068.0,2026-07-13,In front of school in session for summer,DEPT. OF PUBLIC HEALTH,Alleged violation founded,2026-07-13,41.82550758202668,-87.667974275219,"{'type': 'Point', 'coordinates': [-87.667974275219, 41.825507582027]}",2026-07-13,Monday,7,McKinley Park 2,257.9,Mckinley Park,"BRIGHTON PARK,MCKINLEY PARK"
601862829,Air Pollution Work Order,2055 W PERSHING RD,2055,W,PERSHING,RD,417337.0,2026-07-13,The smell of burning asphalt is filling my home today. I woke up at 4am to the smell of asphalt and had to close mywindows. I don't use AC and it will soon be a heatwave. Needing to close the windows because of MAT Asphalt is a dangerous healththreat.,DEPT. OF PUBLIC HEALTH,Alleged violation founded,2026-07-14,41.822972765727336,-87.67702220737627,"{'type': 'Point', 'coordinates': [-87.677022207376, 41.822972765727]}",2026-07-13,Monday,7,McKinley Park 2,815.1,New City,BACK OF THE YARDS
601862701,Air Pollution Work Order,5031 S LA CROSSE AVE,5031,S,LA CROSSE,AVE,84397.0,2026-07-13,"&nbsp;He works during the night, enclosed is a photo of the guy he goes by the name Mike. He's in violation of zoning laws,operating without permits,running an unlicensed business. Dust and debris flying around the alley, he has cars block my garage&nbsp;",DEPT. OF PUBLIC HEALTH,Refer to other Depts,2026-07-14,41.801195378755466,-87.7440631106711,"{'type': 'Point', 'coordinates': [-87.744063110671, 41.801195378755]}",2026-07-13,Monday,7,Archer Heights 4,584.9,Garfield Ridge,MIDWAY AIRPORT
601862853,Air Pollution Work Order,566 W VAN BUREN ST,566,W,VAN BUREN,ST,3308.0,2026-07-13,,DEPT. OF PUBLIC HEALTH,Alleged violation not found,2026-07-14,41.87684618507153,-87.64225028671024,"{'type': 'Point', 'coordinates': [-87.64225028671, 41.876846185072]}",2026-07-13,Monday,7,Loop 1,644.7,West Loop,WEST LOOP
601862710,Air Pollution Work Order,2701 E 100TH ST,2701,E,100TH,ST,10937.0,2026-07-13,,DEPT. OF PUBLIC HEALTH,Alleged violation founded,2026-07-14,41.71324291275156,-87.55803846897774,"{'type': 'Point', 'coordinates': [-87.558038468978, 41.713242912752]}",2026-07-13,Monday,7,South Deering 2,442.3,South Deering,SOUTHEAST SIDE
601863449,Air Pollution Work Order,3867 S LAKE PARK AVE,3867,S,LAKE PARK,AVE,437489.0,2026-07-14,Smoke coming out of open grate,DEPT. OF PUBLIC HEALTH,Complaint Valid,2026-07-15,41.82525203271447,-87.60389894382607,"{'type': 'Point', 'coordinates': [-87.603898943826, 41.825252032714]}",2026-07-14,Tuesday,7,Oakland 1,274.5,Oakland,"OAKLAND,KENWOOD"
601871827,Air Pollution Work Order,2526 S HALSTED ST,2526,S,HALSTED,ST,437489.0,2026-07-14,LEASE NOTE: CALLER SPEAKS MANDARIN ONLY,DEPT. OF PUBLIC HEALTH,Complaint Valid,2026-07-16,41.84615294698991,-87.646609285776,"{'type': 'Point', 'coordinates': [-87.646609285776, 41.84615294699]}",2026-07-14,Tuesday,7,Bridgeport 1,816.4,Bridgeport,BRIDGEPORT
601863453,Air Pollution Work Order,2701 E 100TH ST,2701,E,100TH,ST,10937.0,2026-07-14,,DEPT. OF PUBLIC HEALTH,Alleged violation founded,2026-07-14,41.71324291275156,-87.55803846897774,"{'type': 'Point', 'coordinates': [-87.558038468978, 41.713242912752]}",2026-07-14,Tuesday,7,South Deering 2,442.3,South Deering,SOUTHEAST SIDE
601863251,Air Pollution Work Order,3901 S LAKE PARK AVE,3901,S,LAKE PARK,AVE,437489.0,2026-07-14,"&nbsp;Smoke coming out of ground, putrid smell for over 48 hours now",DEPT. OF PUBLIC HEALTH,Complaint Valid,2026-07-15,41.82498867240965,-87.60373717862684,"{'type': 'Point', 'coordinates': [-87.603737178627, 41.82498867241]}",2026-07-14,Tuesday,7,Oakland 1,283.4,Oakland,"OAKLAND,KENWOOD"
601863732,Air Pollution Work Order,3900 S LAKE PARK AVE,3900,S,LAKE PARK,AVE,437489.0,2026-07-15,&nbsp;Caller is referring to the 2 large sewer structures in the grass field across from the address,DEPT. OF PUBLIC HEALTH,Complaint Valid,2026-07-15,41.82489702185868,-87.60400388172482,"{'type': 'Point', 'coordinates': [-87.604003881725, 41.824897021859]}",2026-07-15,Wednesday,7,Oakland 1,306.5,Oakland,"OAKLAND,KENWOOD"
601863691,Air Pollution Work Order,9907 S AVENUE N,9907,S,AVENUE N,,249349.0,2026-07-15,,DEPT. OF PUBLIC HEALTH,Alleged violation not found,2026-07-16,41.715058700204445,-87.5388003739854,"{'type': 'Point', 'coordinates': [-87.538800373985, 41.715058700204]}",2026-07-15,Wednesday,7,East Side 2,311.6,East Side,SOUTHEAST SIDE
601863692,Air Pollution Work Order,8935 S ESCANABA AVE,8935,S,ESCANABA,AVE,451826.0,2026-07-15,,DEPT. OF PUBLIC HEALTH,Alleged violation not found,2026-07-17,41.732643576453725,-87.55393578079338,"{'type': 'Point', 'coordinates': [-87.553935780793, 41.732643576454]}",2026-07-15,Wednesday,7,South Chicago 4,675.6,South Chicago,SOUTH CHICAGO
601864493,Air Pollution Work Order,519 W 37TH ST,519,W,37TH,ST,425726.0,2026-07-16,,DEPT. OF PUBLIC HEALTH,Resolved,2026-07-17,41.82707795043415,-87.63952573662108,"{'type': 'Point', 'coordinates': [-87.639525736621, 41.827077950434]}",2026-07-16,Thursday,7,Armour Square 3,426.9,Bridgeport,BRIDGEPORT
601864484,Air Pollution Work Order,7227 S EAST END AVE,7227,S,EAST END,AVE,249349.0,2026-07-16,"Fred Moore called from 773-251-0067. His home address is 7227 S East End Ave, Chicago, IL. It is east of Stony Island Avenue. Day and night there are strong fumes, a mist that is coming from outside. It smells like pesticide. The fumes are so strong, he has to wear a mask. He is a legally blind senior citizen. He has lived in his house for 49 years. The fumes/mist causes his skin to break out. This problem has been going on for about a year. He has contacted the police and fire department. The fire department said they don’t have the equipment needed to test what the hazardous mist/fumes is, or where they are coming from. He does not know where the mist/fumes are coming from. He now has a surveillance camera, but the camera can be blocked. He asked if our agency can test the air.",DEPT. OF PUBLIC HEALTH,Refer to other Depts,2026-07-17,41.76343427233762,-87.58345710787454,"{'type': 'Point', 'coordinates': [-87.583457107875, 41.763434272338]}",2026-07-16,Thursday,7,South Shore 1,205.1,South Shore,"SOUTH SHORE, GRAND CROSSING"
601864134,Air Pollution Work Order,2432 W FARWELL AVE,2432,W,FARWELL,AVE,443615.0,2026-07-16,&nbsp;Strong burning smell. Hazy. It looks like there might be a fire somewhere just from the strong smell and haze but whilewalking around I see nothing. I am concerned.,DEPT. OF PUBLIC HEALTH,Resolved,2026-07-17,42.00601532848588,-87.69142413455664,"{'type': 'Point', 'coordinates': [-87.691424134557, 42.006015328486]}",2026-07-16,Thursday,7,West Ridge 3,357.4,West Ridge,WEST RIDGE
601863715,Air Pollution Work Order,8816 S RIDGELAND AVE,8816,S,RIDGELAND,AVE,451826.0,2026-07-16,,DEPT. OF PUBLIC HEALTH,Alleged violation not found,2026-07-17,41.73460951256555,-87.58181847719774,"{'type': 'Point', 'coordinates': [-87.581818477198, 41.734609512566]}",2026-07-16,Thursday,7,Avalon Park 3,601.8,Calumet Heights,"AVALON PARK,CALUMET HEIGHTS"
601864113,Air Pollution Work Order,4202 S ARCHER AVE,4202,S,ARCHER,AVE,431068.0,2026-07-16,,DEPT. OF PUBLIC HEALTH,Complaint Valid,2026-07-17,41.817070540299135,-87.69961900247128,"{'type': 'Point', 'coordinates': [-87.699619002471, 41.817070540299]}",2026-07-16,Thursday,7,Brighton Park 3,371.6,Brighton Park,"BRIGHTON PARK,MCKINLEY PARK"
601864137,Air Pollution Work Order,2055 W PERSHING RD,2055,W,PERSHING,RD,249349.0,2026-07-16,"AT Asphalt, the air is in the worst condition and they are making it worst. Children areinside and they continue to pollute our neighborhood.",DEPT. OF PUBLIC HEALTH,Alleged violation not found,2026-07-17,41.822972765727336,-87.67702220737627,"{'type': 'Point', 'coordinates': [-87.677022207376, 41.822972765727]}",2026-07-16,Thursday,7,McKinley Park 2,815.1,New City,BACK OF THE YARDS
601864012,Air Pollution Work Order,2505 W FARRAGUT AVE,2505,W,FARRAGUT,AVE,451826.0,2026-07-16,,DEPT. OF PUBLIC HEALTH,Refer to Building Dept,2026-07-17,41.97666660832699,-87.69264882058488,"{'type': 'Point', 'coordinates': [-87.692648820585, 41.976666608327]}",2026-07-16,Thursday,7,Lincoln Square 1,238.6,Lincoln Square,LINCOLN SQUARE
601864132,Air Pollution Work Order,7037 S MORGAN ST,7037,S,MORGAN,ST,84397.0,2026-07-16,,DEPT. OF PUBLIC HEALTH,Complaint Valid,2026-07-17,41.76584308198172,-87.6491377957885,"{'type': 'Point', 'coordinates': [-87.649137795788, 41.765843081982]}",2026-07-16,Thursday,7,Englewood 5,361.9,Englewood,ENGLEWOOD
601864717,Air Pollution Work Order,3511 W 75TH PL,3511,W,75TH,PL,84397.0,2026-07-17,&nbsp;Caller reported dust and gravel and clay being left from nearby construction,DEPT. OF PUBLIC HEALTH,Resolved,2026-07-20,41.755955862663015,-87.71039082015795,"{'type': 'Point', 'coordinates': [-87.710390820158, 41.755955862663]}",2026-07-17,Friday,7,Ashburn 3,685.5,Ashburn,ASHBURN
601864790,Air Pollution Work Order,2505 W FARRAGUT AVE,2505,W,FARRAGUT,AVE,451826.0,2026-07-17,&nbsp;Smoke in second floor and third floor and fourth floor common places as well as first floor. Management notified multipletimes and ignoring residents. Residents w health issues are experiencing exacerbation. PM2.5 300+,DEPT. OF PUBLIC HEALTH,Refer to Building Dept,2026-07-20,41.97666660832699,-87.69264882058488,"{'type': 'Point', 'coordinates': [-87.692648820585, 41.976666608327]}",2026-07-17,Friday,7,Lincoln Square 1,238.6,Lincoln Square,LINCOLN SQUARE
601864787,Air Pollution Work Order,4682 N ELSTON AVE,4682,N,ELSTON,AVE,10937.0,2026-07-17,"I am a resident of the 60630 area and would like to report an ongoing environmental concern that I have noticed almostevery morning. Between approximately 6:00 a.m. and 7:00 a.m., there is a very strong odor that smells like burning plastic. The smell isso intense that I had to wear a mask during my morning walk with my dog today because it irritated the air and made it unpleasant tobreathe. In addition to the odor, I have repeatedly noticed a large cloud of smoke in the vicinity of Elston Avenue and Leland Avenueduring that same time period. Because this occurs consistently and within a specific timeframe, I am concerned that it may be originatingfrom a nearby business or industrial operation. I am worried about the potential health and environmental impacts on residents,especially those who walk, exercise, or commute during those early morning hours. The smell of burnt plastic is consistent everyWednesday and weekend.",DEPT. OF PUBLIC HEALTH,Alleged violation not found,2026-07-20,41.96612446392457,-87.73746806164124,"{'type': 'Point', 'coordinates': [-87.737468061641, 41.966124463925]}",2026-07-17,Friday,7,Irving Park 1,703.8,Irving Park,"IRVING PARK,AVONDALE"
601864713,Air Pollution Work Order,3700 S IRON ST,3700,S,IRON,ST,249349.0,2026-07-17,,DEPT. OF PUBLIC HEALTH,Alleged violation not found,2026-07-21,41.82688091287133,-87.65947456175756,"{'type': 'Point', 'coordinates': [-87.659474561758, 41.826880912871]}",2026-07-17,Friday,7,Bridgeport 2,620.2,Mckinley Park,"BRIGHTON PARK,MCKINLEY PARK"
601864593,Air Pollution Work Order,9323 S RHODES AVE,9323,S,RHODES,AVE,249349.0,2026-07-17,COMMERCIAL ROOFING DEBRIS CAME INSIDE CALLERS HOUSE AS WELL AS TOXIC CHEMICAL FUMES/RESULTING IN CALLER HAVING TO SLEEP SOMEWHERE ELSE/ ROOF WAS BEING REPLACED WHERE SHE LIVESAND DURING DEMO THATS WHEN DEBRIS FELL INTO HER HOUSE 2FLAT BLDG/CALLER LIVES ON THE 2NDFLR/CALLER HAS BEEN OUT OF THE UNIT SINCE 6/29/26/ LANDLORD HAD FURNANCE TEAM COME 7/9/26 OUT TOCLEAN OUT THE FURNANCE AND 48 HOURS WITH WINDOWS OPEN/ AND NOW IT IS EVEN WORSE,DEPT. OF PUBLIC HEALTH,Refer to Building Dept,2026-07-21,41.7248674237191,-87.61044472476362,"{'type': 'Point', 'coordinates': [-87.610444724764, 41.724867423719]}",2026-07-17,Friday,7,Burnside 1,604.4,Roseland,"WASHINGTON HEIGHTS,ROSELAND"
601864585,Air Pollution Work Order,347 N CALIFORNIA AVE,347,N,CALIFORNIA,AVE,129151.0,2026-07-17,"&nbsp;Their operations are extremely dusty and the ""literature"" that was sent from my last complaint hasn't done anything",DEPT. OF PUBLIC HEALTH,Resolved,2026-07-21,41.88752398730311,-87.69631316053132,"{'type': 'Point', 'coordinates': [-87.696313160531, 41.887523987303]}",2026-07-17,Friday,7,Humboldt Park 3,666.5,Garfield Park,GARFIELD PARK
601864616,Air Pollution Work Order,5636 S ARTESIAN AVE,5636,S,ARTESIAN,AVE,84397.0,2026-07-18,,DEPT. OF PUBLIC HEALTH,Resolved,2026-07-20,41.79110044291764,-87.68536062368482,"{'type': 'Point', 'coordinates': [-87.685360623685, 41.791100442918]}",2026-07-18,Saturday,7,Gage Park 3,171.7,Gage Park,"MARQUETTE PARK,GAGE PARK"
601864683,Air Pollution Work Order,10242 S TORRENCE AVE,10242,S,TORRENCE,AVE,417337.0,2026-07-18,,DEPT. OF PUBLIC HEALTH,Alleged violation founded,2026-07-20,41.70873951264716,-87.55982526986975,"{'type': 'Point', 'coordinates': [-87.55982526987, 41.708739512647]}",2026-07-18,Saturday,7,South Deering 2,789.8,South Deering,SOUTHEAST SIDE
601864566,Air Pollution Work Order,1906 S CHRISTIANA AVE,1906,S,CHRISTIANA,AVE,376199.0,2026-07-18,,DEPT. OF PUBLIC HEALTH,Alleged violation not found,2026-07-20,41.85512355203016,-87.70915152179015,"{'type': 'Point', 'coordinates': [-87.70915152179, 41.85512355203]}",2026-07-18,Saturday,7,South Lawndale 1,557.1,North Lawndale,NORTH LAWNDALE
601864566,Air Pollution Work Order,1906 S CHRISTIANA AVE,1906,S,CHRISTIANA,AVE,376199.0,2026-07-18,,DEPT. OF PUBLIC HEALTH,Alleged violation not found,2026-07-20,41.85512355203016,-87.70915152179015,"{'type': 'Point', 'coordinates': [-87.70915152179, 41.85512355203]}",2026-07-18,Saturday,7,South Lawndale 1,557.1,North Lawndale,NORTH LAWNDALE
601864712,Air Pollution Work Order,4227 N CLARK ST,4227,N,CLARK,ST,470070.0,2026-07-19,,DEPT. OF PUBLIC HEALTH,Referred to another agency,2026-07-21,41.95885460271651,-87.66471285601396,"{'type': 'Point', 'coordinates': [-87.664712856014, 41.958854602717]}",2026-07-19,Sunday,7,Uptown 4,715.1,Uptown,UPTOWN
601865563,Air Pollution Work Order,6320 S TROY ST,6320,S,TROY,ST,451826.0,2026-07-20,Rotten Egg Smell,DEPT. OF PUBLIC HEALTH,Complaint Valid,2026-07-23,41.77831069134104,-87.70204582255832,"{'type': 'Point', 'coordinates': [-87.702045822558, 41.778310691341]}",2026-07-20,Monday,7,Chicago Lawn 1,162.8,Chicago Lawn,"MARQUETTE PARK,GAGE PARK"
601865560,Air Pollution Work Order,6447 S MARSHFIELD AVE,6447,S,MARSHFIELD,AVE,437489.0,2026-07-20,They are burning garbage in the middle of the yard AGAIN!! We have wood porches and it is unsafe.,DEPT. OF PUBLIC HEALTH,Alleged violation not found,2026-07-21,41.77624856854349,-87.66525358494792,"{'type': 'Point', 'coordinates': [-87.665253584948, 41.776248568543]}",2026-07-20,Monday,7,West Englewood 2,405.7,Englewood,ENGLEWOOD
601865578,Air Pollution Work Order,1224 W WINNEMAC AVE,1224,W,WINNEMAC,AVE,3308.0,2026-07-20,,DEPT. OF PUBLIC HEALTH,Alleged violation not found,2026-07-21,41.97373845817125,-87.66081682786107,"{'type': 'Point', 'coordinates': [-87.660816827861, 41.973738458171]}",2026-07-20,Monday,7,Uptown 2,610.6,Uptown,UPTOWN
601865563,Air Pollution Work Order,6320 S TROY ST,6320,S,TROY,ST,451826.0,2026-07-20,Rotten Egg Smell,DEPT. OF PUBLIC HEALTH,Complaint Valid,2026-07-23,41.77831069134104,-87.70204582255832,"{'type': 'Point', 'coordinates': [-87.702045822558, 41.778310691341]}",2026-07-20,Monday,7,Chicago Lawn 1,162.8,Chicago Lawn,"MARQUETTE PARK,GAGE PARK"
601865550,Air Pollution Work Order,6620 S WOODLAWN AVE,6620,S,WOODLAWN,AVE,443615.0,2026-07-20,Fumes coming over to our residence. We have a retired law enforcement officer who is suffering,DEPT. OF PUBLIC HEALTH,Refer to Building Dept,2026-07-21,41.774398348220295,-87.59620932655582,"{'type': 'Point', 'coordinates': [-87.596209326556, 41.77439834822]}",2026-07-20,Monday,7,Woodlawn 1,579.4,Woodlawn,WOODLAWN
601865565,Air Pollution Work Order,5331 S DORCHESTER AVE,5331,S,DORCHESTER,AVE,84397.0,2026-07-20,&nbsp;CALLER COULD NOT QUITE IDENTIFY THE SMELL. SHE THINKS IT COULD'VE BEEN GAS BUT SHE ALSOSMELLED SOMETHING BURNING OR POSSIBLY LIGHTER FLUID,DEPT. OF PUBLIC HEALTH,Alleged violation not found,2026-07-21,41.79855392311991,-87.59161334749548,"{'type': 'Point', 'coordinates': [-87.591613347495, 41.79855392312]}",2026-07-20,Monday,7,Hyde Park 2,678.4,Hyde Park,HYDE PARK
601865570,Air Pollution Work Order,2145 W PERSHING RD,2145,W,PERSHING,RD,417337.0,2026-07-20,"Unconscionable that this business is operating without a permit for nesrly 10 years, while contributing carcinogens, noise Description:and truck traffic to McKinleyPark. Pass the cumulative impacts ordinance, and make them move.",DEPT. OF PUBLIC HEALTH,Alleged violation not found,2026-07-21,41.822953151428926,-87.6787699706641,"{'type': 'Point', 'coordinates': [-87.678769970664, 41.822953151429]}",2026-07-20,Monday,7,McKinley Park 1,793.6,New City,BACK OF THE YARDS
601865581,Air Pollution Work Order,201 E RANDOLPH ST,201,E,RANDOLPH,ST,425726.0,2026-07-20,An individual sprayed a chemical substance I became disorientatedMillennium Park Visitor Center,DEPT. OF PUBLIC HEALTH,Resolved,2026-07-21,41.884167384339136,-87.62225004170132,"{'type': 'Point', 'coordinates': [-87.622250041701, 41.884167384339]}",2026-07-20,Monday,7,Loop 2,465.3,Millenium Park,MILLENIUM PARK
601866002,Air Pollution Work Order,3222 N CLIFTON AVE,3222,N,CLIFTON,AVE,476620.0,2026-07-21,FROM A PROPERTY BEING DEMOLISHED OUTSIDE,DEPT. OF PUBLIC HEALTH,Alleged violation not found,2026-07-22,41.94057053578365,-87.65791463719196,"{'type': 'Point', 'coordinates': [-87.657914637192, 41.940570535784]}",2026-07-21,Tuesday,7,Lake View 4,682.1,Lake View,LAKE VIEW
601865573,Air Pollution Work Order,1834 N LAWNDALE AVE,1834,N,LAWNDALE,AVE,249349.0,2026-07-21,"It's in the area of the Western trailhead of the 606. Around McCormick YMCA or possibly originatingfrom Pacific Junction railway tracks, or another property. Petroleum fumes have been noticeable for twomonths n ow, sometimes extremely strongThis has been inspected before without solution. I've been away for a couple weeks and disappointed to still smell thesefumes upon return. The many weeks of strong odor suggest a major spill or ongoing leak. Please reach out to me, thanks.",DEPT. OF PUBLIC HEALTH,Complaint Valid,2026-07-21,41.9146755751608,-87.71928709771387,"{'type': 'Point', 'coordinates': [-87.719287097714, 41.914675575161]}",2026-07-21,Tuesday,7,Logan Square 4,162.8,Logan Square,LOGAN SQUARE
601866124,Air Pollution Work Order,1750 N LAWNDALE AVE,1750,N,LAWNDALE,AVE,249349.0,2026-07-21,"Update to tracking number SR26-01441223. The odor is strong, pervasive, chronic and coming indoors. It's also next to the YMCA, a playground, an elementary school and the 606.",DEPT. OF PUBLIC HEALTH,Resolved,2026-07-21,41.91327406386553,-87.71924238172777,"{'type': 'Point', 'coordinates': [-87.719242381728, 41.913274063866]}",2026-07-21,Tuesday,7,Logan Square 4,316.7,Humboldt Park,HUMBOLDT PARK
601866617,Air Pollution Work Order,4646 W PATTERSON AVE,4646,W,PATTERSON,AVE,431068.0,2026-07-22,I’ve submitted this request and nothing has been done. The street of Kilpatrick starting at Addison going North is a dirt road. No one obeys the stop signs. The dust flies up to 30 feet and blows everywhere,DEPT. OF PUBLIC HEALTH,Resolved,2026-07-29,41.94717384702975,-87.74433230347242,"{'type': 'Point', 'coordinates': [-87.744332303472, 41.94717384703]}",2026-07-22,Wednesday,7,Portage Park 3,218.9,Portage Park,PORTAGE PARK
601866666,Air Pollution Work Order,2432 S LAWNDALE AVE,2432,S,LAWNDALE,AVE,376199.0,2026-07-22,Someone is burning trash in their backyard,DEPT. OF PUBLIC HEALTH,Alleged violation not found,2026-07-24,41.84701257665612,-87.71745161767183,"{'type': 'Point', 'coordinates': [-87.717451617672, 41.847012576656]}",2026-07-22,Wednesday,7,North Lawndale 4,724.1,Little Village,LITTLE VILLAGE
601866694,Air Pollution Work Order,1858 W 35TH ST,1858,W,35TH,ST,417337.0,2026-07-22,Smells all the way past 35th today and west to at least Honore,DEPT. OF PUBLIC HEALTH,Alleged violation not found,2026-07-24,41.830528061242525,-87.67278194980499,"{'type': 'Point', 'coordinates': [-87.672781949805, 41.830528061243]}",2026-07-22,Wednesday,7,McKinley Park 2,432.8,Mckinley Park,"BRIGHTON PARK,MCKINLEY PARK"
601866677,Air Pollution Work Order,151 W ROOSEVELT RD,151,W,ROOSEVELT,RD,379542.0,2026-07-22,"The 78 construction site near Roosevelt Road and Clark Street, Chicago, IL Date and time observed: July 22, 2026, at approximately 8:45 AM During excavation activities,&nbsp;",DEPT. OF PUBLIC HEALTH,Resolved,2026-07-23,41.86723322778548,-87.63232942036568,"{'type': 'Point', 'coordinates': [-87.632329420366, 41.867233227785]}",2026-07-22,Wednesday,7,Near West Side 4,326.8,Near South Side,NEAR SOUTH SIDE
601866607,Air Pollution Work Order,5611 S ADA ST,5611,S,ADA,ST,443615.0,2026-07-23,,DEPT. OF PUBLIC HEALTH,Alleged violation not found,2026-07-23,41.791923295087656,-87.65831310893542,"{'type': 'Point', 'coordinates': [-87.658313108935, 41.791923295088]}",2026-07-23,Thursday,7,Englewood 1,535.3,Englewood,ENGLEWOOD
601867293,Air Pollution Work Order,4235 W KINZIE ST,4235,W,KINZIE,ST,249349.0,2026-07-23,Per caller the burning smell is affecting her breathing along with other residentsAndy's Deli Butcher Shop,DEPT. OF PUBLIC HEALTH,Alleged violation not found,2026-07-24,41.88759757603289,-87.73219959067475,"{'type': 'Point', 'coordinates': [-87.732199590675, 41.887597576033]}",2026-07-23,Thursday,7,Humboldt Park 5,540.0,Garfield Park,GARFIELD PARK
601867278,Air Pollution Work Order,3323 N LINCOLN AVE,3323,N,LINCOLN,AVE,437489.0,2026-07-23,The smell is foul coming from the alley in between Target and the LakeView YMCA. it spills out into the main MarshfieldAve street when you walk by the alley,DEPT. OF PUBLIC HEALTH,Alleged violation not found,2026-07-24,41.94205047100256,-87.6701488952016,"{'type': 'Point', 'coordinates': [-87.670148895202, 41.942050471003]}",2026-07-23,Thursday,7,Lake View 1,752.6,Lake View,LAKE VIEW
601867182,Air Pollution Work Order,6359 S HERMITAGE AVE,6359,S,HERMITAGE,AVE,249349.0,2026-07-23,,DEPT. OF PUBLIC HEALTH,Refer to Building Dept,2026-07-24,41.77769805211821,-87.66769883196898,"{'type': 'Point', 'coordinates': [-87.667698831969, 41.777698052118]}",2026-07-23,Thursday,7,West Englewood 2,196.1,Englewood,ENGLEWOOD
601867289,Air Pollution Work Order,1238 N CAMPBELL AVE,1238,N,CAMPBELL,AVE,376199.0,2026-07-24,Caller says that construction is being done across the street from his home. He says that he smells sulfur and sewage and hewants someone to look into it.,DEPT. OF PUBLIC HEALTH,Alleged violation not found,2026-07-24,41.90416024780924,-87.68966673049773,"{'type': 'Point', 'coordinates': [-87.689666730498, 41.904160247809]}",2026-07-24,Friday,7,West Town 1,469.5,Wicker Park,"WICKER PARK,WEST TOWN"
601868251,Air Pollution Work Order,2701 E 100TH ST,2701,E,100TH,ST,249349.0,2026-07-24,"I have been having respiratory problems with this pollution, please report to the environmental department.",DEPT. OF PUBLIC HEALTH,Complaint Valid,2026-07-28,41.71324291275156,-87.55803846897774,"{'type': 'Point', 'coordinates': [-87.558038468978, 41.713242912752]}",2026-07-24,Friday,7,South Deering 2,442.3,South Deering,SOUTHEAST SIDE
601867288,Air Pollution Work Order,834 E 50TH ST,834,E,50TH,ST,84397.0,2026-07-24,The construction has been going on for a long time and the fumes keep getting worse. It’s filtering though my window ACtoo and it feels severely unhealthy. I worry for the rest of the neighborhood too.,DEPT. OF PUBLIC HEALTH,Resolved,2026-07-24,41.80420100615637,-87.60494430255514,"{'type': 'Point', 'coordinates': [-87.604944302555, 41.804201006156]}",2026-07-24,Friday,7,Hyde Park 1,569.6,Kenwood,"KENWOOD,OAKLAND"
601868314,Air Pollution Work Order,4519 S LEAMINGTON AVE,4519,S,LEAMINGTON,AVE,425726.0,2026-07-24,,DEPT. OF PUBLIC HEALTH,Resolved,2026-07-31,41.81056330374707,-87.75165128096442,"{'type': 'Point', 'coordinates': [-87.751651280964, 41.810563303747]}",2026-07-24,Friday,7,Garfield Ridge 1,1213.1,Garfield Ridge,MIDWAY AIRPORT
601868289,Air Pollution Work Order,8835 S INDIANA AVE,8835,S,INDIANA,AVE,10937.0,2026-07-24,CALLER REPORTS THAT WMD WAS DIGGING A HOLE ACROSS THE STREET FROM LISTED ADDRESS ANDTHERE HAS BEEN A FOUL ODOR ON THE BLOCK SINCE THIS HAS TAKEN PLACE.,DEPT. OF PUBLIC HEALTH,Alleged violation not found,2026-07-27,41.73354785132093,-87.61914945382402,"{'type': 'Point', 'coordinates': [-87.619149453824, 41.733547851321]}",2026-07-24,Friday,7,Chatham 1,631.1,Chatham,"CHATHAM,BURNSIDE"
601868311,Air Pollution Work Order,4705 N MONTICELLO AVE,4705,N,MONTICELLO,AVE,451826.0,2026-07-24,there are people demolishing the property without a permit. They have dust going everywhere. The police cameout and spoke to the people who were demolishing the property and the people could not show they has a permit so they were told tostop working but now they are back again now.,DEPT. OF PUBLIC HEALTH,Alleged violation founded,2026-07-24,41.96672200253812,-87.71928046950912,"{'type': 'Point', 'coordinates': [-87.719280469509, 41.966722002538]}",2026-07-24,Friday,7,Albany Park 3,752.6,Albany Park,"NORTH PARK,ALBANY PARK"
601868328,Air Pollution Work Order,3604 N CAMPBELL AVE,3604,N,CAMPBELL,AVE,443615.0,2026-07-25,,DEPT. OF PUBLIC HEALTH,Refer to Building Dept,2026-07-27,41.94688299947445,-87.69083448781433,"{'type': 'Point', 'coordinates': [-87.690834487814, 41.946882999474]}",2026-07-25,Saturday,7,North Center 1,207.8,North Center,NORTH CENTER
601868294,Air Pollution Work Order,7111 N CLARK ST,7111,N,CLARK,ST,417337.0,2026-07-25,PER CALLER- EVERYTIME THE AUTO BODY SHOP PAINTS THE FUMES AND PAINT COME ONTO HER&nbsp;PROPERTY.,DEPT. OF PUBLIC HEALTH,Alleged violation founded,2026-07-28,42.01179236027213,-87.67435390401977,"{'type': 'Point', 'coordinates': [-87.67435390402, 42.011792360272]}",2026-07-25,Saturday,7,Rogers Park 1,544.7,Rogers Park,ROGERS PARK
601868292,Air Pollution Work Order,7111 N CLARK ST,7111,N,CLARK,ST,417337.0,2026-07-25,Neighbors and I can't be in our backyard because the fumes from the auto painting drift into our homes and yard. There are Description:babies and small children living right behind and next to this shopAuto Tecx Collision and Repair,DEPT. OF PUBLIC HEALTH,Alleged violation founded,2026-07-28,42.01179236027213,-87.67435390401977,"{'type': 'Point', 'coordinates': [-87.67435390402, 42.011792360272]}",2026-07-25,Saturday,7,Rogers Park 1,544.7,Rogers Park,ROGERS PARK
601868278,Air Pollution Work Order,1034 N CICERO AVE,1034,N,CICERO,AVE,376199.0,2026-07-25,"There's always a strong sewer smell in my neighborhood. It's so strong most mornings, that it interrupts our sleep. I alsowork in this neighborhood, and it affects my place of employment as well. It causes headaches and sickness.",DEPT. OF PUBLIC HEALTH,Alleged violation not found,2026-07-29,41.89975774001026,-87.74606296120001,"{'type': 'Point', 'coordinates': [-87.7460629612, 41.89975774001]}",2026-07-25,Saturday,7,Austin 2,731.4,Austin,AUSTIN
601868287,Air Pollution Work Order,10000 S TORRENCE AVE,10000,S,TORRENCE,AVE,249349.0,2026-07-25,Vomit smell,DEPT. OF PUBLIC HEALTH,Complaint Valid,2026-07-28,41.71337385747979,-87.55989468233284,"{'type': 'Point', 'coordinates': [-87.559894682333, 41.71337385748]}",2026-07-25,Saturday,7,South Deering 2,595.8,South Deering,SOUTHEAST SIDE
601868246,Air Pollution Work Order,2701 E 100TH ST,2701,E,100TH,ST,249349.0,2026-07-25,Breathing Problems with the contamination of the air condition. The community has days smelling the bad odors.,DEPT. OF PUBLIC HEALTH,Complaint Valid,2028-07-28,41.71324291275156,-87.55803846897774,"{'type': 'Point', 'coordinates': [-87.558038468978, 41.713242912752]}",2026-07-25,Saturday,7,South Deering 2,442.3,South Deering,SOUTHEAST SIDE
601868644,Air Pollution Work Order,2701 E 100TH ST,2701,E,100TH,ST,249349.0,2026-07-25,,DEPT. OF PUBLIC HEALTH,Complaint Valid,2026-07-28,41.71324291275156,-87.55803846897774,"{'type': 'Point', 'coordinates': [-87.558038468978, 41.713242912752]}",2026-07-25,Saturday,7,South Deering 2,442.3,South Deering,SOUTHEAST SIDE
601868334,Air Pollution Work Order,10002 S TORRENCE AVE,10002,S,TORRENCE,AVE,249349.0,2026-07-25,,DEPT. OF PUBLIC HEALTH,Complaint Valid,2026-07-28,41.71332321880152,-87.5598940526423,"{'type': 'Point', 'coordinates': [-87.559894052642, 41.713323218802]}",2026-07-25,Saturday,7,South Deering 2,595.8,South Deering,SOUTHEAST SIDE
601868317,Air Pollution Work Order,3701 S DAMEN AVE,3701,S,DAMEN,AVE,417337.0,2026-07-27,"While walking the dog st around 715 am on 7.27.26, the air was filled with the smell of burning plastic along damenbetween 35th street and and pershing . The smell got worse the closer to Pershing I got.",DEPT. OF PUBLIC HEALTH,Alleged violation not found,2026-07-28,41.82672356090236,-87.67503355424303,"{'type': 'Point', 'coordinates': [-87.675033554243, 41.826723560902]}",2026-07-27,Monday,7,McKinley Park 2,478.8,Mckinley Park,"BRIGHTON PARK,MCKINLEY PARK"
601871216,Air Pollution Work Order,4701 N MONTICELLO AVE,4701,N,MONTICELLO,AVE,451826.0,2026-07-27,,DEPT. OF PUBLIC HEALTH,Alleged violation founded,2026-07-27,41.96660905815954,-87.71927633443482,"{'type': 'Point', 'coordinates': [-87.719276334435, 41.96660905816]}",2026-07-27,Monday,7,Albany Park 3,745.1,Albany Park,"NORTH PARK,ALBANY PARK"
601869363,Air Pollution Work Order,2701 S KARLOV AVE,2701,S,KARLOV,AVE,376199.0,2026-07-28,,DEPT. OF PUBLIC HEALTH,Alleged violation not found,2026-07-29,41.84228855072556,-87.72678138871576,"{'type': 'Point', 'coordinates': [-87.726781388716, 41.842288550726]}",2026-07-28,Tuesday,7,South Lawndale 3,614.5,Little Village,LITTLE VILLAGE
601869577,Air Pollution Work Order,415 S CENTRAL PARK AVE,415,S,CENTRAL PARK,AVE,84397.0,2026-07-28,,DEPT. OF PUBLIC HEALTH,Resolved,2026-07-29,41.874940210390406,-87.7155530121592,"{'type': 'Point', 'coordinates': [-87.715553012159, 41.87494021039]}",2026-07-28,Tuesday,7,East Garfield Park 1,463.1,Garfield Park,GARFIELD PARK
601869776,Air Pollution Work Order,1313 S SACRAMENTO DR,1313,S,SACRAMENTO,DR,437489.0,2026-07-28,&nbsp;I was walking my dog in Douglass Park this evening and noticed a very strong smell of natural gas just east of the high Description:school.&nbsp;,DEPT. OF PUBLIC HEALTH,Referred to another agency,2026-07-29,41.8641616878799,-87.7020076143192,"{'type': 'Point', 'coordinates': [-87.702007614319, 41.86416168788]}",2026-07-28,Tuesday,7,North Lawndale 3,203.0,North Lawndale,NORTH LAWNDALE
601870206,Air Pollution Work Order,2700 W 111TH ST,2700,W,111TH,ST,443615.0,2026-07-29,,DEPT. OF PUBLIC HEALTH,Resolved,2026-07-30,41.69182401946404,-87.68859648763478,"{'type': 'Point', 'coordinates': [-87.688596487635, 41.691824019464]}",2026-07-29,Wednesday,7,Morgan Park 1,1138.7,Morgan Park,"MOUNT GREENWOOD,MORGAN PARK"
601870204,Air Pollution Work Order,3635 S HOYNE AVE,3635,S,HOYNE,AVE,417337.0,2026-07-29,Just walked out of Velma Thomas preschool and the smell is stronger than it’s been for awhile. Also notable throughout the park&nbsp;,DEPT. OF PUBLIC HEALTH,Alleged violation not found,2026-07-30,41.82748716220902,-87.67749685680313,"{'type': 'Point', 'coordinates': [-87.677496856803, 41.827487162209]}",2026-07-29,Wednesday,7,McKinley Park 2,673.4,Mckinley Park,"BRIGHTON PARK,MCKINLEY PARK"
601870203,Air Pollution Work Order,4021 W KINZIE ST,4021,W,KINZIE,ST,249349.0,2026-07-29,,DEPT. OF PUBLIC HEALTH,Complaint Valid,2026-07-30,41.8876666078012,-87.72675067491473,"{'type': 'Point', 'coordinates': [-87.726750674915, 41.887666607801]}",2026-07-29,Wednesday,7,Humboldt Park 4,688.8,Garfield Park,GARFIELD PARK
601871594,Air Pollution Work Order,7247 S RHODES AVE,7247,S,RHODES,AVE,84397.0,2026-07-30,BAGS ARE BEING THROWN DOWN FROM 2ND FLOOR WINDOW. DUST IS EXPLODING. BAGS ARE BEINGDROPPED RAPIDLY. DUST IS SETTLING ON TO NEIGHBORS PORCH AND PLANTS,DEPT. OF PUBLIC HEALTH,Alleged violation unfounded,2026-07-31,41.76255652387169,-87.61141563488866,"{'type': 'Point', 'coordinates': [-87.611415634889, 41.762556523872]}",2026-07-30,Thursday,7,Greater Grand Crossing 2,708.4,Grand Crossing,"SOUTH SHORE, GRAND CROSSING"
601869972,Air Pollution Work Order,1429 N WASHTENAW AVE,1429,N,WASHTENAW,AVE,431068.0,2026-07-30,,DEPT. OF PUBLIC HEALTH,Alleged violation founded,2026-07-30,41.907483686389504,-87.6943328082426,"{'type': 'Point', 'coordinates': [-87.694332808243, 41.90748368639]}",2026-07-30,Thursday,7,West Town 1,325.3,Humboldt Park,HUMBOLDT PARK
601871572,Air Pollution Work Order,2701 E 100TH ST,2701,E,100TH,ST,249349.0,2026-07-30,,DEPT. OF PUBLIC HEALTH,Complaint Valid,2026-07-31,41.71324291275156,-87.55803846897774,"{'type': 'Point', 'coordinates': [-87.558038468978, 41.713242912752]}",2026-07-30,Thursday,7,South Deering 2,442.3,South Deering,SOUTHEAST SIDE
601869973,Air Pollution Work Order,1429 N WASHTENAW AVE,1429,N,WASHTENAW,AVE,431068.0,2026-07-30,,DEPT. OF PUBLIC HEALTH,Alleged violation founded,2026-07-30,41.907483686389504,-87.6943328082426,"{'type': 'Point', 'coordinates': [-87.694332808243, 41.90748368639]}",2026-07-30,Thursday,7,West Town 1,325.3,Humboldt Park,HUMBOLDT PARK
601872329,Air Pollution Work Order,2000 W 51ST ST,2000,W,51ST,ST,249349.0,2026-07-30,,DEPT. OF PUBLIC HEALTH,Complaint Valid,2026-07-30,41.80134253195855,-87.67456958109302,"{'type': 'Point', 'coordinates': [-87.674569581093, 41.801342531959]}",2026-07-30,Thursday,7,New City 5,443.9,New City,BACK OF THE YARDS
601871586,Air Pollution Work Order,2744 N MOODY AVE,2744,N,MOODY,AVE,417337.0,2026-07-30,people working on vehicles constantly and do not have permits forbusiness,DEPT. OF PUBLIC HEALTH,Alleged violation not found,2026-07-31,41.930595190020014,-87.77974122927462,"{'type': 'Point', 'coordinates': [-87.779741229275, 41.93059519002]}",2026-07-30,Thursday,7,Belmont Cragin 1,589.4,Belmont Cragin,"BELMONT CRAGIN,HERMOSA"
601873681,Air Pollution Work Order,10002 S TORRENCE AVE,10002,S,TORRENCE,AVE,417337.0,2026-07-31,,DEPT. OF PUBLIC HEALTH,Alleged violation founded,2026-08-05,41.71332321880152,-87.5598940526423,"{'type': 'Point', 'coordinates': [-87.559894052642, 41.713323218802]}",2026-07-31,Friday,7,South Deering 2,595.8,South Deering,SOUTHEAST SIDE
601871228,Air Pollution Work Order,3509 W MONTROSE AVE,3509,W,MONTROSE,AVE,437489.0,2026-07-31,"&nbsp;caller is complaining about the smell of strong paint, and from the garage",DEPT. OF PUBLIC HEALTH,Alleged violation not found,2026-08-03,41.960985195489606,-87.71598468552409,"{'type': 'Point', 'coordinates': [-87.715984685524, 41.96098519549]}",2026-07-31,Friday,7,Albany Park 2,632.2,Irving Park,"IRVING PARK,AVONDALE"
601871205,Air Pollution Work Order,9212 S BRANDON AVE,9212,S,BRANDON,AVE,249349.0,2026-07-31,,DEPT. OF PUBLIC HEALTH,Alleged violation not found,2026-08-04,41.727869846828106,-87.54702043146332,"{'type': 'Point', 'coordinates': [-87.547020431463, 41.727869846828]}",2026-07-31,Friday,7,Calumet Heights 3,503.6,South Chicago,SOUTH CHICAGO
601871235,Air Pollution Work Order,2008 S CALUMET AVE,2008,S,CALUMET,AVE,437489.0,2026-08-01,&nbsp;Submitting as directed by Angela.Tovar@cityofchicago.org.Digital Reality. Diesel generators running and diesel pollution being blown from south to northbased on wind. Raining and heavier humidity causing more pronounced smell of diesel pollution.,DEPT. OF PUBLIC HEALTH,Alleged violation not found,2026-08-05,41.85526684715424,-87.61924237774352,"{'type': 'Point', 'coordinates': [-87.619242377744, 41.855266847154]}",2026-08-01,Saturday,8,Near South Side 2,223.3,Near South Side,NEAR SOUTH SIDE
601871231,Air Pollution Work Order,2818 S SPAULDING AVE,2818,S,SPAULDING,AVE,249349.0,2026-08-02,,DEPT. OF PUBLIC HEALTH,Alleged violation not found,2026-08-03,41.840234133279786,-87.70749861560006,"{'type': 'Point', 'coordinates': [-87.7074986156, 41.84023413328]}",2026-08-02,Sunday,8,South Lawndale 2,336.6,Little Village,LITTLE VILLAGE
601871226,Air Pollution Work Order,4046 N MOBILE AVE,4046,N,MOBILE,AVE,437489.0,2026-08-02,,DEPT. OF PUBLIC HEALTH,Alleged violation not found,2026-08-04,41.95430494689128,-87.78430379381047,"{'type': 'Point', 'coordinates': [-87.78430379381, 41.954304946891]}",2026-08-02,Sunday,8,Dunning 4,641.8,Portage Park,PORTAGE PARK
601871834,Air Pollution Work Order,1409 N CAMPBELL AVE,1409,N,CAMPBELL,AVE,437489.0,2026-08-03,,DEPT. OF PUBLIC HEALTH,Refer to Building Dept,2026-08-04,41.90696334750848,-87.68944572432387,"{'type': 'Point', 'coordinates': [-87.689445724324, 41.906963347508]}",2026-08-03,Monday,8,West Town 1,178.0,Wicker Park,"WICKER PARK,WEST TOWN"
601871940,Air Pollution Work Order,5031 S LA CROSSE AVE,5031,S,LA CROSSE,AVE,249349.0,2026-08-03,The resident at the address above is painting cars in the garage and emitting paint fumes and chemical fumes in the alley,DEPT. OF PUBLIC HEALTH,Refer to other Depts,2026-08-04,41.801195378755466,-87.7440631106711,"{'type': 'Point', 'coordinates': [-87.744063110671, 41.801195378755]}",2026-08-03,Monday,8,Archer Heights 4,584.9,Garfield Ridge,MIDWAY AIRPORT
601872393,Air Pollution Work Order,9100 S GREEN ST,9100,S,GREEN,ST,10937.0,2026-08-04,"Dust fom this company covers our cars, homes, and our lungs. They own street sweepers and water trucks that they willnot dispatch into a neighborhood occupied by people of color. This company does not care about societies most vulnerable.Prairie Materials",DEPT. OF PUBLIC HEALTH,Alleged violation not found,2026-08-05,41.728608521375016,-87.64477288341743,"{'type': 'Point', 'coordinates': [-87.644772883417, 41.728608521375]}",2026-08-04,Tuesday,8,Washington Heights 2,727.9,Washington Heights,"WASHINGTON HEIGHTS,ROSELAND"
601872502,Air Pollution Work Order,2150 E 79TH ST,2150,E,79TH,ST,249349.0,2026-08-04,&nbsp;RENNOVATING INSIDE THE ENTIRE BUILDING - STRONG CHEMICAL FUMES AND DUST INSIDE Description:AFFECTING THE TENANT,DEPT. OF PUBLIC HEALTH,Refer to Building Dept,2026-08-05,41.75177320331363,-87.5715070347143,"{'type': 'Point', 'coordinates': [-87.571507034714, 41.751773203314]}",2026-08-04,Tuesday,8,South Chicago 1,208.4,South Shore,"SOUTH SHORE, GRAND CROSSING"
601873517,Air Pollution Work Order,2701 E 100TH ST,2701,E,100TH,ST,417337.0,2026-08-05,,DEPT. OF PUBLIC HEALTH,Alleged violation founded,2026-08-06,41.71324291275156,-87.55803846897774,"{'type': 'Point', 'coordinates': [-87.558038468978, 41.713242912752]}",2026-08-05,Wednesday,8,South Deering 2,442.3,South Deering,SOUTHEAST SIDE
601872554,Air Pollution Work Order,2055 W PERSHING RD,2055,W,PERSHING,RD,443615.0,2026-08-05,At 7:02am I go outside into my backyard and smell toxic asphalt. I am over 1500 ft from MAT Asphalt’s operations in adensely populated residential area near 1000s of people breathing this air.,DEPT. OF PUBLIC HEALTH,Alleged violation not found,2026-08-05,41.822972765727336,-87.67702220737627,"{'type': 'Point', 'coordinates': [-87.677022207376, 41.822972765727]}",2026-08-05,Wednesday,8,McKinley Park 2,815.1,New City,BACK OF THE YARDS
601873520,Air Pollution Work Order,3213 W WALNUT ST,3213,W,WALNUT,ST,437489.0,2026-08-06,The smell comes and goes but it extends all the way to the Kedzie Metra platform. The odor is strong that it even comesthrough closed windows. Usually early morning but also some late nights.,DEPT. OF PUBLIC HEALTH,Alleged violation not found,2026-08-06,41.885279577664605,-87.70677423664358,"{'type': 'Point', 'coordinates': [-87.706774236644, 41.885279577665]}",2026-08-06,Thursday,8,Humboldt Park 3,723.6,Garfield Park,GARFIELD PARK
601873534,Air Pollution Work Order,1300 W MONROE ST,1300,W,MONROE,ST,443615.0,2026-08-06,"odor of plastic or molten metal in area, caller lives near intersection-- he does not know where odor is coming from. hewould like for someone to follow up with him&nbsp;",DEPT. OF PUBLIC HEALTH,Alleged violation not found,2026-08-07,41.88039813042276,-87.65965583800212,"{'type': 'Point', 'coordinates': [-87.659655838002, 41.880398130423]}",2026-08-06,Thursday,8,Near West Side 3,407.7,West Loop,WEST LOOP
601874307,Air Pollution Work Order,10938 S TORRENCE AVE,10938,S,TORRENCE,AVE,249349.0,2026-08-06,,DEPT. OF PUBLIC HEALTH,Alleged violation founded,2026-08-06,41.69656034634821,-87.55966874969873,"{'type': 'Point', 'coordinates': [-87.559668749699, 41.696560346348]}",2026-08-06,Thursday,8,South Deering 3,893.2,South Deering,SOUTHEAST SIDE
601873535,Air Pollution Work Order,2003 S WESTERN AVE,2003,S,WESTERN,AVE,249349.0,2026-08-06,Dumping of animal waste in parking lot. Venting livestock into sidewalks and windows,DEPT. OF PUBLIC HEALTH,Resolved,2026-08-07,41.85468620068162,-87.68556150003144,"{'type': 'Point', 'coordinates': [-87.685561500031, 41.854686200682]}",2026-08-06,Thursday,8,Lower West Side 1,236.3,Lower West Side,LOWER WEST SIDE
601873526,Air Pollution Work Order,6346 N CAMPBELL AVE,6346,N,CAMPBELL,AVE,376199.0,2026-08-06,,DEPT. OF PUBLIC HEALTH,Complaint Valid,2026-08-07,41.997258566853326,-87.69245817276234,"{'type': 'Point', 'coordinates': [-87.692458172762, 41.997258566853]}",2026-08-06,Thursday,8,West Ridge 3,651.3,West Ridge,WEST RIDGE
601874440,Air Pollution Work Order,801 S OAKLEY BLVD,801,S,OAKLEY,BLVD,376199.0,2026-08-07,,DEPT. OF PUBLIC HEALTH,Alleged violation not found,2026-08-10,41.87131065665479,-87.68357112692235,"{'type': 'Point', 'coordinates': [-87.683571126922, 41.871310656655]}",2026-08-07,Friday,8,Near West Side 7,626.7,"Little Italy, UIC","LITTLE ITALY, UIC"
601874507,Air Pollution Work Order,6115 N RAVENSWOOD AVE,6115,N,RAVENSWOOD,AVE,10937.0,2026-08-07,smell of burning rubber smell is widespread in community. must be toxic since symptoms include burning eyes and sorethroat. Could it be from metra trains and visible black billowing smoke or 2 steel companies nearby,DEPT. OF PUBLIC HEALTH,Alleged violation not found,2026-08-11,41.99256155284839,-87.67470072482718,"{'type': 'Point', 'coordinates': [-87.674700724827, 41.992561552848]}",2026-08-07,Friday,8,Edgewater 1,413.4,Edgewater,EDGEWATER
601873546,Air Pollution Work Order,5528 W BELMONT AVE,5528,W,BELMONT,AVE,437489.0,2026-08-07,CALLER REPORTS A STRONG CHEMICAL SMELL COMING FROM OUTDOORS. CALLER COMPARES THECHEMICAL SMELL TO BLEACH.&nbsp;,DEPT. OF PUBLIC HEALTH,Alleged violation not found,2026-08-07,41.93870057111307,-87.76520937725708,"{'type': 'Point', 'coordinates': [-87.765209377257, 41.938700571113]}",2026-08-07,Friday,8,Belmont Cragin 2,383.3,Portage Park,PORTAGE PARK
601874498,Air Pollution Work Order,3758 S WOLCOTT AVE,3758,S,WOLCOTT,AVE,417337.0,2026-08-07,"The outside of my house and surrounding area has been reeking of asphalt burning for the past couple days, starting veryearly in the morning at around 4/5am when I wake up for work and walk my dog. Must be MAT Asphalt.",DEPT. OF PUBLIC HEALTH,Alleged violation not found,2026-08-10,41.82503312212171,-87.67283169393298,"{'type': 'Point', 'coordinates': [-87.672831693933, 41.825033122122]}",2026-08-07,Friday,8,McKinley Park 2,403.0,Mckinley Park,"BRIGHTON PARK,MCKINLEY PARK"
601874495,Air Pollution Work Order,3800 S HONORE ST,3800,S,HONORE,ST,417337.0,2026-08-07,"Stepped outside and there was a terrible asphalt smell. Weather is overcast, 75 degrees F, and no wind. Smelled at 915am Description:on August 7",DEPT. OF PUBLIC HEALTH,Alleged violation not found,2026-08-10,41.82487140645448,-87.67160603959982,"{'type': 'Point', 'coordinates': [-87.6716060396, 41.824871406454]}",2026-08-07,Friday,8,McKinley Park 2,353.6,Mckinley Park,"BRIGHTON PARK,MCKINLEY PARK"
601874505,Air Pollution Work Order,9700 S MARQUETTE AVE,9700,S,MARQUETTE,AVE,13776.0,2026-08-07,,DEPT. OF PUBLIC HEALTH,Alleged violation not found,2026-08-10,41.71891292105002,-87.55810278683417,"{'type': 'Point', 'coordinates': [-87.558102786834, 41.71891292105]}",2026-08-07,Friday,8,South Deering 2,753.1,South Deering,SOUTHEAST SIDE
601874486,Air Pollution Work Order,4163 N ELSTON AVE,4163,N,ELSTON,AVE,249349.0,2026-08-07,Regularly smelling strong paint fumes outside our building at 4163 n Elston Ave I believe are coming from one of the auto Description:shops nearby - unsure what if anything can be done about this,DEPT. OF PUBLIC HEALTH,Complaint Valid,2026-08-10,41.95662017874492,-87.7232065965104,"{'type': 'Point', 'coordinates': [-87.72320659651, 41.956620178745]}",2026-08-07,Friday,8,Albany Park 3,703.3,Irving Park,"IRVING PARK,AVONDALE"
601874490,Air Pollution Work Order,4053 N BERNARD ST,4053,N,BERNARD,ST,437489.0,2026-08-07,,DEPT. OF PUBLIC HEALTH,Alleged violation not found,2026-08-10,41.955400388200005,-87.7140385967715,"{'type': 'Point', 'coordinates': [-87.714038596771, 41.9554003882]}",2026-08-07,Friday,8,Irving Park 2,880.7,Irving Park,"IRVING PARK,AVONDALE"
601874501,Air Pollution Work Order,3130 S ST LOUIS AVE,3130,S,ST LOUIS,AVE,249349.0,2026-08-08,THEY HAVE A LOT OF VEHICLES INSIDE THE BUSINESS ANDFUMES/OTHER STRONG FUMES ARE COMING FROM THE BUILDING,DEPT. OF PUBLIC HEALTH,Alleged violation not found,2026-08-10,41.83637221376367,-87.7122230881403,"{'type': 'Point', 'coordinates': [-87.71222308814, 41.836372213764]}",2026-08-08,Saturday,8,South Lawndale 3,771.3,Little Village,LITTLE VILLAGE
601874438,Air Pollution Work Order,1326 W MORSE AVE,1326,W,MORSE,AVE,3308.0,2026-08-09,"Restaurant operates gravel lot causing significant airborne dust onto neighboring properties and substantial standing water. Please inspect for zoning, parking, and dust-control compliance.",DEPT. OF PUBLIC HEALTH,Alleged violation not found,2016-08-10,42.00803844718281,-87.66481711901136,"{'type': 'Point', 'coordinates': [-87.664817119011, 42.008038447183]}",2026-08-09,Sunday,8,Rogers Park 2,829.3,Rogers Park,ROGERS PARK
601874464,Air Pollution Work Order,4769 N LONG AVE,4769,N,LONG,AVE,437489.0,2026-08-09,,DEPT. OF PUBLIC HEALTH,Alleged violation not found,2026-08-10,41.96756465027957,-87.76244505280182,"{'type': 'Point', 'coordinates': [-87.762445052802, 41.96756465028]}",2026-08-09,Sunday,8,Portage Park 2,541.2,Portage Park,PORTAGE PARK
601874511,Air Pollution Work Order,6044 N BROADWAY,6044,N,BROADWAY,,10937.0,2026-08-09,PER CALLER SMELLS LIKE CHLORINE IN THE AREABROADWAY GLEN LAKE DEVON AREA PER CALLER,DEPT. OF PUBLIC HEALTH,Alleged violation not found,2026-08-11,41.99219145958816,-87.66048376916835,"{'type': 'Point', 'coordinates': [-87.660483769168, 41.992191459588]}",2026-08-09,Sunday,8,Edgewater 2,791.9,Edgewater,EDGEWATER
601874442,Air Pollution Work Order,549 S CLARK ST,549,S,CLARK,ST,376199.0,2026-08-09,,DEPT. OF PUBLIC HEALTH,Alleged violation not found,2026-08-10,41.87474694459205,-87.63053388227422,"{'type': 'Point', 'coordinates': [-87.630533882274, 41.874746944592]}",2026-08-09,Sunday,8,Loop 1,867.1,Loop,LOOP
601874439,Air Pollution Work Order,1033 W LOYOLA AVE,1033,W,LOYOLA,AVE,451826.0,2026-08-09,&nbsp;gas leak,DEPT. OF PUBLIC HEALTH,Alleged violation unfounded,2026-08-10,42.00146343332892,-87.65765695150371,"{'type': 'Point', 'coordinates': [-87.657656951504, 42.001463433329]}",2026-08-09,Sunday,8,Rogers Park 2,1191.0,Rogers Park,ROGERS PARK
601874644,Air Pollution Work Order,1101 W 16TH ST,1101,W,16TH,ST,379542.0,2026-08-10,"DUST FLYING ALL OVER, NO FENCING**Delayed due to daily storms and no work likely until August 14th",DEPT. OF PUBLIC HEALTH,Resolved,2026-08-17,41.85968502296236,-87.65453647068612,"{'type': 'Point', 'coordinates': [-87.654536470686, 41.859685022962]}",2026-08-10,Monday,8,Near West Side 5,696.0,Lower West Side,LOWER WEST SIDE
601874534,Air Pollution Work Order,9800 S HOUSTON AVE,9800,S,HOUSTON,AVE,10937.0,2026-08-10,Some fog and smell. Repeated calls to CFD about fires in that area.,DEPT. OF PUBLIC HEALTH,Complaint Valid,2026-08-11,41.71722872268321,-87.54977273010536,"{'type': 'Point', 'coordinates': [-87.549772730105, 41.717228722683]}",2026-08-10,Monday,8,South Deering 2,485.0,South Deering,SOUTHEAST SIDE
601874644,Air Pollution Work Order,1101 W 16TH ST,1101,W,16TH,ST,379542.0,2026-08-10,"DUST FLYING ALL OVER, NO FENCING**Delayed due to daily storms and no work likely until August 14th",DEPT. OF PUBLIC HEALTH,Resolved,2026-08-17,41.85968502296236,-87.65453647068612,"{'type': 'Point', 'coordinates': [-87.654536470686, 41.859685022962]}",2026-08-10,Monday,8,Near West Side 5,696.0,Lower West Side,LOWER WEST SIDE
601874435,Air Pollution Work Order,2055 W PERSHING RD,2055,W,PERSHING,RD,417337.0,2026-08-10,The smell of burning outside is horrendous and it can be smelled in McKinley Park as north as the McKinley Park Library,DEPT. OF PUBLIC HEALTH,Alleged violation not found,2026-08-10,41.822972765727336,-87.67702220737627,"{'type': 'Point', 'coordinates': [-87.677022207376, 41.822972765727]}",2026-08-10,Monday,8,McKinley Park 2,815.1,New City,BACK OF THE YARDS
601874516,Air Pollution Work Order,2001 W PERSHING RD,2001,W,PERSHING,RD,417337.0,2026-08-10,Noticed a pungent chemical smell starting from McKinley Park on Pershing and Damen all the way to Archer and Damen.&nbsp; The smell was similar to burnt oil.,DEPT. OF PUBLIC HEALTH,Alleged violation not found,2026-08-10,41.82300132296577,-87.67514359128938,"{'type': 'Point', 'coordinates': [-87.675143591289, 41.823001322966]}",2026-08-10,Monday,8,McKinley Park 2,698.6,New City,BACK OF THE YARDS
601874655,Air Pollution Work Order,7918 S ESSEX AVE,7918,S,ESSEX,AVE,443615.0,2026-08-10,,DEPT. OF PUBLIC HEALTH,Alleged violation not found,2026-08-11,41.75122204997871,-87.56394554327814,"{'type': 'Point', 'coordinates': [-87.563945543278, 41.751222049979]}",2026-08-10,Monday,8,South Chicago 1,423.0,South Chicago,SOUTH CHICAGO
601874636,Air Pollution Work Order,10300 S TORRENCE AVE,10300,S,TORRENCE,AVE,10937.0,2026-08-10,Foul smell outside,DEPT. OF PUBLIC HEALTH,Alleged violation founded,2026-08-13,41.70807742904229,-87.55980687133224,"{'type': 'Point', 'coordinates': [-87.559806871332, 41.708077429042]}",2026-08-10,Monday,8,South Deering 3,825.4,South Deering,SOUTHEAST SIDE
601874543,Air Pollution Work Order,5525 S EVERETT AVE,5525,S,EVERETT,AVE,443615.0,2026-08-10,"Air outside smells horrible at exactly 12:09 am. I checked the Clarity Air website and it shows air quality is good (literally in the 40s). But it smells awful, like something is burning (but not the type of bonfire smell tha might come from Promontory Point).",DEPT. OF PUBLIC HEALTH,Alleged violation not found,2026-08-11,41.79448285770137,-87.58237410903972,"{'type': 'Point', 'coordinates': [-87.58237410904, 41.794482857701]}",2026-08-10,Monday,8,Hyde Park 2,571.4,Hyde Park,HYDE PARK
601874436,Air Pollution Work Order,2002 W PETERSON AVE,2002,W,PETERSON,AVE,443615.0,2026-08-10,&nbsp;The shop is burning something on steel barrels and the fumes travel across the block.,DEPT. OF PUBLIC HEALTH,Resolved,2026-08-10,41.99078186421379,-87.68003723416037,"{'type': 'Point', 'coordinates': [-87.68003723416, 41.990781864214]}",2026-08-10,Monday,8,Edgewater 1,660.8,West Ridge,WEST RIDGE
601874638,Air Pollution Work Order,250 W 23RD PL,250,W,23RD,PL,451826.0,2026-08-10,,DEPT. OF PUBLIC HEALTH,Complaint Valid,2026-08-11,41.85014858498756,-87.63393912209298,"{'type': 'Point', 'coordinates': [-87.633939122093, 41.850148584988]}",2026-08-10,Monday,8,Armour Square 1,298.4,Chinatown,"ARMOUR SQUARE,CHINATOWN"
601874661,Air Pollution Work Order,2857 N CICERO AVE,2857,N,CICERO,AVE,437489.0,2026-08-11,Tire Zone,DEPT. OF PUBLIC HEALTH,Resolved,2026-08-11,41.93325408599058,-87.74651613263964,"{'type': 'Point', 'coordinates': [-87.74651613264, 41.933254085991]}",2026-08-11,Tuesday,8,Belmont Cragin 3,694.8,Belmont Cragin,"BELMONT CRAGIN,HERMOSA"
601875228,Air Pollution Work Order,2701 S CALIFORNIA AVE,2701,S,CALIFORNIA,AVE,431068.0,2026-08-11,Group of people with open fire on park/island. Smoke already caused several asthma attacks.,DEPT. OF PUBLIC HEALTH,Alleged violation not found,2026-08-18,41.84251027309961,-87.6950035196577,"{'type': 'Point', 'coordinates': [-87.695003519658, 41.8425102731]}",2026-08-11,Tuesday,8,South Lawndale 2,742.2,Little Village,LITTLE VILLAGE
601875234,Air Pollution Work Order,2222 W LAKE ST,2222,W,LAKE,ST,437489.0,2026-08-12,,DEPT. OF PUBLIC HEALTH,Resolved,2026-08-13,41.88488160077383,-87.68244584189434,"{'type': 'Point', 'coordinates': [-87.682445841894, 41.884881600774]}",2026-08-12,Wednesday,8,West Town 5,744.6,United Center,UNITED CENTER
601875234,Air Pollution Work Order,2222 W LAKE ST,2222,W,LAKE,ST,437489.0,2026-08-12,,DEPT. OF PUBLIC HEALTH,Resolved,2026-08-13,41.88488160077383,-87.68244584189434,"{'type': 'Point', 'coordinates': [-87.682445841894, 41.884881600774]}",2026-08-12,Wednesday,8,West Town 5,744.6,United Center,UNITED CENTER
601875754,Air Pollution Work Order,2165 N MAJOR AVE,2165,N,MAJOR,AVE,417337.0,2026-08-12,Burning or smelting of metal happening in the Alley in the garage. Resident doing the smelting is at 2165 N Major ave,DEPT. OF PUBLIC HEALTH,Alleged violation not found,2026-08-13,41.91993716884311,-87.7681256933449,"{'type': 'Point', 'coordinates': [-87.768125693345, 41.919937168843]}",2026-08-12,Wednesday,8,Austin 1,473.0,Belmont Cragin,"BELMONT CRAGIN,HERMOSA"
601875239,Air Pollution Work Order,424 W DIVISION ST,424,W,DIVISION,ST,249349.0,2026-08-12,Pharmacy and Deli share a wall where the deli fryers are positioned. The fryer fumes are either venting into the pharmacythrough the ceiling or the fumehood exhaust is somehow mixed into the HVAC both of which are violations of NFPA 96 standards,DEPT. OF PUBLIC HEALTH,Complaint Valid,2026-08-12,41.90388396114024,-87.63943720155201,"{'type': 'Point', 'coordinates': [-87.639437201552, 41.90388396114]}",2026-08-12,Wednesday,8,Near North Side 2,499.5,Old Town,OLD TOWN
601876229,Air Pollution Work Order,2472 W HUTCHINSON ST,2472,W,HUTCHINSON,ST,417337.0,2026-08-13,,DEPT. OF PUBLIC HEALTH,Alleged violation not found,2026-08-13,41.95867132532355,-87.69135294238305,"{'type': 'Point', 'coordinates': [-87.691352942383, 41.958671325324]}",2026-08-13,Thursday,8,Lincoln Square 2,416.3,North Center,NORTH CENTER
601875758,Air Pollution Work Order,7400 S SOUTH CHICAGO AVE,7400,S,SOUTH CHICAGO,AVE,84397.0,2026-08-13,&nbsp;100 gallons of oil spilled in the street Fire wanted to notify the health department,DEPT. OF PUBLIC HEALTH,Complaint Valid,2026-08-13,41.76037203233143,-87.59812735530531,"{'type': 'Point', 'coordinates': [-87.598127355305, 41.760372032331]}",2026-08-13,Thursday,8,Greater Grand Crossing 3,543.0,Grand Crossing,"SOUTH SHORE, GRAND CROSSING"
601876239,Air Pollution Work Order,1224 N CICERO AVE,1224,N,CICERO,AVE,249349.0,2026-08-13,CAR WASHPAINTING CARS AND THE BUILDING AND THE PAINT FUMES ARE GOING INTO NEIGHBORS HOMES,DEPT. OF PUBLIC HEALTH,Refer to other Depts,2026-08-17,41.90321683403792,-87.74613259140932,"{'type': 'Point', 'coordinates': [-87.746132591409, 41.903216834038]}",2026-08-13,Thursday,8,Austin 2,570.2,Austin,AUSTIN
601876848,Air Pollution Work Order,2701 E 100TH ST,2701,E,100TH,ST,249349.0,2026-08-14,,DEPT. OF PUBLIC HEALTH,Complaint Valid,2026-08-17,41.71324291275156,-87.55803846897774,"{'type': 'Point', 'coordinates': [-87.558038468978, 41.713242912752]}",2026-08-14,Friday,8,South Deering 2,442.3,South Deering,SOUTHEAST SIDE
601876705,Air Pollution Work Order,8400 S BURNHAM AVE,8400,S,BURNHAM,AVE,13776.0,2026-08-15,For the last 3weeks from 75th to 95th from Jeffrey to Lakeshore has smelled like decayed fish. There has been constructionand excavation in addition to train sitting areas that may be causing the smell. It's disgusting and smells toxic.,DEPT. OF PUBLIC HEALTH,Resolved,2026-08-17,41.74268118993416,-87.55652132526946,"{'type': 'Point', 'coordinates': [-87.556521325269, 41.742681189934]}",2026-08-15,Saturday,8,South Chicago 4,567.6,South Chicago,SOUTH CHICAGO
601876866,Air Pollution Work Order,1636 W CHICAGO AVE,1636,W,CHICAGO,AVE,417337.0,2026-08-15,Terrible rotten meat smell coming from rear of building,DEPT. OF PUBLIC HEALTH,Alleged violation founded,2026-08-17,41.89616060997896,-87.66866280570812,"{'type': 'Point', 'coordinates': [-87.668662805708, 41.896160609979]}",2026-08-15,Saturday,8,West Town 4,370.2,East Village,UKRAINIAN VILLAGE AND EAST VILLAGE
601876889,Air Pollution Work Order,922 W 69TH ST,922,W,69TH,ST,10937.0,2026-08-16,&nbsp;Zoning issue,DEPT. OF PUBLIC HEALTH,Complaint Valid,2026-08-17,41.76889708898544,-87.64791573961149,"{'type': 'Point', 'coordinates': [-87.647915739611, 41.768897088985]}",2026-08-16,Sunday,8,Englewood 5,648.7,Englewood,ENGLEWOOD
601876847,Air Pollution Work Order,3129 N LUNA AVE,3129,N,LUNA,AVE,443615.0,2026-08-16,&nbsp;RESIDENT SAID THE SOURCE IS UNKNOWN AND ITS AN ONGOING ISSUE. SHE SAID THE FD RULED OUTTHAT IT'S NOT COMING FROM INSIDE THE BUILDING SHE RESIDES IN,DEPT. OF PUBLIC HEALTH,Alleged violation not found,2026-08-17,41.93765359663551,-87.76509332343996,"{'type': 'Point', 'coordinates': [-87.76509332344, 41.937653596636]}",2026-08-16,Sunday,8,Belmont Cragin 2,280.4,Belmont Cragin,"BELMONT CRAGIN,HERMOSA"
601877511,Air Pollution Work Order,2701 E 100TH ST,2701,E,100TH,ST,249349.0,2026-08-17,,DEPT. OF PUBLIC HEALTH,Complaint Valid,2026-08-18,41.71324291275156,-87.55803846897774,"{'type': 'Point', 'coordinates': [-87.558038468978, 41.713242912752]}",2026-08-17,Monday,8,South Deering 2,442.3,South Deering,SOUTHEAST SIDE
601877339,Air Pollution Work Order,9859 S COMMERCIAL AVE,9859,S,COMMERCIAL,AVE,13776.0,2026-08-17,Someone in back forest keeps burning things cause the neighborhood to smelland become Smokey,DEPT. OF PUBLIC HEALTH,Alleged violation not found,2026-08-18,41.715555101387,-87.55083095807511,"{'type': 'Point', 'coordinates': [-87.550830958075, 41.715555101387]}",2026-08-17,Monday,8,South Deering 2,280.6,South Deering,SOUTHEAST SIDE
601877442,Air Pollution Work Order,5248 W VAN BUREN ST,5248,W,VAN BUREN,ST,443615.0,2026-08-17,,DEPT. OF PUBLIC HEALTH,Alleged violation not found,2026-08-18,41.8749356209801,-87.75682385327805,"{'type': 'Point', 'coordinates': [-87.756823853278, 41.87493562098]}",2026-08-17,Monday,8,Austin 4,517.5,Austin,AUSTIN
601877533,Air Pollution Work Order,307 W GRAND AVE,307,W,GRAND,AVE,451826.0,2026-08-17,"&nbsp;Overwhelming fungus-like odor just west of the bus stop here, has persisted for months. No idea if it's coming from thebusiness or something else",DEPT. OF PUBLIC HEALTH,Alleged violation not found,2026-08-18,41.89144949367528,-87.63588527880538,"{'type': 'Point', 'coordinates': [-87.635885278805, 41.891449493675]}",2026-08-17,Monday,8,Near North Side 4,350.5,River North,RIVER NORTH
601876849,Air Pollution Work Order,2701 E 100TH ST,2701,E,100TH,ST,249349.0,2026-08-17,,DEPT. OF PUBLIC HEALTH,Complaint Valid,2026-08-17,41.71324291275156,-87.55803846897774,"{'type': 'Point', 'coordinates': [-87.558038468978, 41.713242912752]}",2026-08-17,Monday,8,South Deering 2,442.3,South Deering,SOUTHEAST SIDE
601877458,Air Pollution Work Order,2701 E 100TH ST,2701,E,100TH,ST,249349.0,2026-08-17,,DEPT. OF PUBLIC HEALTH,Complaint Valid,2026-08-18,41.71324291275156,-87.55803846897774,"{'type': 'Point', 'coordinates': [-87.558038468978, 41.713242912752]}",2026-08-17,Monday,8,South Deering 2,442.3,South Deering,SOUTHEAST SIDE
601877444,Air Pollution Work Order,4000 W 31ST ST,4000,W,31ST,ST,437489.0,2026-08-17,"There is a foul smell coming from the building, and there are a lot of rat inside.&nbsp;",DEPT. OF PUBLIC HEALTH,Complaint Valid,2026-08-18,41.83699117399426,-87.72441414759456,"{'type': 'Point', 'coordinates': [-87.724414147595, 41.836991173994]}",2026-08-17,Monday,8,South Lawndale 3,536.0,Little Village,LITTLE VILLAGE
601877447,Air Pollution Work Order,3155 S SACRAMENTO AVE,3155,S,SACRAMENTO,AVE,3308.0,2026-08-17,There is a strong oder of trash spreading over the surround residential area. Some days it is absolutely unbearable,DEPT. OF PUBLIC HEALTH,Alleged violation not found,2026-08-18,41.83490894819455,-87.69976531518809,"{'type': 'Point', 'coordinates': [-87.699765315188, 41.834908948195]}",2026-08-17,Monday,8,South Lawndale 2,667.6,Little Village,LITTLE VILLAGE
601877345,Air Pollution Work Order,9500 S TORRENCE AVE,9500,S,TORRENCE,AVE,13776.0,2026-08-17,"9500-10600 S TORRENCE SMELL OF ROTTEN EGGS, GARBAGE, GAS, AND OTHER ODORSINTERMITTENTLY SINCE 03/2026 THROUGHOUT THE RESIDENTIAL AREAS&nbsp;",DEPT. OF PUBLIC HEALTH,Resolved,2026-08-18,41.7223593997903,-87.5600230065177,"{'type': 'Point', 'coordinates': [-87.560023006518, 41.72235939979]}",2026-08-17,Monday,8,Calumet Heights 3,741.2,South Deering,SOUTHEAST SIDE
601877902,Air Pollution Work Order,9819 S MUSKEGON AVE,9819,S,MUSKEGON,AVE,249349.0,2026-08-18,"&nbsp;Bad odors that make people feel sick, coughing, throwing up, Dizzy, headaches, breathing problems, with time creatingchronic symptoms sickness",DEPT. OF PUBLIC HEALTH,Complaint Valid,2026-08-19,41.71668320412582,-87.55498830394086,"{'type': 'Point', 'coordinates': [-87.554988303941, 41.716683204126]}",2026-08-18,Tuesday,8,South Deering 2,404.8,South Deering,SOUTHEAST SIDE
601877534,Air Pollution Work Order,3235 S PRAIRIE AVE,3235,S,PRAIRIE,AVE,443615.0,2026-08-18,"The smell of burning metal started on 09/03/2026. It is very heavy in the air during morning hours. I thought it would go away. You cannot open doors or windows without having the smell wafting into your residence. It is described as a heavy oil burning smell, its smells toxic.",DEPT. OF PUBLIC HEALTH,Resolved,2026-08-18,41.83549840010248,-87.62049305564001,"{'type': 'Point', 'coordinates': [-87.62049305564, 41.835498400102]}",2026-08-18,Tuesday,8,Douglas 1,558.4,Douglas,BRONZEVILLE
601877971,Air Pollution Work Order,2452 S SPAULDING AVE,2452,S,SPAULDING,AVE,437489.0,2026-08-18,PER CALLER THERE IS A VERY LOUD STINK SMELL IN THE AREA NOT SURE WHERE IT IS COMING FROMAT ALL&nbsp;,DEPT. OF PUBLIC HEALTH,Alleged violation not found,2026-08-19,41.84655209333763,-87.70768389869978,"{'type': 'Point', 'coordinates': [-87.7076838987, 41.846552093338]}",2026-08-18,Tuesday,8,South Lawndale 2,783.8,Little Village,LITTLE VILLAGE
601877945,Air Pollution Work Order,2814 N NATCHEZ AVE,2814,N,NATCHEZ,AVE,451826.0,2026-08-18,,DEPT. OF PUBLIC HEALTH,Alleged violation not found,2026-08-19,41.93144570212291,-87.78829787528528,"{'type': 'Point', 'coordinates': [-87.788297875285, 41.931445702123]}",2026-08-18,Tuesday,8,Belmont Cragin 1,790.4,Belmont Cragin,"BELMONT CRAGIN,HERMOSA"
601878520,Air Pollution Work Order,7111 N CLARK ST,7111,N,CLARK,ST,443615.0,2026-08-18,"Ammonia smell is in our yard and home, and it is coming from the auto repair business that paints cars across the alleyfrom us. We have a small child that is exposed to these fumes.",DEPT. OF PUBLIC HEALTH,Alleged violation not found,2026-08-20,42.01179236027213,-87.67435390401977,"{'type': 'Point', 'coordinates': [-87.67435390402, 42.011792360272]}",2026-08-18,Tuesday,8,Rogers Park 1,544.7,Rogers Park,ROGERS PARK
601877944,Air Pollution Work Order,2853 E 97TH ST,2853,E,97TH,ST,249349.0,2026-08-18,,DEPT. OF PUBLIC HEALTH,Complaint Valid,2026-08-19,41.71896582165554,-87.55443730763406,"{'type': 'Point', 'coordinates': [-87.554437307634, 41.718965821656]}",2026-08-18,Tuesday,8,South Deering 2,628.5,South Deering,SOUTHEAST SIDE
601877997,Air Pollution Work Order,2055 W PERSHING RD,2055,W,PERSHING,RD,417337.0,2026-08-18,,DEPT. OF PUBLIC HEALTH,Alleged violation not found,2026-08-19,41.822972765727336,-87.67702220737627,"{'type': 'Point', 'coordinates': [-87.677022207376, 41.822972765727]}",2026-08-18,Tuesday,8,McKinley Park 2,815.1,New City,BACK OF THE YARDS
601877889,Air Pollution Work Order,10300 S TORRENCE AVE,10300,S,TORRENCE,AVE,249349.0,2026-08-18,&nbsp;CALLER STATES THAT AT THE ABOVE FACTORY HAS STRONG SMELL OF DEAD FISH ODOR TRAVELINGTHRU THE AREA,DEPT. OF PUBLIC HEALTH,Complaint Valid,2026-08-19,41.70807742904229,-87.55980687133224,"{'type': 'Point', 'coordinates': [-87.559806871332, 41.708077429042]}",2026-08-18,Tuesday,8,South Deering 3,825.4,South Deering,SOUTHEAST SIDE
601877903,Air Pollution Work Order,9819 S MUSKEGON AVE,9819,S,MUSKEGON,AVE,249349.0,2026-08-18,"called did not describe odor, requested other State Legislature phone numbers to report odor, would not give her name,only address and phone numbe",DEPT. OF PUBLIC HEALTH,Complaint Valid,2026-08-19,41.71668320412582,-87.55498830394086,"{'type': 'Point', 'coordinates': [-87.554988303941, 41.716683204126]}",2026-08-18,Tuesday,8,South Deering 2,404.8,South Deering,SOUTHEAST SIDE
601877946,Air Pollution Work Order,2701 E 100TH ST,2701,E,100TH,ST,249349.0,2026-08-18,"&nbsp;Monday August 17th at 9:00pm continuing to get stronger throughout the entire day on Tuesday, August 18th. As of5:00pm you can’t even stand to be outside in the entire neighborhood",DEPT. OF PUBLIC HEALTH,Complaint Valid,2026-08-19,41.71324291275156,-87.55803846897774,"{'type': 'Point', 'coordinates': [-87.558038468978, 41.713242912752]}",2026-08-18,Tuesday,8,South Deering 2,442.3,South Deering,SOUTHEAST SIDE
601877904,Air Pollution Work Order,9800 S MUSKEGON AVE,9800,S,MUSKEGON,AVE,249349.0,2026-08-18,&nbsp;I cannot sit in backyard because of putrid odors coming from 2701 E 100th st Chicago,DEPT. OF PUBLIC HEALTH,Complaint Valid,2026-08-19,41.71719611178194,-87.55529071373014,"{'type': 'Point', 'coordinates': [-87.55529071373, 41.717196111782]}",2026-08-18,Tuesday,8,South Deering 2,466.9,South Deering,SOUTHEAST SIDE
601877906,Air Pollution Work Order,2856 W 57TH ST,2856,W,57TH,ST,84397.0,2026-08-18,&nbsp;First the smell of gas and now sewer,DEPT. OF PUBLIC HEALTH,Alleged violation not found,2026-08-19,41.79011970648963,-87.69599354179432,"{'type': 'Point', 'coordinates': [-87.695993541794, 41.79011970649]}",2026-08-18,Tuesday,8,Gage Park 4,589.5,Gage Park,"MARQUETTE PARK,GAGE PARK"
601878549,Air Pollution Work Order,416 N ARTESIAN AVE,416,N,ARTESIAN,AVE,417337.0,2026-08-19,The team had a blower but concrete was not wet. This created a lot of dust for Metra patrons waiting at the outdoorplatform.,DEPT. OF PUBLIC HEALTH,Alleged violation not found,2026-08-20,41.88905638668708,-87.68802790785692,"{'type': 'Point', 'coordinates': [-87.688027907857, 41.889056386687]}",2026-08-19,Wednesday,8,West Town 5,294.2,West Town,"WICKER PARK,WEST TOWN"
601878951,Air Pollution Work Order,10300 S TORRENCE AVE,10300,S,TORRENCE,AVE,249349.0,2026-08-20,,DEPT. OF PUBLIC HEALTH,Complaint Valid,2026-08-21,41.70807742904229,-87.55980687133224,"{'type': 'Point', 'coordinates': [-87.559806871332, 41.708077429042]}",2026-08-20,Thursday,8,South Deering 3,825.4,South Deering,SOUTHEAST SIDE
601878982,Air Pollution Work Order,347 N CALIFORNIA AVE,347,N,CALIFORNIA,AVE,129151.0,2026-08-20,,DEPT. OF PUBLIC HEALTH,Refer to Building Dept,2026-08-21,41.88752398730311,-87.69631316053132,"{'type': 'Point', 'coordinates': [-87.696313160531, 41.887523987303]}",2026-08-20,Thursday,8,Humboldt Park 3,666.5,Garfield Park,GARFIELD PARK
601878979,Air Pollution Work Order,1311 S CALIFORNIA BLVD,1311,S,CALIFORNIA,BLVD,443615.0,2026-08-21,"for the past few nights, there has been a chemical /burnt plastic smell at night",DEPT. OF PUBLIC HEALTH,Alleged violation not found,2026-08-21,41.86426852626551,-87.6956968681923,"{'type': 'Point', 'coordinates': [-87.695696868192, 41.864268526266]}",2026-08-21,Friday,8,North Lawndale 3,660.5,North Lawndale,NORTH LAWNDALE
601879977,Air Pollution Work Order,3801 S HONORE ST,3801,S,HONORE,ST,437489.0,2026-08-21,&nbsp;There is an exaggerated smell of Asphault in the air this morning that is making me nauseous.,DEPT. OF PUBLIC HEALTH,Alleged violation not found,2026-08-25,41.82487574264394,-87.67131259092224,"{'type': 'Point', 'coordinates': [-87.671312590922, 41.824875742644]}",2026-08-21,Friday,8,McKinley Park 2,341.1,Mckinley Park,"BRIGHTON PARK,MCKINLEY PARK"
601879979,Air Pollution Work Order,4338 S KOMENSKY AVE,4338,S,KOMENSKY,AVE,443615.0,2026-08-21,Overnight there was a horrible smell impacting the whole neighborhood. It was so strong that it permeated past windowsand through my AC unit and awoke my sleep. The happens every so often in this neighborhood.,DEPT. OF PUBLIC HEALTH,Alleged violation not found,2026-08-24,41.81400423185945,-87.72518518967948,"{'type': 'Point', 'coordinates': [-87.725185189679, 41.814004231859]}",2026-08-21,Friday,8,Archer Heights 2,456.3,Archer Heights,"ARCHER HEIGHTS,WEST ELSDON"
601878974,Air Pollution Work Order,4255 S WASHTENAW AVE,4255,S,WASHTENAW,AVE,437489.0,2026-08-21,noxious exhaust like odor everywhere outside and inside,DEPT. OF PUBLIC HEALTH,Alleged violation not found,2026-08-21,41.81578901084893,-87.69183713704095,"{'type': 'Point', 'coordinates': [-87.691837137041, 41.815789010849]}",2026-08-21,Friday,8,Brighton Park 2,475.7,Brighton Park,"BRIGHTON PARK,MCKINLEY PARK"
601879767,Air Pollution Work Order,2801 S ELEANOR ST,2801,S,ELEANOR,ST,443615.0,2026-08-21,THE CALLER STATED THAT IT SMELL LIKE GAS REAL BAD,DEPT. OF PUBLIC HEALTH,Resolved,2026-08-24,41.84373121118551,-87.66156676424463,"{'type': 'Point', 'coordinates': [-87.661566764245, 41.843731211186]}",2026-08-21,Friday,8,Lower West Side 4,718.5,Bridgeport,BRIDGEPORT
601878976,Air Pollution Work Order,3147 S RACINE AVE,3147,S,RACINE,AVE,10937.0,2026-08-21,at night something is emitted in the air making it difficult to breathe. this has been occurring predominantly only this year. have not been able to open windows at night because of whatever the pollutant is,DEPT. OF PUBLIC HEALTH,Alleged violation not found,2026-08-24,41.83652474554878,-87.65583575189584,"{'type': 'Point', 'coordinates': [-87.655835751896, 41.836524745549]}",2026-08-21,Friday,8,Bridgeport 1,499.2,Bridgeport,BRIDGEPORT
601879765,Air Pollution Work Order,843 N WASHTENAW AVE,843,N,WASHTENAW,AVE,376199.0,2026-08-21,There's a big cloud of dust,DEPT. OF PUBLIC HEALTH,Alleged violation not found,2026-08-24,41.89697160525165,-87.69412229732382,"{'type': 'Point', 'coordinates': [-87.694122297324, 41.896971605252]}",2026-08-21,Friday,8,West Town 5,950.4,Humboldt Park,HUMBOLDT PARK
601879974,Air Pollution Work Order,3800 S HONORE ST,3800,S,HONORE,ST,437489.0,2026-08-21,&nbsp;Smell is in my house and down the block this morning. This is the strongest it’s been in several weeks,DEPT. OF PUBLIC HEALTH,Alleged violation not found,2026-08-25,41.82487140645448,-87.67160603959982,"{'type': 'Point', 'coordinates': [-87.6716060396, 41.824871406454]}",2026-08-21,Friday,8,McKinley Park 2,353.6,Mckinley Park,"BRIGHTON PARK,MCKINLEY PARK"
601879777,Air Pollution Work Order,3621 S MARSHFIELD AVE,3621,S,MARSHFIELD,AVE,84397.0,2026-08-22,PER THE CALLER THE CREW IS THROWING DEBRIS FROM THE SECOND FLOOR AND HER CHILD HAS Description:ASTHMA,DEPT. OF PUBLIC HEALTH,Alleged violation not found,2026-08-25,41.82804241131477,-87.66652741868072,"{'type': 'Point', 'coordinates': [-87.666527418681, 41.828042411315]}",2026-08-22,Saturday,8,McKinley Park 2,241.2,Mckinley Park,"BRIGHTON PARK,MCKINLEY PARK"
601879768,Air Pollution Work Order,2701 E 100TH ST,2701,E,100TH,ST,10937.0,2026-08-23,,DEPT. OF PUBLIC HEALTH,Alleged violation founded,2026-08-24,41.71324291275156,-87.55803846897774,"{'type': 'Point', 'coordinates': [-87.558038468978, 41.713242912752]}",2026-08-23,Sunday,8,South Deering 2,442.3,South Deering,SOUTHEAST SIDE
601879981,Air Pollution Work Order,4455 W 55TH ST,4455,W,55TH,ST,443615.0,2026-08-23,The smell was FOUL during the nighttime (8-9pm) on 8/22/2026. Super strong and impossible to ignore.,DEPT. OF PUBLIC HEALTH,Refer to other Depts,2026-08-24,41.79299002317134,-87.73518185266693,"{'type': 'Point', 'coordinates': [-87.735181852667, 41.792990023171]}",2026-08-23,Sunday,8,West Elsdon 1,328.1,West Elsdon,"ARCHER HEIGHTS,WEST ELSDON"
601879780,Air Pollution Work Order,3743 N MARSHFIELD AVE,3743,N,MARSHFIELD,AVE,376199.0,2026-08-23,This guy continually illegally open burns household items as if he's out in the country on his own farm far away from Description:neighbors who have to inhale his cancer-causing smoke. I filed a complaint w/ CHI311 back in June for same issue but nothing haschanged,DEPT. OF PUBLIC HEALTH,Alleged violation not found,2026-08-24,41.95008139645014,-87.67000956500925,"{'type': 'Point', 'coordinates': [-87.670009565009, 41.95008139645]}",2026-08-23,Sunday,8,Lake View 1,244.8,Lake View,LAKE VIEW
601879954,Air Pollution Work Order,11520 S EWING AVE,11520,S,EWING,AVE,10937.0,2026-08-23,It smells outside and has been smelling the last few days,DEPT. OF PUBLIC HEALTH,Alleged violation not found,2026-08-24,41.685742090093285,-87.53541076445867,"{'type': 'Point', 'coordinates': [-87.535410764459, 41.685742090093]}",2026-08-23,Sunday,8,East Side 4,206.6,East Side,SOUTHEAST SIDE
601879971,Air Pollution Work Order,11525 S AVENUE L,11525,S,AVENUE L,,10937.0,2026-08-23,,DEPT. OF PUBLIC HEALTH,Alleged violation not found,2026-08-24,41.68561434884164,-87.5363258341885,"{'type': 'Point', 'coordinates': [-87.536325834188, 41.685614348842]}",2026-08-23,Sunday,8,East Side 4,217.5,East Side,SOUTHEAST SIDE
601879963,Air Pollution Work Order,5635 S WOOD ST,5635,S,WOOD,ST,84397.0,2026-08-23,BURNING WOOD IN THE BACKYARD FOR SEVERAL DAYS,DEPT. OF PUBLIC HEALTH,Resolved,2026-08-25,41.79110400670414,-87.66921808870096,"{'type': 'Point', 'coordinates': [-87.669218088701, 41.791104006704]}",2026-08-23,Sunday,8,West Englewood 1,149.9,Englewood,ENGLEWOOD
601879781,Air Pollution Work Order,3530 W 59TH PL,3530,W,59TH,PL,443615.0,2026-08-23,,DEPT. OF PUBLIC HEALTH,Alleged violation not found,2026-08-24,41.7853161200489,-87.71183889274536,"{'type': 'Point', 'coordinates': [-87.711838892745, 41.785316120049]}",2026-08-23,Sunday,8,West Elsdon 2,846.5,Chicago Lawn,"MARQUETTE PARK,GAGE PARK"
601880336,Air Pollution Work Order,4021 W KINZIE ST,4021,W,KINZIE,ST,249349.0,2026-08-24,Andy's Deli,DEPT. OF PUBLIC HEALTH,Complaint Valid,2026-08-27,41.8876666078012,-87.72675067491473,"{'type': 'Point', 'coordinates': [-87.726750674915, 41.887666607801]}",2026-08-24,Monday,8,Humboldt Park 4,688.8,Garfield Park,GARFIELD PARK
601879953,Air Pollution Work Order,2700 W POPE JOHN PAUL II DR,2700,W,POPE JOHN PAUL II,DR,443615.0,2026-08-24,&nbsp;Second time in a week with the bad odors in the air after 12AM. The odor is outside but permeates indoors.,DEPT. OF PUBLIC HEALTH,Alleged violation not found,2026-08-24,41.8156906147432,-87.69204106207314,"{'type': 'Point', 'coordinates': [-87.692041062073, 41.815690614743]}",2026-08-24,Monday,8,Brighton Park 2,490.8,Brighton Park,"BRIGHTON PARK,MCKINLEY PARK"
601879964,Air Pollution Work Order,5632 N NORTHWEST HWY,5632,N,NORTHWEST,HWY,249349.0,2026-08-24,"Hotels and Linen &amp; Uniform ServicesResident has concerns because since this business opened, there are times when the smells being omitted from the buildingare overwhelming and he can't stay outside. He states a young neighbor recently developed cancer and another a heart condition on theirshort block. He wants to ensure that the building's emissions are not causing hazardous health conditions for people in the area.",DEPT. OF PUBLIC HEALTH,Complaint Valid,2026-08-25,41.98354478908199,-87.78362624852393,"{'type': 'Point', 'coordinates': [-87.783626248524, 41.983544789082]}",2026-08-24,Monday,8,Norwood Park 3,753.4,Norwood Park,NORWOOD PARK
601879978,Air Pollution Work Order,4331 S ST LOUIS AVE,4331,S,ST LOUIS,AVE,443615.0,2026-08-24,sewer/gas smell,DEPT. OF PUBLIC HEALTH,Alleged violation not found,2026-08-24,41.814413909359246,-87.71123540692066,"{'type': 'Point', 'coordinates': [-87.711235406921, 41.814413909359]}",2026-08-24,Monday,8,Brighton Park 3,670.0,Brighton Park,"BRIGHTON PARK,MCKINLEY PARK"
601881347,Air Pollution Work Order,10802 S BUFFALO AVE,10802,S,BUFFALO,AVE,84397.0,2026-08-24,,DEPT. OF PUBLIC HEALTH,Alleged violation unfounded,2026-08-25,41.698987961595805,-87.54392027867512,"{'type': 'Point', 'coordinates': [-87.543920278675, 41.698987961596]}",2026-08-24,Monday,8,East Side 3,667.3,East Side,SOUTHEAST SIDE
601881369,Air Pollution Work Order,10800 S BUFFALO AVE,10800,S,BUFFALO,AVE,84397.0,2026-08-24,,DEPT. OF PUBLIC HEALTH,Alleged violation unfounded,2026-08-25,41.69904413065294,-87.54391999860475,"{'type': 'Point', 'coordinates': [-87.543919998605, 41.699044130653]}",2026-08-24,Monday,8,East Side 3,665.5,East Side,SOUTHEAST SIDE
601880792,Air Pollution Work Order,2701 E 100TH ST,2701,E,100TH,ST,10937.0,2026-08-25,The smell reached all the way to 96th,DEPT. OF PUBLIC HEALTH,Alleged violation founded,2026-08-27,41.71324291275156,-87.55803846897774,"{'type': 'Point', 'coordinates': [-87.558038468978, 41.713242912752]}",2026-08-25,Tuesday,8,South Deering 2,442.3,South Deering,SOUTHEAST SIDE
601880878,Air Pollution Work Order,113 N MASON AVE,113,N,MASON,AVE,249349.0,2026-08-25,,DEPT. OF PUBLIC HEALTH,Resolved,2026-08-27,41.88258521005979,-87.77315626631325,"{'type': 'Point', 'coordinates': [-87.773156266313, 41.88258521006]}",2026-08-25,Tuesday,8,Austin 7,517.0,Austin,AUSTIN
601880121,Air Pollution Work Order,2416 W CHARLESTON ST,2416,W,CHARLESTON,ST,3308.0,2026-08-25,,DEPT. OF PUBLIC HEALTH,Alleged violation not found,2026-08-25,41.92008561786488,-87.68820700809113,"{'type': 'Point', 'coordinates': [-87.688207008091, 41.920085617865]}",2026-08-25,Tuesday,8,Logan Square 3,277.9,Logan Square,LOGAN SQUARE
601880117,Air Pollution Work Order,3141 S RACINE AVE,3141,S,RACINE,AVE,443615.0,2026-08-25,occurred again today overnight and lingering in the air this morning. hard to breathe. and it’s not wild fire smoke. it’s a local factory/business.,DEPT. OF PUBLIC HEALTH,Alleged violation not found,2026-08-25,41.836712797347566,-87.65584107618707,"{'type': 'Point', 'coordinates': [-87.655841076187, 41.836712797348]}",2026-08-25,Tuesday,8,Bridgeport 1,482.8,Bridgeport,BRIDGEPORT
601880771,Air Pollution Work Order,5343 N BROADWAY,5343,N,BROADWAY,,451826.0,2026-08-25,,DEPT. OF PUBLIC HEALTH,Complaint Valid,2026-08-27,41.979428254921736,-87.65980585471297,"{'type': 'Point', 'coordinates': [-87.659805854713, 41.979428254922]}",2026-08-25,Tuesday,8,Uptown 2,650.1,Edgewater,EDGEWATER
601880758,Air Pollution Work Order,5357 N BROADWAY,5357,N,BROADWAY,,451826.0,2026-08-25,There is a persistent (for weeks now) disgusting smell (like decomposing meat or foul garbage) coming from behind the Description:Jewel Osco on Broadway in Edgewater. The smell is so intense you can smell it all over that block.,DEPT. OF PUBLIC HEALTH,Complaint Valid,2026-08-27,41.97982524199259,-87.65981627894693,"{'type': 'Point', 'coordinates': [-87.659816278947, 41.979825241993]}",2026-08-25,Tuesday,8,Uptown 2,680.5,Edgewater,EDGEWATER
601880811,Air Pollution Work Order,2055 W PERSHING RD,2055,W,PERSHING,RD,437489.0,2026-08-25,I started smelling the asphalt odors at 4:48am today because my windows were open. When will Chicago DOE work with Description:IEPA to shut down this polluting company? MAT Asphalt creates an odor nuisance almost EVERY DAY!,DEPT. OF PUBLIC HEALTH,Alleged violation not found,2026-08-26,41.822972765727336,-87.67702220737627,"{'type': 'Point', 'coordinates': [-87.677022207376, 41.822972765727]}",2026-08-25,Tuesday,8,McKinley Park 2,815.1,New City,BACK OF THE YARDS
601880117,Air Pollution Work Order,3141 S RACINE AVE,3141,S,RACINE,AVE,443615.0,2026-08-25,occurred again today overnight and lingering in the air this morning. hard to breathe. and it’s not wild fire smoke. it’s a local factory/business.,DEPT. OF PUBLIC HEALTH,Alleged violation not found,2026-08-25,41.836712797347566,-87.65584107618707,"{'type': 'Point', 'coordinates': [-87.655841076187, 41.836712797348]}",2026-08-25,Tuesday,8,Bridgeport 1,482.8,Bridgeport,BRIDGEPORT
601880124,Air Pollution Work Order,1400 W 18TH ST,1400,W,18TH,ST,376199.0,2026-08-25,,DEPT. OF PUBLIC HEALTH,Refer to other Depts,2026-08-26,41.85798416202829,-87.6613921243244,"{'type': 'Point', 'coordinates': [-87.661392124324, 41.857984162028]}",2026-08-25,Tuesday,8,Lower West Side 2,843.7,Lower West Side,LOWER WEST SIDE
601880788,Air Pollution Work Order,3700 S ASHLAND AVE,3700,S,ASHLAND,AVE,437489.0,2026-08-25,They smell of asphalt too strong,DEPT. OF PUBLIC HEALTH,Alleged violation not found,2026-08-26,41.826821149302965,-87.66562788158541,"{'type': 'Point', 'coordinates': [-87.665627881585, 41.826821149303]}",2026-08-25,Tuesday,8,McKinley Park 2,321.4,Mckinley Park,"BRIGHTON PARK,MCKINLEY PARK"
601880147,Air Pollution Work Order,1315 S CALIFORNIA BLVD,1315,S,CALIFORNIA,BLVD,431068.0,2026-08-25,Woke up and opened the window around 6am today. There was another burning/chemical smell in the air.,DEPT. OF PUBLIC HEALTH,Alleged violation not found,2026-08-25,41.86416592285208,-87.69569364713578,"{'type': 'Point', 'coordinates': [-87.695693647136, 41.864165922852]}",2026-08-25,Tuesday,8,North Lawndale 3,663.4,North Lawndale,NORTH LAWNDALE
601880779,Air Pollution Work Order,5011 N MOZART ST,5011,N,MOZART,ST,451826.0,2026-08-25,Sewer gas smell has been wafting through the neighborhood for the last few days.,DEPT. OF PUBLIC HEALTH,Alleged violation not found,2026-08-27,41.97254093316916,-87.69989393241337,"{'type': 'Point', 'coordinates': [-87.699893932413, 41.972540933169]}",2026-08-25,Tuesday,8,North Park 2,798.6,Lincoln Square,LINCOLN SQUARE
601880784,Air Pollution Work Order,10901 S GREEN BAY AVE,10901,S,GREEN BAY,AVE,443615.0,2026-08-25,"They have children in their home inhaling those odors. It is coming from their basement. They use their fume extractorcausing issues to near by neighbors. As a concern neighbor, I believe their is mold forming in their basement",DEPT. OF PUBLIC HEALTH,Alleged violation not found,2026-08-26,41.69723037272224,-87.54120187750601,"{'type': 'Point', 'coordinates': [-87.541201877506, 41.697230372722]}",2026-08-25,Tuesday,8,East Side 3,564.8,East Side,SOUTHEAST SIDE
601880764,Air Pollution Work Order,5345 N BROADWAY,5345,N,BROADWAY,,451826.0,2026-08-25,Something must have changed over the last couple weeks with waste management. The back of the building has a strongfoul odor that is spreading throughout the neighborhood. There’s pooling brown liquid on the ground.,DEPT. OF PUBLIC HEALTH,Complaint Valid,2026-08-27,41.9794849673621,-87.65980734388329,"{'type': 'Point', 'coordinates': [-87.659807343883, 41.979484967362]}",2026-08-25,Tuesday,8,Uptown 2,654.3,Edgewater,EDGEWATER
601880877,Air Pollution Work Order,1300 E 93RD ST,1300,E,93RD,ST,425726.0,2026-08-25,,DEPT. OF PUBLIC HEALTH,Resolved,2026-08-27,41.725993626054034,-87.59242075096822,"{'type': 'Point', 'coordinates': [-87.592420750968, 41.725993626054]}",2026-08-25,Tuesday,8,Calumet Heights 1,513.4,Burnside,"CHATHAM,BURNSIDE"
601880802,Air Pollution Work Order,2380 S HALSTED ST,2380,S,HALSTED,ST,3308.0,2026-08-25,,DEPT. OF PUBLIC HEALTH,Alleged violation not found,2026-08-26,41.84932157006517,-87.64662104290849,"{'type': 'Point', 'coordinates': [-87.646621042908, 41.849321570065]}",2026-08-25,Tuesday,8,Lower West Side 3,641.1,Lower West Side,LOWER WEST SIDE
601880809,Air Pollution Work Order,2055 W PERSHING RD,2055,W,PERSHING,RD,437489.0,2026-08-26,"I woke up right now to a splitting headache. Just when I thought the asphalt smell would subside, it got way worse. It’sbeen keeping me up for the last half hour. I don’t usually put in tickets but it’s been really bad.",DEPT. OF PUBLIC HEALTH,Alleged violation not found,2026-08-26,41.822972765727336,-87.67702220737627,"{'type': 'Point', 'coordinates': [-87.677022207376, 41.822972765727]}",2026-08-26,Wednesday,8,McKinley Park 2,815.1,New City,BACK OF THE YARDS
601881594,Air Pollution Work Order,10619 S AVENUE G,10619,S,AVENUE G,,425726.0,2026-08-26,PER THIS CALLER THE ENTIRE AREA SMELLS INTENSELY FISHY,DEPT. OF PUBLIC HEALTH,Resolved,2026-08-27,41.70211880207811,-87.53151080739849,"{'type': 'Point', 'coordinates': [-87.531510807398, 41.702118802078]}",2026-08-26,Wednesday,8,East Side 3,421.6,East Side,SOUTHEAST SIDE
601881379,Air Pollution Work Order,3862 S LAKE PARK AVE,3862,S,LAKE PARK,AVE,249349.0,2026-08-26,,DEPT. OF PUBLIC HEALTH,Alleged violation founded,2026-08-27,41.825263515367645,-87.60422899686336,"{'type': 'Point', 'coordinates': [-87.604228996863, 41.825263515368]}",2026-08-26,Wednesday,8,Oakland 1,295.9,Oakland,"OAKLAND,KENWOOD"
601881396,Air Pollution Work Order,2857 N CICERO AVE,2857,N,CICERO,AVE,437489.0,2026-08-26,"Tire Zoneis 6 years in, can't leave windows open, one dying cat and a dead German Shepard from cancer in last two year.",DEPT. OF PUBLIC HEALTH,Alleged violation founded,2026-08-27,41.93325408599058,-87.74651613263964,"{'type': 'Point', 'coordinates': [-87.74651613264, 41.933254085991]}",2026-08-26,Wednesday,8,Belmont Cragin 3,694.8,Belmont Cragin,"BELMONT CRAGIN,HERMOSA"
601881598,Air Pollution Work Order,6102 S WHIPPLE ST,6102,S,WHIPPLE,ST,129151.0,2026-08-26,concentrated around the corner,DEPT. OF PUBLIC HEALTH,Alleged violation not found,2026-08-27,41.782512601888136,-87.69972668376049,"{'type': 'Point', 'coordinates': [-87.69972668376, 41.782512601888]}",2026-08-26,Wednesday,8,Chicago Lawn 1,654.9,Chicago Lawn,"MARQUETTE PARK,GAGE PARK"
601881280,Air Pollution Work Order,2550 N CLYBOURN AVE,2550,N,CLYBOURN,AVE,451826.0,2026-08-26,Mold on the walls. Dust from the remodel. Why are they open during construction. Should be done at night,DEPT. OF PUBLIC HEALTH,Alleged violation not found,2026-08-27,41.92787172311833,-87.67325881463049,"{'type': 'Point', 'coordinates': [-87.67325881463, 41.927871723118]}",2026-08-26,Wednesday,8,Logan Square 2,654.6,Lincoln Park,LINCOLN PARK
601881377,Air Pollution Work Order,4500 S LEAMINGTON AVE,4500,S,LEAMINGTON,AVE,10937.0,2026-08-26,,DEPT. OF PUBLIC HEALTH,Refer to StreetsSanitation,2026-08-27,41.81106977715833,-87.75195758334067,"{'type': 'Point', 'coordinates': [-87.751957583341, 41.811069777158]}",2026-08-26,Wednesday,8,Garfield Ridge 1,1266.9,Garfield Ridge,MIDWAY AIRPORT
601881373,Air Pollution Work Order,211 W ADAMS ST,211,W,ADAMS,ST,84397.0,2026-08-26,Smell of open human feces on side of parking garage facing Quincy; smells from sidewalkTower iParkit Garage (Quincy-facing side),DEPT. OF PUBLIC HEALTH,Alleged violation not found,2026-08-27,41.879272838776735,-87.63410319837826,"{'type': 'Point', 'coordinates': [-87.634103198378, 41.879272838777]}",2026-08-26,Wednesday,8,Loop 1,294.3,Loop,LOOP
601880879,Air Pollution Work Order,3845 S DAMEN AVE,3845,S,DAMEN,AVE,437489.0,2026-08-26,,DEPT. OF PUBLIC HEALTH,Alleged violation not found,2026-08-26,41.82360885050362,-87.6749530409919,"{'type': 'Point', 'coordinates': [-87.674953040992, 41.823608850504]}",2026-08-26,Wednesday,8,McKinley Park 2,639.5,Mckinley Park,"BRIGHTON PARK,MCKINLEY PARK"
601882030,Air Pollution Work Order,11338 S AVENUE H,11338,S,AVENUE H,,249349.0,2026-08-27,&nbsp;Rotten smell outside for the last few days,DEPT. OF PUBLIC HEALTH,Alleged violation not found,2026-09-01,41.688858608853366,-87.53301660263581,"{'type': 'Point', 'coordinates': [-87.533016602636, 41.688858608853]}",2026-08-27,Thursday,8,East Side 4,285.1,East Side,SOUTHEAST SIDE
601881958,Air Pollution Work Order,1719 E 55TH ST,1719,E,55TH,ST,443615.0,2026-08-27,"Strong, lasting chemical/burning smell night of August 26, 2026 around our intersection at midnight",DEPT. OF PUBLIC HEALTH,Alleged violation not found,2026-08-31,41.79512918830382,-87.58306153054033,"{'type': 'Point', 'coordinates': [-87.58306153054, 41.795129188304]}",2026-08-27,Thursday,8,Hyde Park 2,492.9,Hyde Park,HYDE PARK
601881387,Air Pollution Work Order,3000 W 51ST ST,3000,W,51ST,ST,379542.0,2026-08-27,Demolition of building and they dont have the water going,DEPT. OF PUBLIC HEALTH,Resolved,2026-08-27,41.80101320391308,-87.69894792186956,"{'type': 'Point', 'coordinates': [-87.69894792187, 41.801013203913]}",2026-08-27,Thursday,8,Gage Park 1,411.3,Gage Park,"MARQUETTE PARK,GAGE PARK"
601882026,Air Pollution Work Order,10137 S YATES AVE,10137,S,YATES,AVE,10937.0,2026-08-27,This facility has been amping up the production and odor since the lawsuits. Since the media and the Attorney General's Description:office got involved. Pullman Innovation has been cooking all day; it is now 10:21 pm. They are still cooking. It's very bad.,DEPT. OF PUBLIC HEALTH,Alleged violation founded,2026-08-28,41.71060715978053,-87.56440058906529,"{'type': 'Point', 'coordinates': [-87.564400589065, 41.710607159781]}",2026-08-27,Thursday,8,South Deering 1,555.3,South Deering,SOUTHEAST SIDE
601882025,Air Pollution Work Order,10750 S AVENUE E,10750,S,AVENUE E,,249349.0,2026-08-27,"&nbsp;Heavy fishy smell outdoors around 6am and at 8am, smell is also entering my home",DEPT. OF PUBLIC HEALTH,Alleged violation not found,2026-09-01,41.69938424463923,-87.52939089493928,"{'type': 'Point', 'coordinates': [-87.529390894939, 41.699384244639]}",2026-08-27,Thursday,8,East Side 3,584.1,East Side,SOUTHEAST SIDE
601882021,Air Pollution Work Order,10927 S AVENUE O,10927,S,AVENUE O,,249349.0,2026-08-27,There has been a fish smell outside this past week.,DEPT. OF PUBLIC HEALTH,Alleged violation not found,2026-09-01,41.69648838415447,-87.53993395894871,"{'type': 'Point', 'coordinates': [-87.539933958949, 41.696488384154]}",2026-08-27,Thursday,8,East Side 3,559.3,East Side,SOUTHEAST SIDE
601881949,Air Pollution Work Order,2701 E 100TH ST,2701,E,100TH,ST,10937.0,2026-08-28,Rotten Egg Smell,DEPT. OF PUBLIC HEALTH,Alleged violation founded,2026-08-28,41.71324291275156,-87.55803846897774,"{'type': 'Point', 'coordinates': [-87.558038468978, 41.713242912752]}",2026-08-28,Friday,8,South Deering 2,442.3,South Deering,SOUTHEAST SIDE
601883678,Air Pollution Work Order,2235 W IOWA ST,2235,W,IOWA,ST,437489.0,2026-08-28,,DEPT. OF PUBLIC HEALTH,Alleged violation not found,2026-08-31,41.897514911654525,-87.68340834385553,"{'type': 'Point', 'coordinates': [-87.683408343856, 41.897514911655]}",2026-08-28,Friday,8,West Town 5,739.4,Ukrainian Village,UKRAINIAN VILLAGE AND EAST VILLAGE
601882713,Air Pollution Work Order,11321 S CHAMPLAIN AVE,11321,S,CHAMPLAIN,AVE,417337.0,2026-08-28,Sewage/rotten smell permeating throughout the day,DEPT. OF PUBLIC HEALTH,Alleged violation founded,2026-08-31,41.68861669760335,-87.60697380619696,"{'type': 'Point', 'coordinates': [-87.606973806197, 41.688616697603]}",2026-08-28,Friday,8,Pullman 4,367.0,Pullman,PULLMAN
601883692,Air Pollution Work Order,1934 S WENTWORTH AVE,1934,S,WENTWORTH,AVE,443615.0,2026-08-28,,DEPT. OF PUBLIC HEALTH,Alleged violation not found,2026-08-31,41.85546262918399,-87.6319927243479,"{'type': 'Point', 'coordinates': [-87.631992724348, 41.855462629184]}",2026-08-28,Friday,8,Armour Square 1,418.0,Chinatown,"ARMOUR SQUARE,CHINATOWN"
601883402,Air Pollution Work Order,24 S MORGAN ST,24,S,MORGAN,ST,443615.0,2026-08-28,,DEPT. OF PUBLIC HEALTH,Alleged violation not found,2026-08-31,41.88098164434496,-87.65215509407778,"{'type': 'Point', 'coordinates': [-87.652155094078, 41.880981644345]}",2026-08-28,Friday,8,Near West Side 3,222.2,West Loop,WEST LOOP
601883142,Air Pollution Work Order,2839 S KARLOV AVE,2839,S,KARLOV,AVE,84397.0,2026-08-28,,DEPT. OF PUBLIC HEALTH,Resolved,2026-08-31,41.83936176611134,-87.7267020329328,"{'type': 'Point', 'coordinates': [-87.726702032933, 41.839361766111]}",2026-08-28,Friday,8,South Lawndale 3,581.5,Little Village,LITTLE VILLAGE
601882717,Air Pollution Work Order,8200 S EMERALD AVE,8200,S,EMERALD,AVE,129151.0,2026-08-28,THE SMELL IS FOWL THE SEWERS NEEDS TO BE CLEANED OUT IT AND EVERYDAY UNBEARABLESMELL,DEPT. OF PUBLIC HEALTH,Alleged violation not found,2026-08-31,41.74512770440631,-87.64280929115203,"{'type': 'Point', 'coordinates': [-87.642809291152, 41.745127704406]}",2026-08-28,Friday,8,Auburn Gresham 3,835.7,Auburn Gresham,AUBURN GRESHAM
601883404,Air Pollution Work Order,434 E 62ND ST,434,E,62ND,ST,84397.0,2026-08-28,,DEPT. OF PUBLIC HEALTH,Refer to Building Dept,2026-08-31,41.782196101466674,-87.6143121077101,"{'type': 'Point', 'coordinates': [-87.61431210771, 41.782196101467]}",2026-08-28,Friday,8,Greater Grand Crossing 1,659.8,Woodlawn,WOODLAWN
601883391,Air Pollution Work Order,2452 S SPAULDING AVE,2452,S,SPAULDING,AVE,437489.0,2026-08-28,"Per caller- Very strong coming into area, making residents nauseous, and getting headaches. smell comes and goes mostlyat night",DEPT. OF PUBLIC HEALTH,Alleged violation not found,2026-09-01,41.84655209333763,-87.70768389869978,"{'type': 'Point', 'coordinates': [-87.7076838987, 41.846552093338]}",2026-08-28,Friday,8,South Lawndale 2,783.8,Little Village,LITTLE VILLAGE
601883238,Air Pollution Work Order,2530 N KEDZIE BLVD,2530,N,KEDZIE,BLVD,3308.0,2026-08-28,Excessive diesel truck idling. Fumes spreading throughout dense residential area,DEPT. OF PUBLIC HEALTH,Alleged violation not found,2026-08-31,41.92747790444958,-87.70744402273394,"{'type': 'Point', 'coordinates': [-87.707444022734, 41.92747790445]}",2026-08-28,Friday,8,Logan Square 1,980.5,Logan Square,LOGAN SQUARE
601882715,Air Pollution Work Order,10015 S TORRENCE AVE,10015,S,TORRENCE,AVE,417337.0,2026-08-28,,DEPT. OF PUBLIC HEALTH,Alleged violation founded,2026-08-31,41.71304358618535,-87.5595975701074,"{'type': 'Point', 'coordinates': [-87.559597570107, 41.713043586185]}",2026-08-28,Friday,8,South Deering 2,572.9,South Deering,SOUTHEAST SIDE
601883688,Air Pollution Work Order,2102 W 37TH ST,2102,W,37TH,ST,417337.0,2026-08-28,Asphalt smell throughout the park. Coming from Mat asphalt or at least that direction.,DEPT. OF PUBLIC HEALTH,Alleged violation not found,2026-08-31,41.82682342856853,-87.67776983269451,"{'type': 'Point', 'coordinates': [-87.677769832695, 41.826823428569]}",2026-08-28,Friday,8,McKinley Park 1,682.4,Mckinley Park,"BRIGHTON PARK,MCKINLEY PARK"
601882711,Air Pollution Work Order,11401 S FORRESTVILLE AVE,11401,S,FORRESTVILLE,AVE,13776.0,2026-08-29,"A STRONG SMELL OF GAS IN THE HISTORIC PULLMAN DISTRICT THAT IS STRONGER THAN IT WAS,YESTERDAY. THERE ARE INDUSTIAL BUILDINGS IN THE AREA AND SHE ISN'T SURE WHERE THE SMELL IS COMINGFROM. SHE DESCRIBES THE SMELL AS ""GASEOUS"" BUT STATES THAT IT IS NOT NATURAL GAS. SHE STATES THATTHE WATER MANAGEMENT DEPARTMENT INFORMED HER THAT THEY HIRE SUBCONTRACTORS THAT AREWORKING IN THE AREA.",DEPT. OF PUBLIC HEALTH,Alleged violation not found,2026-09-02,41.68729756226095,-87.60936199796828,"{'type': 'Point', 'coordinates': [-87.609361997968, 41.687297562261]}",2026-08-29,Saturday,8,Pullman 4,578.5,Pullman,PULLMAN
601883050,Air Pollution Work Order,4440 N WOLCOTT AVE,4440,N,WOLCOTT,AVE,443615.0,2026-08-29,there’s a terrible smell outdoors,DEPT. OF PUBLIC HEALTH,Alleged violation not found,2026-08-31,41.96271519385547,-87.67618262836521,"{'type': 'Point', 'coordinates': [-87.676182628365, 41.962715193855]}",2026-08-29,Saturday,8,Uptown 4,345.2,Lincoln Square,LINCOLN SQUARE
601883689,Air Pollution Work Order,2067 N MOZART ST,2067,N,MOZART,ST,376199.0,2026-08-29,Strong swage gas smell in the neighborhood at night through early morning these days. Ican't leave the window open in the morning because of the smell.,DEPT. OF PUBLIC HEALTH,Alleged violation not found,2026-08-31,41.91946553660705,-87.69851150727533,"{'type': 'Point', 'coordinates': [-87.698511507275, 41.919465536607]}",2026-08-29,Saturday,8,Logan Square 3,701.8,Logan Square,LOGAN SQUARE
601882714,Air Pollution Work Order,10508 S PRAIRIE AVE,10508,S,PRAIRIE,AVE,13776.0,2026-08-29,ODOR ONLY IN THE AFTERNOON,DEPT. OF PUBLIC HEALTH,Alleged violation not found,2026-09-02,41.70329017864124,-87.61746233534885,"{'type': 'Point', 'coordinates': [-87.617462335349, 41.703290178641]}",2026-08-29,Saturday,8,Roseland 3,297.9,Roseland,"WASHINGTON HEIGHTS,ROSELAND"
601883696,Air Pollution Work Order,1751 W BERTEAU AVE,1751,W,BERTEAU,AVE,249349.0,2026-08-29,CALLER REPORTS A SEWAGE SMELL OFF ROTTEN CHICKEN AND SEWAGE,DEPT. OF PUBLIC HEALTH,Alleged violation not found,2026-09-01,41.95778443272529,-87.67271511750013,"{'type': 'Point', 'coordinates': [-87.6727151175, 41.957784432725]}",2026-08-29,Saturday,8,Uptown 4,499.9,Lake View,LAKE VIEW
601883393,Air Pollution Work Order,2323 W THOMAS ST,2323,W,THOMAS,ST,10937.0,2026-08-29,,DEPT. OF PUBLIC HEALTH,Alleged violation not found,2026-09-03,41.9011120824172,-87.68548793651595,"{'type': 'Point', 'coordinates': [-87.685487936516, 41.901112082417]}",2026-08-29,Saturday,8,West Town 1,906.0,Ukrainian Village,UKRAINIAN VILLAGE AND EAST VILLAGE
601882721,Air Pollution Work Order,7124 S CRANDON AVE,7124,S,CRANDON,AVE,84397.0,2026-08-29,,DEPT. OF PUBLIC HEALTH,Resolved,2026-08-31,41.76541034681592,-87.56908176637027,"{'type': 'Point', 'coordinates': [-87.56908176637, 41.765410346816]}",2026-08-29,Saturday,8,South Shore 2,161.5,South Shore,"SOUTH SHORE, GRAND CROSSING"
601883062,Air Pollution Work Order,3306 N KEYSTONE AVE,3306,N,KEYSTONE,AVE,451826.0,2026-08-29,"Happens during early morning hours between 3-6AM. Heavy strong smell lingers until morning, around 8.",DEPT. OF PUBLIC HEALTH,Alleged violation unfounded,2026-09-01,41.941093502333416,-87.72862231563985,"{'type': 'Point', 'coordinates': [-87.72862231564, 41.941093502333]}",2026-08-29,Saturday,8,Irving Park 4,579.5,Irving Park,"IRVING PARK,AVONDALE"
601883015,Air Pollution Work Order,5742 N ORIOLE AVE,5742,N,ORIOLE,AVE,3308.0,2026-08-29,,DEPT. OF PUBLIC HEALTH,Resolved,2026-08-31,41.98480200121142,-87.81696441813051,"{'type': 'Point', 'coordinates': [-87.816964418131, 41.984802001211]}",2026-08-29,Saturday,8,Norwood Park 1,445.9,Norwood Park,NORWOOD PARK
601883460,Air Pollution Work Order,1522 N ASHLAND AVE,1522,N,ASHLAND,AVE,379542.0,2026-08-29,,DEPT. OF PUBLIC HEALTH,Resolved,2026-09-15,41.90948659486645,-87.66780484450045,"{'type': 'Point', 'coordinates': [-87.6678048445, 41.909486594866]}",2026-08-29,Saturday,8,West Town 2,436.3,Wicker Park,"WICKER PARK,WEST TOWN"
601883400,Air Pollution Work Order,15 W 107TH ST,15,W,107TH,ST,13776.0,2026-08-30,,DEPT. OF PUBLIC HEALTH,Alleged violation not found,2026-09-02,41.699753070971184,-87.62399668651842,"{'type': 'Point', 'coordinates': [-87.623996686518, 41.699753070971]}",2026-08-30,Sunday,8,Roseland 3,381.6,Roseland,"WASHINGTON HEIGHTS,ROSELAND"
601883187,Air Pollution Work Order,2720 N SHEFFIELD AVE,2720,N,SHEFFIELD,AVE,451826.0,2026-08-30,caller wants air tested for meth,DEPT. OF PUBLIC HEALTH,Alleged violation not found,2026-09-01,41.93140688988517,-87.65396390827242,"{'type': 'Point', 'coordinates': [-87.653963908272, 41.931406889885]}",2026-08-30,Sunday,8,Lake View 4,407.9,Sheffield & DePaul,SHEFFIELD & DEPAUL
601882993,Air Pollution Work Order,6523 S JUSTINE ST,6523,S,JUSTINE,ST,129151.0,2026-08-30,,DEPT. OF PUBLIC HEALTH,Resolved,2026-08-31,41.77513961758295,-87.66272459843006,"{'type': 'Point', 'coordinates': [-87.66272459843, 41.775139617583]}",2026-08-30,Sunday,8,West Englewood 2,643.7,Englewood,ENGLEWOOD
601883469,Air Pollution Work Order,1651 S LA SALLE ST,1651,S,LA SALLE,ST,10937.0,2026-08-30,They are using a generator and it’s producing black smoke. Serverly limits the enjoyment of the chess pavilion,DEPT. OF PUBLIC HEALTH,Alleged violation not found,2026-09-03,41.859017449314784,-87.63095038452967,"{'type': 'Point', 'coordinates': [-87.63095038453, 41.859017449315]}",2026-08-30,Sunday,8,Near West Side 4,777.1,Near South Side,NEAR SOUTH SIDE
601883952,Air Pollution Work Order,971 W 18TH ST,971,W,18TH,ST,437489.0,2026-08-31,Foul odor coming from sewers in street also gets worse when it rains.,DEPT. OF PUBLIC HEALTH,Refer to other Depts,2026-09-01,41.85791255820502,-87.65153197652376,"{'type': 'Point', 'coordinates': [-87.651531976524, 41.857912558205]}",2026-08-31,Monday,8,Lower West Side 3,525.6,Lower West Side,LOWER WEST SIDE
601883958,Air Pollution Work Order,520 S STATE ST,520,S,STATE,ST,417337.0,2026-08-31,,DEPT. OF PUBLIC HEALTH,Alleged violation not found,2026-09-02,41.87524726840689,-87.62776718558034,"{'type': 'Point', 'coordinates': [-87.62776718558, 41.875247268407]}",2026-08-31,Monday,8,Loop 2,976.9,Loop,LOOP
601883828,Air Pollution Work Order,3827 S HONORE ST,3827,S,HONORE,ST,84397.0,2026-08-31,,DEPT. OF PUBLIC HEALTH,Resolved,2026-09-01,41.82415068482555,-87.67129372988381,"{'type': 'Point', 'coordinates': [-87.671293729884, 41.824150684826]}",2026-08-31,Monday,8,McKinley Park 2,413.3,Mckinley Park,"BRIGHTON PARK,MCKINLEY PARK"
601883976,Air Pollution Work Order,7111 N CLARK ST,7111,N,CLARK,ST,443615.0,2026-09-01,What can we do about this? Our kids and I can't be in the yard because of the chemical smell.,DEPT. OF PUBLIC HEALTH,Resolved,2026-09-02,42.01179236027213,-87.67435390401977,"{'type': 'Point', 'coordinates': [-87.67435390402, 42.011792360272]}",2026-09-01,Tuesday,9,Rogers Park 1,544.7,Rogers Park,ROGERS PARK
601883972,Air Pollution Work Order,8258 S WESTERN AVE,8258,S,WESTERN,AVE,84397.0,2026-09-01,garage on the right side of gas station has a smell of decomposing animal or cat litter,DEPT. OF PUBLIC HEALTH,Resolved,2026-09-02,41.74288958565808,-87.68282663855302,"{'type': 'Point', 'coordinates': [-87.682826638553, 41.742889585658]}",2026-09-01,Tuesday,9,Ashburn 5,846.2,Ashburn,ASHBURN
601884030,Air Pollution Work Order,3535 W MONTROSE AVE,3535,W,MONTROSE,AVE,437489.0,2026-09-01,"This morning (9/1/2026 around 9:00AM) a van in the auto shop lot was allowed to openly billow smoke into the air,chemical or gas smoke was observed about 4 stories high. The smoke stopped around 9:30am after a complaint to the owner.",DEPT. OF PUBLIC HEALTH,Resolved,2026-09-02,41.96097135710804,-87.71702659568395,"{'type': 'Point', 'coordinates': [-87.717026595684, 41.960971357108]}",2026-09-01,Tuesday,9,Albany Park 2,716.3,Irving Park,"IRVING PARK,AVONDALE"
601884057,Air Pollution Work Order,3441 N PULASKI RD,3441,N,PULASKI,RD,249349.0,2026-09-01,"Per caller- Business spray painting cars, fumes coming into area.",DEPT. OF PUBLIC HEALTH,Alleged violation not found,2026-09-03,41.94394533435337,-87.72717980315106,"{'type': 'Point', 'coordinates': [-87.727179803151, 41.943945334353]}",2026-09-01,Tuesday,9,Irving Park 3,568.4,Avondale,"IRVING PARK,AVONDALE"
601884460,Air Pollution Work Order,4404 W GEORGE ST,4404,W,GEORGE,ST,376199.0,2026-09-02,,DEPT. OF PUBLIC HEALTH,Alleged violation not found,2026-09-03,41.93359580365295,-87.73708650592745,"{'type': 'Point', 'coordinates': [-87.737086505927, 41.933595803653]}",2026-09-02,Wednesday,9,Hermosa 1,556.7,Hermosa,"BELMONT CRAIGIN,HERMOSA"
601884060,Air Pollution Work Order,2055 W PERSHING RD,2055,W,PERSHING,RD,417337.0,2026-09-02,MAT Asphalt - trucks are spilling grindings onto roadway,DEPT. OF PUBLIC HEALTH,Alleged violation not found,2026-09-02,41.822972765727336,-87.67702220737627,"{'type': 'Point', 'coordinates': [-87.677022207376, 41.822972765727]}",2026-09-02,Wednesday,9,McKinley Park 2,815.1,New City,BACK OF THE YARDS
601884557,Air Pollution Work Order,1631 W ESTES AVE,1631,W,ESTES,AVE,437489.0,2026-09-02,Terrible toxic funes coming out of apartment with work being done and no permit. We were not notified. Pets and sickpeople live here,DEPT. OF PUBLIC HEALTH,Alleged violation not found,2026-09-03,42.01135675653133,-87.67143313999635,"{'type': 'Point', 'coordinates': [-87.671433139996, 42.011356756531]}",2026-09-02,Wednesday,9,Rogers Park 1,541.6,Rogers Park,ROGERS PARK
601884561,Air Pollution Work Order,1326 W MORSE AVE,1326,W,MORSE,AVE,3308.0,2026-09-02,PRIOR REQUEST CLOSED SR26-01588703 - DUST FROM GRAVEL PARKING LOT ON THE EAST SIDE OF THEBUILDING THAT IS BLOWING AROUND AND ONTO OTHER PROPERTIES,DEPT. OF PUBLIC HEALTH,Alleged violation not found,2026-09-03,42.00803844718281,-87.66481711901136,"{'type': 'Point', 'coordinates': [-87.664817119011, 42.008038447183]}",2026-09-02,Wednesday,9,Rogers Park 2,829.3,Rogers Park,ROGERS PARK
601884449,Air Pollution Work Order,4444 S CALIFORNIA AVE,4444,S,CALIFORNIA,AVE,84397.0,2026-09-02,,DEPT. OF PUBLIC HEALTH,Resolved,2026-09-03,41.81239827981287,-87.69447486161168,"{'type': 'Point', 'coordinates': [-87.694474861612, 41.812398279813]}",2026-09-02,Wednesday,9,Brighton Park 2,750.1,Brighton Park,"BRIGHTON PARK,MCKINLEY PARK"
601884479,Air Pollution Work Order,4315 W DICKENS AVE,4315,W,DICKENS,AVE,443615.0,2026-09-03,They are grinding bricks with no vacuum or water creating lots of dust. I have asthma and it’s affecting me badly.correct address is 4315 W Dickens&nbsp;SR26-01802733. for no tuckpointing permit,DEPT. OF PUBLIC HEALTH,Alleged violation founded,2026-09-04,41.918789716388815,-87.73459639308747,"{'type': 'Point', 'coordinates': [-87.734596393087, 41.918789716389]}",2026-09-03,Thursday,9,Hermosa 2,305.7,Hermosa,"BELMONT CRAIGIN,HERMOSA"
601884891,Air Pollution Work Order,8745 S ESSEX AVE,8745,S,ESSEX,AVE,10937.0,2026-09-03,STRONG CHEMICAL SMELL EMITS IN AREA FREQUENTLY AFFECTS BREATHING AND EYES -- NEAR89TH / ESSEX -- THERE IS AN INDUSTRIAL PLANT OR DUMP LOCAATION IN THE AREA -- DO NOT KNOW WHATLOCATION IT IS COMING FROM,DEPT. OF PUBLIC HEALTH,Alleged violation not found,2026-09-04,41.73582791443434,-87.56345817362178,"{'type': 'Point', 'coordinates': [-87.563458173622, 41.735827914434]}",2026-09-03,Thursday,9,Avalon Park 2,537.4,South Chicago,SOUTH CHICAGO
601884442,Air Pollution Work Order,6214 N NORMANDY AVE,6214,N,NORMANDY,AVE,376199.0,2026-09-03,Spraying chemicals into the air,DEPT. OF PUBLIC HEALTH,Alleged violation not found,2026-09-03,41.994173845452,-87.79347170913462,"{'type': 'Point', 'coordinates': [-87.793471709135, 41.994173845452]}",2026-09-03,Thursday,9,Norwood Park 2,575.7,Norwood Park,NORWOOD PARK
601884548,Air Pollution Work Order,2055 W PERSHING RD,2055,W,PERSHING,RD,417337.0,2026-09-03,,DEPT. OF PUBLIC HEALTH,Alleged violation not found,2026-09-03,41.822972765727336,-87.67702220737627,"{'type': 'Point', 'coordinates': [-87.677022207376, 41.822972765727]}",2026-09-03,Thursday,9,McKinley Park 2,815.1,New City,BACK OF THE YARDS
601885591,Air Pollution Work Order,2701 E 100TH ST,2701,E,100TH,ST,249349.0,2026-09-04,The smell was beyond horrible. Couldn’t even take trash out,DEPT. OF PUBLIC HEALTH,Complaint Valid,2026-09-08,41.71324291275156,-87.55803846897774,"{'type': 'Point', 'coordinates': [-87.558038468978, 41.713242912752]}",2026-09-04,Friday,9,South Deering 2,442.3,South Deering,SOUTHEAST SIDE
601884914,Air Pollution Work Order,1751 W BERTEAU AVE,1751,W,BERTEAU,AVE,376199.0,2026-09-04,,DEPT. OF PUBLIC HEALTH,Alleged violation not found,2026-09-09,41.95778443272529,-87.67271511750013,"{'type': 'Point', 'coordinates': [-87.6727151175, 41.957784432725]}",2026-09-04,Friday,9,Uptown 4,499.9,Lake View,LAKE VIEW
601885567,Air Pollution Work Order,4937 W GRACE ST,4937,W,GRACE,ST,3308.0,2026-09-05,PER CALLER- THERE ARE WORKERS TUCKPOINTING WITHOUT USING WATER TO MINIMIZE THE DUST.,DEPT. OF PUBLIC HEALTH,Resolved,2026-09-08,41.94961079394438,-87.75120232929874,"{'type': 'Point', 'coordinates': [-87.751202329299, 41.949610793944]}",2026-09-05,Saturday,9,Portage Park 3,532.3,Portage Park,PORTAGE PARK
601885639,Air Pollution Work Order,11269 S CHAMPLAIN AVE,11269,S,CHAMPLAIN,AVE,13776.0,2026-09-06,&nbsp;It smells like sardines outside all over the neighborhood,DEPT. OF PUBLIC HEALTH,Alleged violation not found,2026-09-08,41.6893090324253,-87.60698889970061,"{'type': 'Point', 'coordinates': [-87.606988899701, 41.689309032425]}",2026-09-06,Sunday,9,Pullman 4,380.6,Pullman,PULLMAN
601885669,Air Pollution Work Order,10625 S AVENUE J,10625,S,AVENUE J,,13776.0,2026-09-07,&nbsp;RESIDENTS AT LOCATION DOING BONFIRES IN THE BACKYARD ANDTHE SMOKE IS EMITTING IN THE AREA AFFECTING OTHER RESIDENTS BREATHING,DEPT. OF PUBLIC HEALTH,Alleged violation unfounded,2026-09-08,41.70196385686265,-87.53393425569135,"{'type': 'Point', 'coordinates': [-87.533934255691, 41.701963856863]}",2026-09-07,Monday,9,East Side 3,236.7,East Side,SOUTHEAST SIDE
601885523,Air Pollution Work Order,1915 N MOZART ST,1915,N,MOZART,ST,10937.0,2026-09-07,"Caller lives at 1913 N Mozart, states whenever they open the window they can smell a strong chemical smell coming fromthe next door apt.",DEPT. OF PUBLIC HEALTH,Alleged violation not found,2026-09-08,41.91615226657469,-87.69804445289132,"{'type': 'Point', 'coordinates': [-87.698044452891, 41.916152266575]}",2026-09-07,Monday,9,Logan Square 3,878.4,Logan Square,LOGAN SQUARE
601885664,Air Pollution Work Order,6649 S ARTESIAN AVE,6649,S,ARTESIAN,AVE,249349.0,2026-09-07,,DEPT. OF PUBLIC HEALTH,Alleged violation unfounded,2026-09-08,41.77233356381905,-87.68452839705901,"{'type': 'Point', 'coordinates': [-87.684528397059, 41.772333563819]}",2026-09-07,Monday,9,Chicago Lawn 2,575.3,Chicago Lawn,"MARQUETTE PARK,GAGE PARK"
601885547,Air Pollution Work Order,244 W 26TH ST,244,W,26TH,ST,437489.0,2026-09-07,"caller protests of business engaging of slaughtered poultry on a daily basis, which creates strong and persistent wastes and&nbsp;odor,",DEPT. OF PUBLIC HEALTH,Alleged violation founded,2026-09-09,41.84561065453665,-87.63361295661946,"{'type': 'Point', 'coordinates': [-87.633612956619, 41.845610654537]}",2026-09-07,Monday,9,Armour Square 2,642.7,Armour Square,"ARMOUR SQUARE,CHINATOWN"
601885581,Air Pollution Work Order,2225 W 18TH ST,2225,W,18TH,ST,417337.0,2026-09-07,&nbsp;Heavy smell of burning plastic on street- even smells indoors,DEPT. OF PUBLIC HEALTH,Alleged violation not found,2026-09-08,41.857483407381984,-87.68192896693546,"{'type': 'Point', 'coordinates': [-87.681928966935, 41.857483407382]}",2026-09-07,Monday,9,Lower West Side 1,652.3,Lower West Side,LOWER WEST SIDE
601886605,Air Pollution Work Order,3815 N GREENVIEW AVE,3815,N,GREENVIEW,AVE,437489.0,2026-09-08,caller says there is a burning chemical and plastic smell from a 2-3 block radius,DEPT. OF PUBLIC HEALTH,Alleged violation not found,2026-09-09,41.951152046670174,-87.6672703809054,"{'type': 'Point', 'coordinates': [-87.667270380905, 41.95115204667]}",2026-09-08,Tuesday,9,Lake View 1,497.3,Lake View,LAKE VIEW
601885556,Air Pollution Work Order,1020 W BELDEN AVE,1020,W,BELDEN,AVE,376199.0,2026-09-08,DePaul construction site - four large trucks parked w motorsrunning,DEPT. OF PUBLIC HEALTH,Alleged violation not found,2026-09-09,41.9236484397037,-87.6544506106434,"{'type': 'Point', 'coordinates': [-87.654450610643, 41.923648439704]}",2026-09-08,Tuesday,9,Lincoln Park 1,233.4,Sheffield & DePaul,SHEFFIELD & DEPAUL
601886578,Air Pollution Work Order,4311 W 47TH ST,4311,W,47TH,ST,3308.0,2026-09-08,No tarp Dust containment violation Tuckpointing work being performed last week and this week without a tarp orcontainment system,DEPT. OF PUBLIC HEALTH,Resolved,2026-09-09,41.80766199360051,-87.73148027311129,"{'type': 'Point', 'coordinates': [-87.731480273111, 41.807661993601]}",2026-09-08,Tuesday,9,Archer Heights 4,732.4,Archer Heights,"ARCHER HEIGHTS,WEST ELSDON"
601886708,Air Pollution Work Order,1348 N CICERO AVE,1348,N,CICERO,AVE,417337.0,2026-09-08,Owner using some type of chemicals in home. watering down outside of property daily and smell takes over the,DEPT. OF PUBLIC HEALTH,Alleged violation not found,2026-09-09,41.90560174290119,-87.7461780049904,"{'type': 'Point', 'coordinates': [-87.74617800499, 41.905601742901]}",2026-09-08,Tuesday,9,Austin 2,594.1,Austin,AUSTIN
601885531,Air Pollution Work Order,215 N ABERDEEN ST,215,N,ABERDEEN,ST,437489.0,2026-09-08,&nbsp;in parking garage,DEPT. OF PUBLIC HEALTH,Resolved,2026-09-09,41.88605889026508,-87.65433939379685,"{'type': 'Point', 'coordinates': [-87.654339393797, 41.886058890265]}",2026-09-08,Tuesday,9,Near West Side 3,549.2,West Loop,WEST LOOP
601886622,Air Pollution Work Order,3233 N SHEFFIELD AVE,3233,N,SHEFFIELD,AVE,379542.0,2026-09-08,Dust is coming out into the street,DEPT. OF PUBLIC HEALTH,Resolved,2026-09-14,41.94091459435192,-87.65399074992327,"{'type': 'Point', 'coordinates': [-87.653990749923, 41.940914594352]}",2026-09-08,Tuesday,9,Lake View 4,650.6,Lake View,LAKE VIEW
601886553,Air Pollution Work Order,5319 S AVERS AVE,5319,S,AVERS,AVE,425726.0,2026-09-08,,DEPT. OF PUBLIC HEALTH,Resolved,2026-09-09,41.79633497927532,-87.71942354110139,"{'type': 'Point', 'coordinates': [-87.719423541101, 41.796334979275]}",2026-09-08,Tuesday,9,Archer Heights 3,705.7,West Elsdon,"ARCHER HEIGHTS,WEST ELSDON"
601885620,Air Pollution Work Order,3639 S HOYNE AVE,3639,S,HOYNE,AVE,417337.0,2026-09-08,Strong odor of asphalt coming across the park down into the residential area. Can smell it in front of my house at 3642 Description:Hoyne. Wind coming slightly from the south which is why I suggest is coming from mat asphalt,DEPT. OF PUBLIC HEALTH,Alleged violation not found,2026-09-08,41.82737414953037,-87.6774932981075,"{'type': 'Point', 'coordinates': [-87.677493298107, 41.82737414953]}",2026-09-08,Tuesday,9,McKinley Park 2,673.4,Mckinley Park,"BRIGHTON PARK,MCKINLEY PARK"
601886530,Air Pollution Work Order,8028 S STEWART AVE,8028,S,STEWART,AVE,470070.0,2026-09-09,&nbsp;It smells like something is decaying. It's been there on and off for weeks. I'm assuming it's coming from a sewer in that&nbsp;intersection.,DEPT. OF PUBLIC HEALTH,Referred to another agency,2026-09-09,41.74807714523023,-87.63437514953561,"{'type': 'Point', 'coordinates': [-87.634375149536, 41.74807714523]}",2026-09-09,Wednesday,9,Greater Grand Crossing 6,409.0,Chatham,"CHATHAM,BURNSIDE"
601887313,Air Pollution Work Order,2701 E 100TH ST,2701,E,100TH,ST,249349.0,2026-09-09,The smell was light most of the day but is extremely strong at 8:45pm,DEPT. OF PUBLIC HEALTH,Complaint Valid,2026-09-10,41.71324291275156,-87.55803846897774,"{'type': 'Point', 'coordinates': [-87.558038468978, 41.713242912752]}",2026-09-09,Wednesday,9,South Deering 2,442.3,South Deering,SOUTHEAST SIDE
601887668,Air Pollution Work Order,5913 N KILBOURN AVE,5913,N,KILBOURN,AVE,417325.0,2026-09-10,PER CALLER THE NEIGHBOR IS GUTTING A BUILDING AND THEY ARE TOSSING THE DEBRIS OUT OF THE WINDOW. THE DEBRIS &amp; BROWN DUST/MIST IS GETTING ALL OVER THE CALLER'S VEHICLE AND ON THE STREET/ SIDEWALK,DEPT. OF PUBLIC HEALTH,Alleged violation not found,2026-09-11,41.98857018782712,-87.7406084166526,"{'type': 'Point', 'coordinates': [-87.740608416653, 41.988570187827]}",2026-09-10,Thursday,9,Forest Glen 3,329.2,"Sauganash,Forest Glen","SAUGANASH,FOREST GLEN"
601887581,Air Pollution Work Order,2725 N CLARK ST,2725,N,CLARK,ST,249349.0,2026-09-10,Not my business. Simply an employee complaining. This has been ongoing since August 23 and remains unresolveddespite being reported internally.,DEPT. OF PUBLIC HEALTH,Refer to Building Dept,2026-09-11,41.93207843502248,-87.64454700893617,"{'type': 'Point', 'coordinates': [-87.644547008936, 41.932078435022]}",2026-09-10,Thursday,9,Lake View 3,743.0,Lincoln Park,LINCOLN PARK
601887322,Air Pollution Work Order,2701 E 100TH ST,2701,E,100TH,ST,249349.0,2026-09-10,FOUL SMELL ALL ACROSS THE NEIGHBORHOOD** SMELLS LIKE DEAD ANIMALS... USING OLD OIL,DEPT. OF PUBLIC HEALTH,Complaint Valid,2026-09-10,41.71324291275156,-87.55803846897774,"{'type': 'Point', 'coordinates': [-87.558038468978, 41.713242912752]}",2026-09-10,Thursday,9,South Deering 2,442.3,South Deering,SOUTHEAST SIDE
601887666,Air Pollution Work Order,6234 N LEADER AVE,6234,N,LEADER,AVE,437489.0,2026-09-10,,DEPT. OF PUBLIC HEALTH,Referred to another agency,2026-09-11,41.99394458482544,-87.75226862612703,"{'type': 'Point', 'coordinates': [-87.752268626127, 41.993944584825]}",2026-09-10,Thursday,9,Forest Glen 3,814.5,"Sauganash,Forest Glen","SAUGANASH,FOREST GLEN"
601887681,Air Pollution Work Order,7434 N OAKLEY AVE,7434,N,OAKLEY,AVE,437489.0,2026-09-10,Surrounding air smells like feces during the night time. Terrible air quality!Northside Metropolitan Water Reclamation,DEPT. OF PUBLIC HEALTH,Alleged violation not found,2026-09-11,42.01665574315133,-87.68766104383525,"{'type': 'Point', 'coordinates': [-87.687661043835, 42.016655743151]}",2026-09-10,Thursday,9,West Ridge 2,182.0,West Ridge,WEST RIDGE
601887328,Air Pollution Work Order,4517 S LEAMINGTON AVE,4517,S,LEAMINGTON,AVE,10937.0,2026-09-10,The smell is coming in from outside possibly the sewer into the homes,DEPT. OF PUBLIC HEALTH,Alleged violation not found,2026-09-10,41.81061979490024,-87.75165280841897,"{'type': 'Point', 'coordinates': [-87.751652808419, 41.8106197949]}",2026-09-10,Thursday,9,Garfield Ridge 1,1219.3,Garfield Ridge,MIDWAY AIRPORT
601887312,Air Pollution Work Order,3010 N OAKLEY AVE,3010,N,OAKLEY,AVE,443615.0,2026-09-10,"TEARING DOWN A CONSTRUCTION PROPERTY, IN A RESIDENTIAL AREA, NOT USING WATER, DUSTEVERYWHERE",DEPT. OF PUBLIC HEALTH,Resolved,2026-09-10,41.93620008573786,-87.68569771691465,"{'type': 'Point', 'coordinates': [-87.685697716915, 41.936200085738]}",2026-09-10,Thursday,9,Avondale 2,452.0,North Center,NORTH CENTER
601888610,Air Pollution Work Order,5035 S EAST END AVE,5035,S,EAST END,AVE,129151.0,2026-09-11,"There is a diesel generator that runs all day and night. I can smell the emissions from a block away. This is a highlypopulated section of the city, right next to a a park. This needs to be moved to a more desirable location if it cannot be eliminated",DEPT. OF PUBLIC HEALTH,Resolved,2026-09-14,41.80331559060245,-87.58528741810433,"{'type': 'Point', 'coordinates': [-87.585287418104, 41.803315590602]}",2026-09-11,Friday,9,Hyde Park 2,443.4,Kenwood,"KENWOOD,OAKLAND"
601889185,Air Pollution Work Order,3049 N NEENAH AVE,3049,N,NEENAH,AVE,249349.0,2026-09-11,Resident is painting cars,DEPT. OF PUBLIC HEALTH,Alleged violation not found,2026-09-14,41.93606520892328,-87.78937636260927,"{'type': 'Point', 'coordinates': [-87.789376362609, 41.936065208923]}",2026-09-11,Friday,9,Belmont Cragin 1,711.1,Belmont Cragin,"BELMONT CRAGIN,HERMOSA"
601889237,Air Pollution Work Order,2200 W WINONA ST,2200,W,WINONA,ST,376199.0,2026-09-11,,DEPT. OF PUBLIC HEALTH,Alleged violation not found,2026-09-14,41.97509634669271,-87.68438176906204,"{'type': 'Point', 'coordinates': [-87.684381769062, 41.975096346693]}",2026-09-11,Friday,9,Lincoln Square 1,476.3,Lincoln Square,LINCOLN SQUARE
601888610,Air Pollution Work Order,5035 S EAST END AVE,5035,S,EAST END,AVE,129151.0,2026-09-11,"There is a diesel generator that runs all day and night. I can smell the emissions from a block away. This is a highlypopulated section of the city, right next to a a park. This needs to be moved to a more desirable location if it cannot be eliminated",DEPT. OF PUBLIC HEALTH,Resolved,2026-09-14,41.80331559060245,-87.58528741810433,"{'type': 'Point', 'coordinates': [-87.585287418104, 41.803315590602]}",2026-09-11,Friday,9,Hyde Park 2,443.4,Kenwood,"KENWOOD,OAKLAND"
601892189,Air Pollution Work Order,2701 E 100TH ST,2701,E,100TH,ST,10937.0,2026-09-12,PER CALLER IT IS A FISH AND SULFUR ODOR,DEPT. OF PUBLIC HEALTH,Alleged violation founded,2026-09-14,41.71324291275156,-87.55803846897774,"{'type': 'Point', 'coordinates': [-87.558038468978, 41.713242912752]}",2026-09-12,Saturday,9,South Deering 2,442.3,South Deering,SOUTHEAST SIDE
601888518,Air Pollution Work Order,10003 S ESCANABA AVE,10003,S,ESCANABA,AVE,10937.0,2026-09-12,,DEPT. OF PUBLIC HEALTH,Alleged violation founded,2026-09-14,41.71323870132513,-87.55355366316583,"{'type': 'Point', 'coordinates': [-87.553553663166, 41.713238701325]}",2026-09-12,Saturday,9,South Deering 2,73.6,South Deering,SOUTHEAST SIDE
601888555,Air Pollution Work Order,6224 N WASHTENAW AVE,6224,N,WASHTENAW,AVE,249349.0,2026-09-12,PAITNING CARS AND RELEASING FUMES IN THE AIR,DEPT. OF PUBLIC HEALTH,Complaint Valid,2026-09-14,41.99476402521231,-87.69725215842124,"{'type': 'Point', 'coordinates': [-87.697252158421, 41.994764025212]}",2026-09-12,Saturday,9,West Ridge 4,823.0,West Ridge,WEST RIDGE
601888567,Air Pollution Work Order,6224 N WASHTENAW AVE,6224,N,WASHTENAW,AVE,249349.0,2026-09-12,DAILY ISSUE - PAINTING VEHICLES IN THE OPEN AIR IN THE REAR OF THE PROPERTY - 8AM-6PM ORUNTIL IT STARTS TO GET DARK OUTSIDE - FUMES EMITTING IN THE AREA,DEPT. OF PUBLIC HEALTH,Complaint Valid,2026-09-14,41.99476402521231,-87.69725215842124,"{'type': 'Point', 'coordinates': [-87.697252158421, 41.994764025212]}",2026-09-12,Saturday,9,West Ridge 4,823.0,West Ridge,WEST RIDGE
601889255,Air Pollution Work Order,3627 N PACIFIC AVE,3627,N,PACIFIC,AVE,3308.0,2026-09-12,,DEPT. OF PUBLIC HEALTH,Alleged violation not found,2026-09-15,41.94585321467841,-87.82658650266772,"{'type': 'Point', 'coordinates': [-87.826586502668, 41.945853214678]}",2026-09-12,Saturday,9,Dunning 1,811.4,Dunning,DUNNING
601888541,Air Pollution Work Order,7214 N OLCOTT AVE,7214,N,OLCOTT,AVE,3308.0,2026-09-12,,DEPT. OF PUBLIC HEALTH,Complaint Valid,2026-09-14,42.01200861478451,-87.81409184755513,"{'type': 'Point', 'coordinates': [-87.814091847555, 42.012008614785]}",2026-09-12,Saturday,9,Edison Park 1,590.2,Edison Park,EDISON PARK
601888528,Air Pollution Work Order,9966 S COMMERCIAL AVE,9966,S,COMMERCIAL,AVE,10937.0,2026-09-12,FREQUENT ISSUE STRONG SMELL COMING FROM COMMERCIAL/INDUSTRIAL BLDG -- SMELLS LIKESOMETHING DEAD/ROTTEN EMITTING THROUGH AREA FOR SEVEAL BLOCKS - RESIDENTS CAN'T OPEN THEIRWINDOWS,DEPT. OF PUBLIC HEALTH,Alleged violation founded,2026-09-14,41.71349331004795,-87.55109074017562,"{'type': 'Point', 'coordinates': [-87.551090740176, 41.713493310048]}",2026-09-12,Saturday,9,South Deering 2,135.1,South Deering,SOUTHEAST SIDE
601889276,Air Pollution Work Order,4344 S KOMENSKY AVE,4344,S,KOMENSKY,AVE,443615.0,2026-09-13,"The sanitation canal that runs along the Stevenson expressway in Archer Heights has awful odorswafting in to the residential areas of the neighborhood everynight and you can smell the sulfurs, rottensmells from 10pm on",DEPT. OF PUBLIC HEALTH,Alleged violation not found,2026-09-15,41.813833819291645,-87.725178533832,"{'type': 'Point', 'coordinates': [-87.725178533832, 41.813833819292]}",2026-09-13,Sunday,9,Archer Heights 2,462.2,Archer Heights,"ARCHER HEIGHTS,WEST ELSDON"
601889279,Air Pollution Work Order,4349 S CHRISTIANA AVE,4349,S,CHRISTIANA,AVE,443615.0,2026-09-13,Sewer smells outside and inside starting at night. 10PM is very bad.,DEPT. OF PUBLIC HEALTH,Alleged violation not found,2026-09-15,41.81394528256947,-87.7077339102078,"{'type': 'Point', 'coordinates': [-87.707733910208, 41.813945282569]}",2026-09-13,Sunday,9,Brighton Park 3,395.8,Brighton Park,"BRIGHTON PARK,MCKINLEY PARK"
601889287,Air Pollution Work Order,4815 S WABASH AVE,4815,S,WABASH,AVE,417325.0,2026-09-13,2ND FL RESIDENTS AT LOCATION - FREQUENT ISSUE BURNING WOOD IN THE BACKYARD FROM TREETHAT WAS CUT DOWN -- SMOKE IS EMITTING THROUGHOUT THE AREA INTO OTHER RESIDENTS PROPERTIES,DEPT. OF PUBLIC HEALTH,Alleged violation not found,2026-09-14,41.806956683095954,-87.62424747797937,"{'type': 'Point', 'coordinates': [-87.624247477979, 41.806956683096]}",2026-09-13,Sunday,9,Grand Boulevard 2,684.5,Grand Boulevard,BRONZEVILLE
601888597,Air Pollution Work Order,5400 S KILPATRICK AVE,5400,S,KILPATRICK,AVE,84397.0,2026-09-13,This isn’t the first time this smell has appeared. It appeared again today after 3pm. Crazy how strong this odor is. It’s in myhouse now.,DEPT. OF PUBLIC HEALTH,Alleged violation unfounded,2026-09-14,41.79471493155111,-87.74051108913716,"{'type': 'Point', 'coordinates': [-87.740511089137, 41.794714931551]}",2026-09-13,Sunday,9,West Elsdon 1,576.8,Garfield Ridge,MIDWAY AIRPORT
601889297,Air Pollution Work Order,10002 S TORRENCE AVE,10002,S,TORRENCE,AVE,10937.0,2026-09-14,,DEPT. OF PUBLIC HEALTH,Alleged violation founded,2026-09-15,41.71332321880152,-87.5598940526423,"{'type': 'Point', 'coordinates': [-87.559894052642, 41.713323218802]}",2026-09-14,Monday,9,South Deering 2,595.8,South Deering,SOUTHEAST SIDE
601889408,Air Pollution Work Order,9859 S MUSKEGON AVE,9859,S,MUSKEGON,AVE,10937.0,2026-09-14,,DEPT. OF PUBLIC HEALTH,Alleged violation founded,2026-09-15,41.71553714132895,-87.55496835776317,"{'type': 'Point', 'coordinates': [-87.554968357763, 41.715537141329]}",2026-09-14,Monday,9,South Deering 2,296.9,South Deering,SOUTHEAST SIDE
601889411,Air Pollution Work Order,9634 S CRANDON AVE,9634,S,CRANDON,AVE,10937.0,2026-09-14,,DEPT. OF PUBLIC HEALTH,Alleged violation founded,2026-09-15,41.720278838012966,-87.56701929710455,"{'type': 'Point', 'coordinates': [-87.567019297105, 41.720278838013]}",2026-09-14,Monday,9,Calumet Heights 2,659.4,South Deering,SOUTHEAST SIDE
601889410,Air Pollution Work Order,9686 S OGLESBY AVE,9686,S,OGLESBY,AVE,10937.0,2026-09-14,The smell is permeating throughout the neighborhood,DEPT. OF PUBLIC HEALTH,Alleged violation founded,2026-09-15,41.718901218933176,-87.56625809218097,"{'type': 'Point', 'coordinates': [-87.566258092181, 41.718901218933]}",2026-09-14,Monday,9,South Deering 1,639.3,South Deering,SOUTHEAST SIDE
601890237,Air Pollution Work Order,715 W 82ND ST,715,W,82ND,ST,13776.0,2026-09-15,,DEPT. OF PUBLIC HEALTH,Alleged violation not found,2026-09-16,41.74512040414494,-87.64222927986208,"{'type': 'Point', 'coordinates': [-87.642229279862, 41.745120404145]}",2026-09-15,Tuesday,9,Auburn Gresham 3,805.9,Auburn Gresham,AUBURN GRESHAM
601890236,Air Pollution Work Order,715 W KINZIE ST,715,W,KINZIE,ST,249349.0,2026-09-15,,DEPT. OF PUBLIC HEALTH,Refer to StreetsSanitation,2026-09-16,41.88895328454433,-87.64641296129479,"{'type': 'Point', 'coordinates': [-87.646412961295, 41.888953284544]}",2026-09-15,Tuesday,9,West Town 3,927.1,West Town,"WICKER PARK,WEST TOWN"
601889973,Air Pollution Work Order,3220 W POTOMAC AVE,3220,W,POTOMAC,AVE,437489.0,2026-09-15,There is a very strong odor of sulfur/rotten eggs outside. It's especially strong in the mornings and lingers in the areathroughout the day. There's no known active construction but the outside water pipes were worked on earlier this year,DEPT. OF PUBLIC HEALTH,Alleged violation not found,2026-09-16,41.904765890609205,-87.70773072688011,"{'type': 'Point', 'coordinates': [-87.70773072688, 41.904765890609]}",2026-09-15,Tuesday,9,Humboldt Park 2,952.6,Humboldt Park,HUMBOLDT PARK
601889739,Air Pollution Work Order,2055 W PERSHING RD,2055,W,PERSHING,RD,417337.0,2026-09-15,At 8:02am I walk to McKinley Park on 37th Street and smell a strong asphalt odor at Damen and 37th. This companycontinues to pollute and the City of Chicago doesn’t care. It’s time to inspect them DOE!!! Do your job!,DEPT. OF PUBLIC HEALTH,Alleged violation founded,2026-09-15,41.822972765727336,-87.67702220737627,"{'type': 'Point', 'coordinates': [-87.677022207376, 41.822972765727]}",2026-09-15,Tuesday,9,McKinley Park 2,815.1,New City,BACK OF THE YARDS
601889945,Air Pollution Work Order,3522 W DIVERSEY AVE,3522,W,DIVERSEY,AVE,379542.0,2026-09-15,,DEPT. OF PUBLIC HEALTH,Resolved,2026-09-16,41.93203605187705,-87.71574392225877,"{'type': 'Point', 'coordinates': [-87.715743922259, 41.932036051877]}",2026-09-15,Tuesday,9,Logan Square 1,375.7,Avondale,"IRVING PARK,AVONDALE"
601890551,Air Pollution Work Order,8005 S VINCENNES AVE,8005,S,VINCENNES,AVE,470070.0,2026-09-16,SUPER FOUL SEWAGE ODOR COMING FROM PROPERTY... CAUSING NEIGHBOR'S TO BECOMEVIOLENTLY ILL***,DEPT. OF PUBLIC HEALTH,Referred to another agency,2026-09-17,41.748729350971445,-87.63460151903115,"{'type': 'Point', 'coordinates': [-87.634601519031, 41.748729350971]}",2026-09-16,Wednesday,9,Greater Grand Crossing 6,335.1,Chatham,"CHATHAM,BURNSIDE"
601890623,Air Pollution Work Order,2331 S RACINE AVE,2331,S,RACINE,AVE,249349.0,2026-09-16,Smoke coming out from stacks,DEPT. OF PUBLIC HEALTH,Alleged violation not found,2026-09-17,41.85029662154192,-87.65601062698916,"{'type': 'Point', 'coordinates': [-87.656010626989, 41.850296621542]}",2026-09-16,Wednesday,9,Lower West Side 3,446.3,Lower West Side,LOWER WEST SIDE
601890548,Air Pollution Work Order,8257 S COMMERCIAL AVE,8257,S,COMMERCIAL,AVE,13776.0,2026-09-16,,DEPT. OF PUBLIC HEALTH,Alleged violation not found,2026-09-17,41.74476454445232,-87.55127418059926,"{'type': 'Point', 'coordinates': [-87.551274180599, 41.744764544452]}",2026-09-16,Wednesday,9,South Chicago 4,690.7,South Chicago,SOUTH CHICAGO
601896491,Air Pollution Work Order,520 S STATE ST,520,S,STATE,ST,417337.0,2026-09-16,,DEPT. OF PUBLIC HEALTH,Alleged violation not found,2026-09-16,41.87524726840689,-87.62776718558034,"{'type': 'Point', 'coordinates': [-87.62776718558, 41.875247268407]}",2026-09-16,Wednesday,9,Loop 2,976.9,Loop,LOOP
601891055,Air Pollution Work Order,2858 N CICERO AVE,2858,N,CICERO,AVE,437489.0,2026-09-17,"Thank you to Inspector Foreman and DOE for investigating Tire Zone, Supplemental evidence: On 08/28/2026 (&lt;24hrsafter NOV E000044136), a worker used an air compressor hose to blast tire debris toward my home. They now avoid camera view",DEPT. OF PUBLIC HEALTH,Alleged violation founded,2026-09-22,41.93330625514407,-87.74681223340016,"{'type': 'Point', 'coordinates': [-87.7468122334, 41.933306255144]}",2026-09-17,Thursday,9,Belmont Cragin 3,681.4,Belmont Cragin,"BELMONT CRAGIN,HERMOSA"
601891047,Air Pollution Work Order,2858 N CICERO AVE,2858,N,CICERO,AVE,437489.0,2026-09-17,"Supplemental evidence for DOE Citation NOV E000044136 / BACP Referral SR#26-01744222: On 09/01/2026, TireZone was again captured operating with open rear garage bay doors facing the alley.",DEPT. OF PUBLIC HEALTH,Alleged violation founded,2026-09-22,41.93330625514407,-87.74681223340016,"{'type': 'Point', 'coordinates': [-87.7468122334, 41.933306255144]}",2026-09-17,Thursday,9,Belmont Cragin 3,681.4,Belmont Cragin,"BELMONT CRAGIN,HERMOSA"
601891793,Air Pollution Work Order,8221 S VERNON AVE,8221,S,VERNON,AVE,470070.0,2026-09-18,She states that they were working on Wednesday on the sewer area and now there is a sewage smell in the basement,DEPT. OF PUBLIC HEALTH,Resolved,2026-09-21,41.74502982407244,-87.61339790764498,"{'type': 'Point', 'coordinates': [-87.613397907645, 41.745029824072]}",2026-09-18,Friday,9,Chatham 1,866.4,Chatham,"CHATHAM,BURNSIDE"
601891565,Air Pollution Work Order,4046 N LOWELL AVE,4046,N,LOWELL,AVE,417337.0,2026-09-18,PER CALLER WAS CLEANING OUT MOLD FROM THEIR PROPERTY AND ACCIDENTLY MIXED/ SPILLEDBLEACH AND AMMONIA IN THE GARBAGE CARTS AND THERE IS A STRONG EYE BURNING CHEMICAL ODOR THATIS BURNING AND ITCHING THE EYES OF THE RESIDENTS IN THE COMMUNITY,DEPT. OF PUBLIC HEALTH,Alleged violation not found,2026-09-21,41.95493559345594,-87.73699039437001,"{'type': 'Point', 'coordinates': [-87.73699039437, 41.954935593456]}",2026-09-18,Friday,9,Portage Park 3,914.7,Irving Park,"IRVING PARK,AVONDALE"
601891580,Air Pollution Work Order,2424 E 103RD ST,2424,E,103RD,ST,13776.0,2026-09-18,,DEPT. OF PUBLIC HEALTH,Alleged violation not found,2026-09-21,41.70821181068749,-87.56457432822104,"{'type': 'Point', 'coordinates': [-87.564574328221, 41.708211810687]}",2026-09-18,Friday,9,South Deering 1,742.9,South Deering,SOUTHEAST SIDE
601891575,Air Pollution Work Order,2464 N CLARK ST,2464,N,CLARK,ST,249349.0,2026-09-20,STRONG ODORS EMITTING FROM THE RESTAURANT EXHAUST INTO THE AIR AND INTO OTHER RESIDENTS HOMES/APTS EVERYDAY,DEPT. OF PUBLIC HEALTH,Alleged violation not found,2026-09-21,41.927151434559896,-87.64157936056027,"{'type': 'Point', 'coordinates': [-87.64157936056, 41.92715143456]}",2026-09-20,Sunday,9,Lincoln Park 2,742.2,Lincoln Park,LINCOLN PARK
601892464,Air Pollution Work Order,6942 W BELMONT AVE,6942,W,BELMONT,AVE,437489.0,2026-09-21,EUROPEAN HAIR CARE,DEPT. OF PUBLIC HEALTH,Refer to Building Dept,2026-09-22,41.93820590418575,-87.79993170591958,"{'type': 'Point', 'coordinates': [-87.79993170592, 41.938205904186]}",2026-09-21,Monday,9,Montclare 1,273.5,Dunning,DUNNING
601892479,Air Pollution Work Order,1713 N MARSHFIELD AVE,1713,N,MARSHFIELD,AVE,10937.0,2026-09-21,"I have noticed a strong chemical-like odor outside for the past few months. It does not occur every day, but happens aboutonce a week. It permeates inside when windows are open.",DEPT. OF PUBLIC HEALTH,Alleged violation not found,2026-09-23,41.91286833337231,-87.66882797676176,"{'type': 'Point', 'coordinates': [-87.668827976762, 41.912868333372]}",2026-09-21,Monday,9,West Town 2,614.7,Wicker Park,"WICKER PARK,WEST TOWN"
601892466,Air Pollution Work Order,5035 S EAST END AVE,5035,S,EAST END,AVE,443615.0,2026-09-21,,DEPT. OF PUBLIC HEALTH,Refer to Building Dept,2026-09-22,41.80331559060245,-87.58528741810433,"{'type': 'Point', 'coordinates': [-87.585287418104, 41.803315590602]}",2026-09-21,Monday,9,Hyde Park 2,443.4,Kenwood,"KENWOOD,OAKLAND"
601892486,Air Pollution Work Order,1620 W MEDILL AVE,1620,W,MEDILL,AVE,3308.0,2026-09-21,"&nbsp;Strong garbage smell coming from business, storm water collection infrastructure is often full of foul smelling mud andgrime. I’ve seen trackout on the road from industrial vehicles.",DEPT. OF PUBLIC HEALTH,Resolved,2026-09-22,41.92425203401902,-87.66897616754042,"{'type': 'Point', 'coordinates': [-87.66897616754, 41.924252034019]}",2026-09-21,Monday,9,Logan Square 2,383.6,Lincoln Park,LINCOLN PARK
601893237,Air Pollution Work Order,2858 N CICERO AVE,2858,N,CICERO,AVE,437489.0,2026-09-22,"Tire ZoneWorker ""1"" cleaning the shop with an air compressor",DEPT. OF PUBLIC HEALTH,Alleged violation founded,2026-09-22,41.93330625514407,-87.74681223340016,"{'type': 'Point', 'coordinates': [-87.7468122334, 41.933306255144]}",2026-09-22,Tuesday,9,Belmont Cragin 3,681.4,Belmont Cragin,"BELMONT CRAGIN,HERMOSA"
601893232,Air Pollution Work Order,1602 W GRANVILLE AVE,1602,W,GRANVILLE,AVE,249349.0,2026-09-22,Our tenants are complaining about a strong asphalt odor that is lingering in the air.,DEPT. OF PUBLIC HEALTH,Complaint Valid,2026-09-23,41.99454691274845,-87.67032145630179,"{'type': 'Point', 'coordinates': [-87.670321456302, 41.994546912748]}",2026-09-22,Tuesday,9,Edgewater 1,605.5,Edgewater,EDGEWATER
601893247,Air Pollution Work Order,2858 N CICERO AVE,2858,N,CICERO,AVE,437489.0,2026-09-22,"Work ""2""cleaning shop debris with air compressor, approx 20 feet from my windows",DEPT. OF PUBLIC HEALTH,Alleged violation founded,2026-09-22,41.93330625514407,-87.74681223340016,"{'type': 'Point', 'coordinates': [-87.7468122334, 41.933306255144]}",2026-09-22,Tuesday,9,Belmont Cragin 3,681.4,Belmont Cragin,"BELMONT CRAGIN,HERMOSA"
601893184,Air Pollution Work Order,456 E ILLINOIS ST,456,E,ILLINOIS,ST,437489.0,2026-09-23,"I want to report a dangerously hot, poorly ventilated downtown parking garage,as parking garages are legally required to maintain functioning mechanical ventilation to prevent the toxic buildup of carbon monoxide. The extreme heat is combined with stagnant air,it constitutes a public health hazard.The parking garage has big fans that rarely turn on to ventilate.Laz parking/One Bennett luxury condos&nbsp;",DEPT. OF PUBLIC HEALTH,Refer to Building Dept,2026-09-23,41.8912006673897,-87.61551977822803,"{'type': 'Point', 'coordinates': [-87.615519778228, 41.89120066739]}",2026-09-23,Wednesday,9,Near North Side 3,522.7,Streeterville,STREETERVILLE
601893603,Air Pollution Work Order,3300 N OZANAM AVE,3300,N,OZANAM,AVE,3308.0,2026-09-23,Per caller- around smells often of a chicela,DEPT. OF PUBLIC HEALTH,Alleged violation not found,2026-09-24,41.93960396415319,-87.82162320204772,"{'type': 'Point', 'coordinates': [-87.821623202048, 41.939603964153]}",2026-09-23,Wednesday,9,Dunning 2,1151.1,Dunning,DUNNING
601893605,Air Pollution Work Order,3300 N OZANAM AVE,3300,N,OZANAM,AVE,3308.0,2026-09-23,Per caller- around smells often of a chicela,DEPT. OF PUBLIC HEALTH,Resolved,2206-09-24,41.93960396415319,-87.82162320204772,"{'type': 'Point', 'coordinates': [-87.821623202048, 41.939603964153]}",2026-09-23,Wednesday,9,Dunning 2,1151.1,Dunning,DUNNING
601893613,Air Pollution Work Order,2301 S PAULINA ST,2301,S,PAULINA,ST,129151.0,2026-09-23,THE TRUCKS THAT GO IN AND OUT OF THE YARD HAS DIRT ALL OVER THE NEIGHBORHOOD AND INTHE AIR . ALL OVER THE CARS ETC. KIDS ARE BREATHING THIS DUST IN THE SCHOOL. THEY ARE NOT USINGWATER AT ALL/,DEPT. OF PUBLIC HEALTH,Resolved,2026-09-26,41.8503679036907,-87.66828682994588,"{'type': 'Point', 'coordinates': [-87.668286829946, 41.850367903691]}",2026-09-23,Wednesday,9,Lower West Side 2,297.4,Lower West Side,LOWER WEST SIDE
601893618,Air Pollution Work Order,2150 E 79TH ST,2150,E,79TH,ST,425726.0,2026-09-23,,DEPT. OF PUBLIC HEALTH,Resolved,2026-09-24,41.75177320331363,-87.5715070347143,"{'type': 'Point', 'coordinates': [-87.571507034714, 41.751773203314]}",2026-09-23,Wednesday,9,South Chicago 1,208.4,South Shore,"SOUTH SHORE, GRAND CROSSING"
601896496,Air Pollution Work Order,520 S STATE ST,520,S,STATE,ST,417337.0,2026-09-23,,DEPT. OF PUBLIC HEALTH,Alleged violation founded,2026-09-23,41.87524726840689,-87.62776718558034,"{'type': 'Point', 'coordinates': [-87.62776718558, 41.875247268407]}",2026-09-23,Wednesday,9,Loop 2,976.9,Loop,LOOP
601893221,Air Pollution Work Order,3850 W BELDEN AVE,3850,W,BELDEN,AVE,443615.0,2026-09-23,THE CALLER STATED ITS THE SMELL OF GAS ON THE STREET,DEPT. OF PUBLIC HEALTH,Alleged violation not found,2026-09-22,41.92279702382564,-87.72390206044216,"{'type': 'Point', 'coordinates': [-87.723902060442, 41.922797023826]}",2026-09-23,Wednesday,9,Logan Square 4,850.9,Logan Square,LOGAN SQUARE
601893905,Air Pollution Work Order,1750 W 19TH ST,1750,W,19TH,ST,443615.0,2026-09-24,"Residential construction with visible drift of substance, we can smell it. Right by a park where children play. Old residence may have toxic materials if they are doing demolition. This is on 19th St, just east of the 19th and Wood intersection. I did not want to approach to get exact address I'm outside with my child, but there is currently a small excavator truck parked right outside.",DEPT. OF PUBLIC HEALTH,Alleged violation not found,2026-09-25,41.85601822769922,-87.67066373937688,"{'type': 'Point', 'coordinates': [-87.670663739377, 41.856018227699]}",2026-09-24,Thursday,9,Lower West Side 2,363.1,Lower West Side,LOWER WEST SIDE
601894612,Air Pollution Work Order,1649 W FARWELL AVE,1649,W,FARWELL,AVE,3308.0,2026-09-24,Neighbor at 1649 W. Farwell Ave. burns wood in an outdoor fire pit nearly every night. Smoke enters my adjacent condo and makes it difficult for me and my dog to breathe. Please investigate whether the fire pit complies with Chicago fire and open-burning,DEPT. OF PUBLIC HEALTH,Complaint Valid,2026-09-25,42.0064757836113,-87.67186803350705,"{'type': 'Point', 'coordinates': [-87.671868033507, 42.006475783611]}",2026-09-24,Thursday,9,Rogers Park 2,409.0,Rogers Park,ROGERS PARK
601894588,Air Pollution Work Order,11700 S MARSHFIELD AVE,11700,S,MARSHFIELD,AVE,470070.0,2026-09-24,,DEPT. OF PUBLIC HEALTH,Referred to another agency,2026-09-25,41.681275239495406,-87.66261734813614,"{'type': 'Point', 'coordinates': [-87.662617348136, 41.681275239495]}",2026-09-24,Thursday,9,West Pullman 1,930.4,Morgan Park,"MOUNT GREENWOOD,MORGAN PARK"
601894675,Air Pollution Work Order,6715 S SOUTH CHICAGO AVE,6715,S,SOUTH CHICAGO,AVE,10937.0,2026-09-24,Lonnie's Auto RebuildersAuto body repair shop on southeast corner of E Marquette Rd and S Chicago Avenue. Please ensure they have proper airpermits and BACP licensees and are only working during permitted hours.,DEPT. OF PUBLIC HEALTH,Complaint Valid,2026-09-25,41.77265366989697,-87.61480571024421,"{'type': 'Point', 'coordinates': [-87.614805710244, 41.772653669897]}",2026-09-24,Thursday,9,Greater Grand Crossing 1,564.2,Woodlawn,WOODLAWN
601895752,Air Pollution Work Order,8012 S VINCENNES AVE,8012,S,VINCENNES,AVE,470070.0,2026-09-25,Strong rotten smell in the area,DEPT. OF PUBLIC HEALTH,Referred to another agency,2026-09-28,41.74855195865325,-87.63494635831124,"{'type': 'Point', 'coordinates': [-87.634946358311, 41.748551958653]}",2026-09-25,Friday,9,Greater Grand Crossing 6,342.7,Chatham,"CHATHAM,BURNSIDE"
601895722,Air Pollution Work Order,10157 S HOXIE AVE,10157,S,HOXIE,AVE,249349.0,2026-09-25,,DEPT. OF PUBLIC HEALTH,Complaint Valid,2026-09-28,41.71009574886397,-87.56078360810402,"{'type': 'Point', 'coordinates': [-87.560783608104, 41.710095748864]}",2026-09-25,Friday,9,South Deering 2,767.0,South Deering,SOUTHEAST SIDE
601895744,Air Pollution Work Order,10002 S TORRENCE AVE,10002,S,TORRENCE,AVE,249349.0,2026-09-25,Foul smell coming from the plant on 100th and Torrence,DEPT. OF PUBLIC HEALTH,Complaint Valid,2026-09-28,41.71332321880152,-87.5598940526423,"{'type': 'Point', 'coordinates': [-87.559894052642, 41.713323218802]}",2026-09-25,Friday,9,South Deering 2,595.8,South Deering,SOUTHEAST SIDE
601895709,Air Pollution Work Order,12238 S CARPENTER ST,12238,S,CARPENTER,ST,10937.0,2026-09-25,,DEPT. OF PUBLIC HEALTH,Alleged violation not found,2026-09-28,41.67110127676352,-87.6479233855422,"{'type': 'Point', 'coordinates': [-87.647923385542, 41.671101276764]}",2026-09-25,Friday,9,West Pullman 1,736.4,West Pullman,WEST PULLMAN
601895808,Air Pollution Work Order,2801 S ELEANOR ST,2801,S,ELEANOR,ST,443615.0,2026-09-25,,DEPT. OF PUBLIC HEALTH,Alleged violation not found,2026-09-28,41.84373121118551,-87.66156676424463,"{'type': 'Point', 'coordinates': [-87.661566764245, 41.843731211186]}",2026-09-25,Friday,9,Lower West Side 4,718.5,Bridgeport,BRIDGEPORT
601896052,Air Pollution Work Order,838 N KEYSTONE AVE,838,N,KEYSTONE,AVE,379542.0,2026-09-26,"In this house they have an open fire in the back yard, smell like cardboard burning or garbage",DEPT. OF PUBLIC HEALTH,Resolved,2026-09-28,41.89655847613737,-87.72749785188763,"{'type': 'Point', 'coordinates': [-87.727497851888, 41.896558476137]}",2026-09-26,Saturday,9,Humboldt Park 4,912.6,Humboldt Park,HUMBOLDT PARK
601895726,Air Pollution Work Order,10016 S TORRENCE AVE,10016,S,TORRENCE,AVE,249349.0,2026-09-26,,DEPT. OF PUBLIC HEALTH,Complaint Valid,2026-09-28,41.71296852625356,-87.55988961990346,"{'type': 'Point', 'coordinates': [-87.559889619903, 41.712968526254]}",2026-09-26,Saturday,9,South Deering 2,597.8,South Deering,SOUTHEAST SIDE
601895778,Air Pollution Work Order,5511 N NAGLE AVE,5511,N,NAGLE,AVE,417337.0,2026-09-26,,DEPT. OF PUBLIC HEALTH,Alleged violation not found,2026-09-28,41.98146420868736,-87.7876161388865,"{'type': 'Point', 'coordinates': [-87.787616138886, 41.981464208687]}",2026-09-26,Saturday,9,Jefferson Park 3,813.1,Jefferson Park,JEFFERSON PARK
601896052,Air Pollution Work Order,838 N KEYSTONE AVE,838,N,KEYSTONE,AVE,379542.0,2026-09-26,"In this house they have an open fire in the back yard, smell like cardboard burning or garbage",DEPT. OF PUBLIC HEALTH,Resolved,2026-09-28,41.89655847613737,-87.72749785188763,"{'type': 'Point', 'coordinates': [-87.727497851888, 41.896558476137]}",2026-09-26,Saturday,9,Humboldt Park 4,912.6,Humboldt Park,HUMBOLDT PARK
601895773,Air Pollution Work Order,5528 W BELMONT AVE,5528,W,BELMONT,AVE,437489.0,2026-09-27,Caller says it's like a strong vinegar smell in the area.,DEPT. OF PUBLIC HEALTH,Alleged violation not found,2026-09-28,41.93870057111307,-87.76520937725708,"{'type': 'Point', 'coordinates': [-87.765209377257, 41.938700571113]}",2026-09-27,Sunday,9,Belmont Cragin 2,383.3,Portage Park,PORTAGE PARK
601895955,Air Pollution Work Order,1954 S CHRISTIANA AVE,1954,S,CHRISTIANA,AVE,443615.0,2026-09-27,type of location - residential,DEPT. OF PUBLIC HEALTH,Alleged violation not found,2026-09-28,41.85376137717928,-87.70910885073408,"{'type': 'Point', 'coordinates': [-87.709108850734, 41.853761377179]}",2026-09-27,Sunday,9,South Lawndale 1,505.5,North Lawndale,NORTH LAWNDALE
601896019,Air Pollution Work Order,1834 N DAMEN AVE,1834,N,DAMEN,AVE,417337.0,2026-09-27,This business constantly pollutes the air and the sidewalk/alley around it with hazardous materials,DEPT. OF PUBLIC HEALTH,Alleged violation founded,2026-10-28,41.91481458239673,-87.67770335860565,"{'type': 'Point', 'coordinates': [-87.677703358606, 41.914814582397]}",2026-09-27,Sunday,9,West Town 2,842.0,Bucktown,BUCKTOWN
601895760,Air Pollution Work Order,6250 S CLAREMONT AVE,6250,S,CLAREMONT,AVE,443615.0,2026-09-28,Saw cutting off scaffolding with no dust suppression systems in place at 6am. Dust traveling across 63rd St.,DEPT. OF PUBLIC HEALTH,Resolved,2026-09-28,41.77951525811116,-87.68249292653871,"{'type': 'Point', 'coordinates': [-87.682492926539, 41.779515258111]}",2026-09-28,Monday,9,Chicago Lawn 2,438.5,Chicago Lawn,"MARQUETTE PARK,GAGE PARK"
601896658,Air Pollution Work Order,3445 N ELAINE PL,3445,N,ELAINE,PL,249349.0,2026-09-28,"Caller states there is a strong chemical smell on block, does not know where it's coming from",DEPT. OF PUBLIC HEALTH,Alleged violation not found,2026-09-29,41.944955492134746,-87.64764266446778,"{'type': 'Point', 'coordinates': [-87.647642664468, 41.944955492135]}",2026-09-28,Monday,9,Lake View 2,662.3,Boystown,BOYSTOWN
601896724,Air Pollution Work Order,634 W ALDINE AVE,634,W,ALDINE,AVE,437489.0,2026-09-28,Demo at 634 W. Aldine not mitigating dust,DEPT. OF PUBLIC HEALTH,Alleged violation not found,2026-09-30,41.94195973691517,-87.64581584767723,"{'type': 'Point', 'coordinates': [-87.645815847677, 41.941959736915]}",2026-09-28,Monday,9,Lake View 2,999.5,Boystown,BOYSTOWN
601896709,Air Pollution Work Order,1800 N CAMPBELL AVE,1800,N,CAMPBELL,AVE,10937.0,2026-09-28,"There is a gas being emitted from the building. There is a heavy, sweet chemical solvent smell almost every day duringbusiness hours, Monday through Friday. It’s unclear why the city has allowed a sheet metal factory to operate in a residential area",DEPT. OF PUBLIC HEALTH,Complaint Valid,2026-09-29,41.91401328515676,-87.68990530626368,"{'type': 'Point', 'coordinates': [-87.689905306264, 41.914013285157]}",2026-09-28,Monday,9,West Town 1,634.5,Logan Square,LOGAN SQUARE
601895802,Air Pollution Work Order,2900 E 106TH ST,2900,E,106TH,ST,249349.0,2026-09-28,Smell outside is awful,DEPT. OF PUBLIC HEALTH,Complaint Valid,2026-09-28,41.70287574975593,-87.55357404462981,"{'type': 'Point', 'coordinates': [-87.55357404463, 41.702875749756]}",2026-09-28,Monday,9,South Deering 3,61.1,South Deering,SOUTHEAST SIDE
601883406,Air Pollution Work Order,443 W WRIGHTWOOD AVE,443,W,WRIGHTWOOD,AVE,376199.0,2026-09-29,,DEPT. OF PUBLIC HEALTH,Alleged violation not found,2026-09-01,41.9307453594304,-87.64084010657474,"{'type': 'Point', 'coordinates': [-87.640840106575, 41.93074535943]}",2026-09-29,Tuesday,9,Lake View 3,594.5,Lincoln Park,LINCOLN PARK
601896502,Air Pollution Work Order,9679 S CRANDON AVE,9679,S,CRANDON,AVE,13776.0,2026-09-29,,DEPT. OF PUBLIC HEALTH,Resolved,2026-09-29,41.719069542293376,-87.56682902064082,"{'type': 'Point', 'coordinates': [-87.566829020641, 41.719069542293]}",2026-09-29,Tuesday,9,South Deering 1,637.5,South Deering,SOUTHEAST SIDE
601897122,Air Pollution Work Order,5059 W WINNEMAC AVE,5059,W,WINNEMAC,AVE,443615.0,2026-09-29,decaying smell,DEPT. OF PUBLIC HEALTH,Resolved,2026-09-30,41.972396726,-87.75507372137506,"{'type': 'Point', 'coordinates': [-87.755073721375, 41.972396726]}",2026-09-29,Tuesday,9,Jefferson Park 2,748.8,Jefferson Park,JEFFERSON PARK
601896500,Air Pollution Work Order,520 S STATE ST,520,S,STATE,ST,417337.0,2026-09-30,,DEPT. OF PUBLIC HEALTH,Alleged violation not found,2026-09-30,41.87524726840689,-87.62776718558034,"{'type': 'Point', 'coordinates': [-87.62776718558, 41.875247268407]}",2026-09-30,Wednesday,9,Loop 2,976.9,Loop,LOOP
601897439,Air Pollution Work Order,4900 W POLK ST,4900,W,POLK,ST,417337.0,2026-10-01,THE CALLER STATED THAT THEY ARE SMELLING GAS REAL STRONG,DEPT. OF PUBLIC HEALTH,Alleged violation not found,2026-10-01,41.87034719635491,-87.74723128045771,"{'type': 'Point', 'coordinates': [-87.747231280458, 41.870347196355]}",2026-10-01,Thursday,10,Austin 5,649.2,Austin,AUSTIN
601897437,Air Pollution Work Order,4934 N LAVERGNE AVE,4934,N,LAVERGNE,AVE,417337.0,2026-10-01,A STRONG SMELL OF GAS IN THE ARE,DEPT. OF PUBLIC HEALTH,Alleged violation not found,2026-10-01,41.97086503807254,-87.7528645672087,"{'type': 'Point', 'coordinates': [-87.752864567209, 41.970865038073]}",2026-10-01,Thursday,10,Mayfair Collocation 1,737.6,Jefferson Park,JEFFERSON PARK
601898109,Air Pollution Work Order,4830 S WESTERN AVE,4830,S,WESTERN,AVE,443615.0,2026-10-02,Noticed a burning chemical smell when I got off the Orange line train at the Western stop at 6 pm. When I was leaving the area at 7:05 pm you could still smell the unpleasant odor. I also noticed the air over the&nbsp; soccer and football fields behind Brighton Park (park 596) field house looked hazy.,DEPT. OF PUBLIC HEALTH,Alleged violation not found,2026-10-05,41.80572437302936,-87.68449510888438,"{'type': 'Point', 'coordinates': [-87.684495108884, 41.805724373029]}",2026-10-02,Friday,10,Gage Park 2,389.9,Brighton Park,"BRIGHTON PARK,MCKINLEY PARK"
601898744,Air Pollution Work Order,135 W HARRISON ST,135,W,HARRISON,ST,443615.0,2026-10-03,"Per caller- building being renovated on the 4th floor, dust blowing out windows without any protection.",DEPT. OF PUBLIC HEALTH,Alleged violation not found,2026-10-05,41.874392204771375,-87.63186235671381,"{'type': 'Point', 'coordinates': [-87.631862356714, 41.874392204771]}",2026-10-03,Saturday,10,Loop 1,840.3,Loop,LOOP
